{
  "ProjectName": "Computer",
  "DLSVersion_LastSaved": "2.1.0",
  "DLSVersion_EarliestCompatible": "2.0.0",
  "CreationTime": "2025-04-12T19:52:38.859+01:00",
  "LastSaveTime": "2025-04-16T13:04:14.931+01:00",
  "Prefs_MainPinNamesDisplayMode": 0,
  "Prefs_ChipPinNamesDisplayMode": 1,
  "Prefs_SimPaused": false,
  "Prefs_SimTargetStepsPerSecond": 80,
  "Prefs_SimStepsPerClockTick": 20,
  "AllCustomChipNames":[
    "AND",
    "OR",
    "NOR",
    "NOT",
    "BUFFER",
    "XOR",
    "XNOR",
    "1 BIT",
    "SR LATCH",
    "DATA SET MEMORY",
    "4 AND",
    "2 BIT DECODER",
    "1 BIT MEM LOCATION",
    "4 OR",
    "4 x 1 BIT MEM LOCATION",
    "16 x 1 BIT MEM",
    "256 x 1 BIT MEM",
    "256 BYTE MEM DISP",
    "7 SEG DRIVER",
    "FULL ADDER",
    "DABBLE",
    "DOUBLE DABBLE 8BIT",
    "7 SEG 4 BIT",
    "8 BIT DISPLAY",
    "4BIT OR",
    "7 SEG ENABLE AND",
    "8BIT AND",
    "ROM READ",
    "HALF ADDER",
    "8 BIT MULTIPLIER",
    "DOUBLE DABBLE 16BIT",
    "256 BYTE MEM",
    "MOTHERBOARD",
    "16 BIT NUM DISP",
    "ROM READ OP",
    "ROM CTRL",
    "8BIT MEM",
    "4 x 8BIT",
    "PULSE",
    "RAM CTRL",
    "ON DISABLE SWITCH",
    "3 AND",
    "RAM LOGIC",
    "DEAD END",
    "DEAD BEGINNING",
    "ADDR CTRL",
    "8BIT OR",
    "DATA CTRL",
    "ADR CTRL",
    "4BIT AND",
    "RGB MEMORY TEST",
    "2 x 8BIT MEM",
    "ACC",
    "MUX 4B",
    "4BIT x2 OR",
    "8BIT TRI STATE",
    "TEST ",
    "D LATCH",
    "2x8BIT AND",
    "ACC LOGIC",
    "MONITOR MEM SELECT",
    "RGB MEM TEST 2",
    "RGB MEM SELECT",
    "COUNTER PART",
    "1",
    "8 BIT COUNTER",
    "TEST",
    "8BIT NOT",
    "8BIT INVERTER",
    "T FLIP FLOP",
    "5x4 DISP",
    "DISPLAY SELECT",
    "4BIT x2 AND",
    "4BIT x1 AND",
    "DISP COORD ENABLE",
    "4BIT x2 XNOR",
    "8BIT BLK",
    "4BLK",
    "TEST 2",
    "D FLIP FLOP",
    "COUNTER TEST",
    "D FLIP FLOP MS",
    "8BIT COUNTER",
    "D RECORD BIT",
    "8BIT DATA RECORD",
    "TOGGLE FLIP FLOP"
  ],
  "StarredList":[
    {
      "Name":"DABBLE",
      "IsCollection":true
    },
    {
      "Name":"MATH",
      "IsCollection":true
    },
    {
      "Name":"MEMORY",
      "IsCollection":true
    },
    {
      "Name":"SIMPLE",
      "IsCollection":true
    },
    {
      "Name":"OTHER",
      "IsCollection":true
    },
    {
      "Name":"BUS",
      "IsCollection":true
    },
    {
      "Name":"MERGE/SPLIT",
      "IsCollection":true
    },
    {
      "Name":"IN/OUT",
      "IsCollection":true
    },
    {
      "Name":"BASIC",
      "IsCollection":true
    },
    {
      "Name":"5x4 DISP",
      "IsCollection":false
    },
    {
      "Name":"DISPLAY",
      "IsCollection":true
    },
    {
      "Name":"DISPLAY SELECT",
      "IsCollection":false
    },
    {
      "Name":"4BIT x2 XNOR",
      "IsCollection":false
    },
    {
      "Name":"8BIT BLK",
      "IsCollection":false
    },
    {
      "Name":"4BLK",
      "IsCollection":false
    },
    {
      "Name":"TEST 2",
      "IsCollection":false
    },
    {
      "Name":"D FLIP FLOP",
      "IsCollection":false
    },
    {
      "Name":"COUNTER TEST",
      "IsCollection":false
    },
    {
      "Name":"D FLIP FLOP MS",
      "IsCollection":false
    },
    {
      "Name":"8BIT COUNTER",
      "IsCollection":false
    },
    {
      "Name":"D RECORD BIT",
      "IsCollection":false
    },
    {
      "Name":"8BIT DATA RECORD",
      "IsCollection":false
    },
    {
      "Name":"TOGGLE FLIP FLOP",
      "IsCollection":false
    }
  ],
  "ChipCollections":[
    {
      "Chips":["NAND","CLOCK","KEY","3-STATE BUFFER"],
      "IsToggledOpen":false,
      "Name":"BASIC"
    },
    {
      "Chips":["IN-1","IN-4","IN-8","OUT-1","OUT-4","OUT-8"],
      "IsToggledOpen":false,
      "Name":"IN/OUT"
    },
    {
      "Chips":["1-4BIT","1-8BIT","4-8BIT","4-1BIT","8-4BIT","8-1BIT"],
      "IsToggledOpen":false,
      "Name":"MERGE/SPLIT"
    },
    {
      "Chips":["BUS-1","BUS-4","BUS-8"],
      "IsToggledOpen":false,
      "Name":"BUS"
    },
    {
      "Chips":["DOT DISPLAY","RGB DISPLAY","7 SEG DRIVER","7-SEGMENT","7 SEG 4 BIT","8 BIT DISPLAY","16 BIT NUM DISP"],
      "IsToggledOpen":false,
      "Name":"DISPLAY"
    },
    {
      "Chips":["SR LATCH","7 SEG ENABLE AND","MOTHERBOARD","4 x 8BIT","PULSE","ON DISABLE SWITCH","3 AND","DEAD END","DEAD BEGINNING","ADDR CTRL","8BIT OR","DATA CTRL","ADR CTRL","2 x 8BIT MEM","ACC","8BIT TRI STATE","TEST ","D LATCH","ACC LOGIC","MONITOR MEM SELECT","RGB MEM TEST 2","RGB MEM SELECT","COUNTER PART","1","8 BIT COUNTER","TEST","8BIT NOT","8BIT INVERTER","T FLIP FLOP","5x4 DISP","DISPLAY SELECT","4BIT x2 AND","4BIT x1 AND","DISP COORD ENABLE","4BIT x2 XNOR","8BIT BLK","4BLK","TEST 2","D FLIP FLOP","COUNTER TEST","D FLIP FLOP MS","8BIT COUNTER","D RECORD BIT","8BIT DATA RECORD","TOGGLE FLIP FLOP"],
      "IsToggledOpen":true,
      "Name":"OTHER"
    },
    {
      "Chips":["MUX 4B","4BIT x2 OR","2x8BIT AND","4BIT AND","8BIT AND","4BIT OR","4 OR","4 AND","XNOR","XOR","BUFFER","NOT","NOR","OR","AND"],
      "IsToggledOpen":false,
      "Name":"SIMPLE"
    },
    {
      "Chips":["RGB MEMORY TEST","8BIT MEM","ROM READ OP","ROM CTRL","RAM CTRL","RAM LOGIC","ROM READ","256 BYTE MEM","ROM 256×16","256 BYTE MEM DISP","256 x 1 BIT MEM","16 x 1 BIT MEM","4 x 1 BIT MEM LOCATION","1 BIT MEM LOCATION","2 BIT DECODER","DATA SET MEMORY","1 BIT"],
      "IsToggledOpen":false,
      "Name":"MEMORY"
    },
    {
      "Chips":["8 BIT MULTIPLIER","HALF ADDER","FULL ADDER"],
      "IsToggledOpen":false,
      "Name":"MATH"
    },
    {
      "Chips":["DOUBLE DABBLE 16BIT","DABBLE","DOUBLE DABBLE 8BIT"],
      "IsToggledOpen":false,
      "Name":"DABBLE"
    }
  ]
}