{
  "ChipType": 0,
  "Colour": {
    "r": 0.81632024,
    "g": 0.5793547,
    "b": 0.3093197,
    "a": 1
  },
  "Displays": null,
  "InputPins":[
    {
      "Name":"DATA",
      "ID":1635555669,
      "Position":{
        "x":-12.33609,
        "y":4.19216
      },
      "BitCount":4,
      "Colour":0,
      "ValueDisplayMode":1
    },
    {
      "Name":"CLOCK",
      "ID":1164629150,
      "Position":{
        "x":-12.37523,
        "y":3.58588
      },
      "BitCount":1,
      "Colour":0,
      "ValueDisplayMode":0
    },
    {
      "Name":"READ/WRITE",
      "ID":1352608285,
      "Position":{
        "x":-12.37521,
        "y":3.06252
      },
      "BitCount":1,
      "Colour":0,
      "ValueDisplayMode":0
    },
    {
      "Name":"ENABLE",
      "ID":1461551357,
      "Position":{
        "x":-12.375,
        "y":2.5625
      },
      "BitCount":1,
      "Colour":0,
      "ValueDisplayMode":0
    },
    {
      "Name":"ADR",
      "ID":150133593,
      "Position":{
        "x":-12.39569,
        "y":0.51986
      },
      "BitCount":4,
      "Colour":0,
      "ValueDisplayMode":1
    },
    {
      "Name":"ENABLE X",
      "ID":388486506,
      "Position":{
        "x":-13.38374,
        "y":-1.5062
      },
      "BitCount":1,
      "Colour":0,
      "ValueDisplayMode":0
    },
    {
      "Name":"ENABLE Y",
      "ID":2130883692,
      "Position":{
        "x":-13.38374,
        "y":-2.0212
      },
      "BitCount":1,
      "Colour":0,
      "ValueDisplayMode":0
    }
  ],
  "Name": "16x 4BIT MEM LOCATION",
  "NameLocation": 0,
  "OutputPins":[
    {
      "Name":"OUT",
      "ID":309057269,
      "Position":{
        "x":9.36386,
        "y":0.57989
      },
      "BitCount":4,
      "Colour":0,
      "ValueDisplayMode":0
    }
  ],
  "Size": {
    "x": 1.925,
    "y": 2.0
  },
  "SubChips":[
    {
      "Name":"4 BIT MEM LOCATION",
      "ID":44471732,
      "Label":"",
      "Position":{
        "x":-6.19222,
        "y":3.02054
      },
      "OutputPinColourInfo":[{"PinColour":0,"PinID":480798168}],
      "InternalData":null
    },
    {
      "Name":"4 BIT MEM LOCATION",
      "ID":92360112,
      "Label":"",
      "Position":{
        "x":-6.20648,
        "y":1.48703
      },
      "OutputPinColourInfo":[{"PinColour":0,"PinID":480798168}],
      "InternalData":null
    },
    {
      "Name":"4 BIT MEM LOCATION",
      "ID":177136061,
      "Label":"",
      "Position":{
        "x":-6.17797,
        "y":-0.01797
      },
      "OutputPinColourInfo":[{"PinColour":0,"PinID":480798168}],
      "InternalData":null
    },
    {
      "Name":"4 BIT MEM LOCATION",
      "ID":142103167,
      "Label":"",
      "Position":{
        "x":-6.17797,
        "y":-1.52297
      },
      "OutputPinColourInfo":[{"PinColour":0,"PinID":480798168}],
      "InternalData":null
    },
    {
      "Name":"4 BIT MEM LOCATION",
      "ID":1463124132,
      "Label":"",
      "Position":{
        "x":-2.37427,
        "y":2.99203
      },
      "OutputPinColourInfo":[{"PinColour":0,"PinID":480798168}],
      "InternalData":null
    },
    {
      "Name":"4 BIT MEM LOCATION",
      "ID":1749831079,
      "Label":"",
      "Position":{
        "x":-2.37427,
        "y":1.48703
      },
      "OutputPinColourInfo":[{"PinColour":0,"PinID":480798168}],
      "InternalData":null
    },
    {
      "Name":"4 BIT MEM LOCATION",
      "ID":955556375,
      "Label":"",
      "Position":{
        "x":-2.38742,
        "y":-0.00481
      },
      "OutputPinColourInfo":[{"PinColour":0,"PinID":480798168}],
      "InternalData":null
    },
    {
      "Name":"4 BIT MEM LOCATION",
      "ID":1487440662,
      "Label":"",
      "Position":{
        "x":-2.37427,
        "y":-1.52297
      },
      "OutputPinColourInfo":[{"PinColour":0,"PinID":480798168}],
      "InternalData":null
    },
    {
      "Name":"4 BIT MEM LOCATION",
      "ID":78145921,
      "Label":"",
      "Position":{
        "x":1.69109,
        "y":2.93783
      },
      "OutputPinColourInfo":[{"PinColour":0,"PinID":480798168}],
      "InternalData":null
    },
    {
      "Name":"4 BIT MEM LOCATION",
      "ID":858028581,
      "Label":"",
      "Position":{
        "x":1.69109,
        "y":1.43283
      },
      "OutputPinColourInfo":[{"PinColour":0,"PinID":480798168}],
      "InternalData":null
    },
    {
      "Name":"4 BIT MEM LOCATION",
      "ID":102932331,
      "Label":"",
      "Position":{
        "x":1.69109,
        "y":-0.07217
      },
      "OutputPinColourInfo":[{"PinColour":0,"PinID":480798168}],
      "InternalData":null
    },
    {
      "Name":"4 BIT MEM LOCATION",
      "ID":320211325,
      "Label":"",
      "Position":{
        "x":1.69109,
        "y":-1.57717
      },
      "OutputPinColourInfo":[{"PinColour":0,"PinID":480798168}],
      "InternalData":null
    },
    {
      "Name":"4 BIT MEM LOCATION",
      "ID":524479621,
      "Label":"",
      "Position":{
        "x":5.75644,
        "y":2.82942
      },
      "OutputPinColourInfo":[{"PinColour":0,"PinID":480798168}],
      "InternalData":null
    },
    {
      "Name":"4 BIT MEM LOCATION",
      "ID":1069738631,
      "Label":"",
      "Position":{
        "x":5.75644,
        "y":1.32442
      },
      "OutputPinColourInfo":[{"PinColour":0,"PinID":480798168}],
      "InternalData":null
    },
    {
      "Name":"4 BIT MEM LOCATION",
      "ID":1790644763,
      "Label":"",
      "Position":{
        "x":5.75644,
        "y":-0.18058
      },
      "OutputPinColourInfo":[{"PinColour":0,"PinID":480798168}],
      "InternalData":null
    },
    {
      "Name":"4 BIT MEM LOCATION",
      "ID":927794559,
      "Label":"",
      "Position":{
        "x":5.75644,
        "y":-1.68558
      },
      "OutputPinColourInfo":[{"PinColour":0,"PinID":480798168}],
      "InternalData":null
    },
    {
      "Name":"4 x 4 BUS OR",
      "ID":881538061,
      "Label":"",
      "Position":{
        "x":7.41471,
        "y":0.57439
      },
      "OutputPinColourInfo":[{"PinColour":0,"PinID":1996340301}],
      "InternalData":null
    },
    {
      "Name":"4 x 4 BUS OR",
      "ID":360082488,
      "Label":"",
      "Position":{
        "x":3.3473,
        "y":0.76348
      },
      "OutputPinColourInfo":[{"PinColour":0,"PinID":1996340301}],
      "InternalData":null
    },
    {
      "Name":"4 x 4 BUS OR",
      "ID":1189902419,
      "Label":"",
      "Position":{
        "x":-0.75189,
        "y":0.63755
      },
      "OutputPinColourInfo":[{"PinColour":0,"PinID":1996340301}],
      "InternalData":null
    },
    {
      "Name":"4 x 4 BUS OR",
      "ID":1136836177,
      "Label":"",
      "Position":{
        "x":-4.54535,
        "y":0.67009
      },
      "OutputPinColourInfo":[{"PinColour":0,"PinID":1996340301}],
      "InternalData":null
    },
    {
      "Name":"4 x 4 BUS OR",
      "ID":1814284919,
      "Label":"",
      "Position":{
        "x":7.4431,
        "y":2.21486
      },
      "OutputPinColourInfo":[{"PinColour":0,"PinID":1996340301}],
      "InternalData":null
    },
    {
      "Name":"2 BIT DECODER",
      "ID":807368425,
      "Label":"",
      "Position":{
        "x":-8.43796,
        "y":1.26085
      },
      "OutputPinColourInfo":[{"PinColour":0,"PinID":1402873771},{"PinColour":0,"PinID":169939261},{"PinColour":0,"PinID":107447609},{"PinColour":0,"PinID":1420861428}],
      "InternalData":null
    },
    {
      "Name":"2 BIT DECODER",
      "ID":222926119,
      "Label":"",
      "Position":{
        "x":-8.43796,
        "y":0.10342
      },
      "OutputPinColourInfo":[{"PinColour":0,"PinID":1402873771},{"PinColour":0,"PinID":169939261},{"PinColour":0,"PinID":107447609},{"PinColour":0,"PinID":1420861428}],
      "InternalData":null
    },
    {
      "Name":"4-1BIT",
      "ID":1013582196,
      "Label":"",
      "Position":{
        "x":-10.10137,
        "y":0.51185
      },
      "OutputPinColourInfo":[{"PinColour":0,"PinID":1},{"PinColour":0,"PinID":2},{"PinColour":0,"PinID":3},{"PinColour":0,"PinID":4}],
      "InternalData":null
    },
    {
      "Name":"AND",
      "ID":593674946,
      "Label":"",
      "Position":{
        "x":-10.99485,
        "y":-1.89414
      },
      "OutputPinColourInfo":[{"PinColour":0,"PinID":2083071430}],
      "InternalData":null
    },
    {
      "Name":"AND",
      "ID":578735499,
      "Label":"",
      "Position":{
        "x":-9.89228,
        "y":2.41404
      },
      "OutputPinColourInfo":[{"PinColour":0,"PinID":2083071430}],
      "InternalData":null
    },
    {
      "Name":"AND",
      "ID":1900232545,
      "Label":"",
      "Position":{
        "x":-9.79019,
        "y":3.53702
      },
      "OutputPinColourInfo":[{"PinColour":0,"PinID":2083071430}],
      "InternalData":null
    }
  ],
  "Wires":[
    {
      "SourcePinAddress":{
        "PinID":480798168,
        "PinOwnerID":927794559
      },
      "TargetPinAddress":{
        "PinID":125503212,
        "PinOwnerID":881538061
      },
      "ConnectionType":0,
      "ConnectedWireIndex":-1,
      "ConnectedWireSegmentIndex":-1,
      "Points":[{"x":0.0,"y":0.0},{"x":0.0,"y":0.0}]
    },
    {
      "SourcePinAddress":{
        "PinID":480798168,
        "PinOwnerID":1790644763
      },
      "TargetPinAddress":{
        "PinID":565622567,
        "PinOwnerID":881538061
      },
      "ConnectionType":0,
      "ConnectedWireIndex":-1,
      "ConnectedWireSegmentIndex":-1,
      "Points":[{"x":0.0,"y":0.0},{"x":0.0,"y":0.0}]
    },
    {
      "SourcePinAddress":{
        "PinID":480798168,
        "PinOwnerID":1069738631
      },
      "TargetPinAddress":{
        "PinID":1256989262,
        "PinOwnerID":881538061
      },
      "ConnectionType":0,
      "ConnectedWireIndex":-1,
      "ConnectedWireSegmentIndex":-1,
      "Points":[{"x":0.0,"y":0.0},{"x":0.0,"y":0.0}]
    },
    {
      "SourcePinAddress":{
        "PinID":480798168,
        "PinOwnerID":524479621
      },
      "TargetPinAddress":{
        "PinID":1397080017,
        "PinOwnerID":881538061
      },
      "ConnectionType":0,
      "ConnectedWireIndex":-1,
      "ConnectedWireSegmentIndex":-1,
      "Points":[{"x":0.0,"y":0.0},{"x":0.0,"y":0.0}]
    },
    {
      "SourcePinAddress":{
        "PinID":480798168,
        "PinOwnerID":320211325
      },
      "TargetPinAddress":{
        "PinID":125503212,
        "PinOwnerID":360082488
      },
      "ConnectionType":0,
      "ConnectedWireIndex":-1,
      "ConnectedWireSegmentIndex":-1,
      "Points":[{"x":0.0,"y":0.0},{"x":0.0,"y":0.0}]
    },
    {
      "SourcePinAddress":{
        "PinID":480798168,
        "PinOwnerID":102932331
      },
      "TargetPinAddress":{
        "PinID":565622567,
        "PinOwnerID":360082488
      },
      "ConnectionType":0,
      "ConnectedWireIndex":-1,
      "ConnectedWireSegmentIndex":-1,
      "Points":[{"x":0.0,"y":0.0},{"x":0.0,"y":0.0}]
    },
    {
      "SourcePinAddress":{
        "PinID":480798168,
        "PinOwnerID":858028581
      },
      "TargetPinAddress":{
        "PinID":1256989262,
        "PinOwnerID":360082488
      },
      "ConnectionType":0,
      "ConnectedWireIndex":-1,
      "ConnectedWireSegmentIndex":-1,
      "Points":[{"x":0.0,"y":0.0},{"x":0.0,"y":0.0}]
    },
    {
      "SourcePinAddress":{
        "PinID":480798168,
        "PinOwnerID":78145921
      },
      "TargetPinAddress":{
        "PinID":1397080017,
        "PinOwnerID":360082488
      },
      "ConnectionType":0,
      "ConnectedWireIndex":-1,
      "ConnectedWireSegmentIndex":-1,
      "Points":[{"x":0.0,"y":0.0},{"x":0.0,"y":0.0}]
    },
    {
      "SourcePinAddress":{
        "PinID":480798168,
        "PinOwnerID":1487440662
      },
      "TargetPinAddress":{
        "PinID":125503212,
        "PinOwnerID":1189902419
      },
      "ConnectionType":0,
      "ConnectedWireIndex":-1,
      "ConnectedWireSegmentIndex":-1,
      "Points":[{"x":0.0,"y":0.0},{"x":0.0,"y":0.0}]
    },
    {
      "SourcePinAddress":{
        "PinID":480798168,
        "PinOwnerID":955556375
      },
      "TargetPinAddress":{
        "PinID":565622567,
        "PinOwnerID":1189902419
      },
      "ConnectionType":0,
      "ConnectedWireIndex":-1,
      "ConnectedWireSegmentIndex":-1,
      "Points":[{"x":0.0,"y":0.0},{"x":0.0,"y":0.0}]
    },
    {
      "SourcePinAddress":{
        "PinID":480798168,
        "PinOwnerID":1749831079
      },
      "TargetPinAddress":{
        "PinID":1256989262,
        "PinOwnerID":1189902419
      },
      "ConnectionType":0,
      "ConnectedWireIndex":-1,
      "ConnectedWireSegmentIndex":-1,
      "Points":[{"x":0.0,"y":0.0},{"x":0.0,"y":0.0}]
    },
    {
      "SourcePinAddress":{
        "PinID":480798168,
        "PinOwnerID":1463124132
      },
      "TargetPinAddress":{
        "PinID":1397080017,
        "PinOwnerID":1189902419
      },
      "ConnectionType":0,
      "ConnectedWireIndex":-1,
      "ConnectedWireSegmentIndex":-1,
      "Points":[{"x":0.0,"y":0.0},{"x":0.0,"y":0.0}]
    },
    {
      "SourcePinAddress":{
        "PinID":480798168,
        "PinOwnerID":142103167
      },
      "TargetPinAddress":{
        "PinID":125503212,
        "PinOwnerID":1136836177
      },
      "ConnectionType":0,
      "ConnectedWireIndex":-1,
      "ConnectedWireSegmentIndex":-1,
      "Points":[{"x":0.0,"y":0.0},{"x":0.0,"y":0.0}]
    },
    {
      "SourcePinAddress":{
        "PinID":480798168,
        "PinOwnerID":177136061
      },
      "TargetPinAddress":{
        "PinID":565622567,
        "PinOwnerID":1136836177
      },
      "ConnectionType":0,
      "ConnectedWireIndex":-1,
      "ConnectedWireSegmentIndex":-1,
      "Points":[{"x":0.0,"y":0.0},{"x":0.0,"y":0.0}]
    },
    {
      "SourcePinAddress":{
        "PinID":480798168,
        "PinOwnerID":92360112
      },
      "TargetPinAddress":{
        "PinID":1256989262,
        "PinOwnerID":1136836177
      },
      "ConnectionType":0,
      "ConnectedWireIndex":-1,
      "ConnectedWireSegmentIndex":-1,
      "Points":[{"x":0.0,"y":0.0},{"x":0.0,"y":0.0}]
    },
    {
      "SourcePinAddress":{
        "PinID":480798168,
        "PinOwnerID":44471732
      },
      "TargetPinAddress":{
        "PinID":1397080017,
        "PinOwnerID":1136836177
      },
      "ConnectionType":0,
      "ConnectedWireIndex":-1,
      "ConnectedWireSegmentIndex":-1,
      "Points":[{"x":0.0,"y":0.0},{"x":0.0,"y":0.0}]
    },
    {
      "SourcePinAddress":{
        "PinID":1996340301,
        "PinOwnerID":1136836177
      },
      "TargetPinAddress":{
        "PinID":1397080017,
        "PinOwnerID":1814284919
      },
      "ConnectionType":0,
      "ConnectedWireIndex":-1,
      "ConnectedWireSegmentIndex":-1,
      "Points":[{"x":0.0,"y":0.0},{"x":0.0,"y":0.0}]
    },
    {
      "SourcePinAddress":{
        "PinID":1996340301,
        "PinOwnerID":1189902419
      },
      "TargetPinAddress":{
        "PinID":1256989262,
        "PinOwnerID":1814284919
      },
      "ConnectionType":0,
      "ConnectedWireIndex":-1,
      "ConnectedWireSegmentIndex":-1,
      "Points":[{"x":0.0,"y":0.0},{"x":0.0,"y":0.0}]
    },
    {
      "SourcePinAddress":{
        "PinID":1996340301,
        "PinOwnerID":360082488
      },
      "TargetPinAddress":{
        "PinID":565622567,
        "PinOwnerID":1814284919
      },
      "ConnectionType":0,
      "ConnectedWireIndex":-1,
      "ConnectedWireSegmentIndex":-1,
      "Points":[{"x":0.0,"y":0.0},{"x":0.0,"y":0.0}]
    },
    {
      "SourcePinAddress":{
        "PinID":1996340301,
        "PinOwnerID":881538061
      },
      "TargetPinAddress":{
        "PinID":125503212,
        "PinOwnerID":1814284919
      },
      "ConnectionType":0,
      "ConnectedWireIndex":-1,
      "ConnectedWireSegmentIndex":-1,
      "Points":[{"x":0.0,"y":0.0},{"x":0.0,"y":0.0}]
    },
    {
      "SourcePinAddress":{
        "PinID":1996340301,
        "PinOwnerID":1814284919
      },
      "TargetPinAddress":{
        "PinID":0,
        "PinOwnerID":309057269
      },
      "ConnectionType":0,
      "ConnectedWireIndex":-1,
      "ConnectedWireSegmentIndex":-1,
      "Points":[{"x":0.0,"y":0.0},{"x":0.0,"y":0.0}]
    },
    {
      "SourcePinAddress":{
        "PinID":0,
        "PinOwnerID":1635555669
      },
      "TargetPinAddress":{
        "PinID":62509364,
        "PinOwnerID":927794559
      },
      "ConnectionType":0,
      "ConnectedWireIndex":-1,
      "ConnectedWireSegmentIndex":-1,
      "Points":[{"x":0.0,"y":0.0},{"x":-9.125,"y":4.1875},{"x":4.53849,"y":4.1875},{"x":4.53849,"y":-1.18558},{"x":0.0,"y":0.0}]
    },
    {
      "SourcePinAddress":{
        "PinID":0,
        "PinOwnerID":1635555669
      },
      "TargetPinAddress":{
        "PinID":62509364,
        "PinOwnerID":1790644763
      },
      "ConnectionType":1,
      "ConnectedWireIndex":21,
      "ConnectedWireSegmentIndex":2,
      "Points":[{"x":4.53849,"y":0.31942},{"x":0.0,"y":0.0}]
    },
    {
      "SourcePinAddress":{
        "PinID":0,
        "PinOwnerID":1635555669
      },
      "TargetPinAddress":{
        "PinID":62509364,
        "PinOwnerID":1069738631
      },
      "ConnectionType":1,
      "ConnectedWireIndex":21,
      "ConnectedWireSegmentIndex":2,
      "Points":[{"x":4.53849,"y":1.82442},{"x":0.0,"y":0.0}]
    },
    {
      "SourcePinAddress":{
        "PinID":0,
        "PinOwnerID":1635555669
      },
      "TargetPinAddress":{
        "PinID":62509364,
        "PinOwnerID":524479621
      },
      "ConnectionType":1,
      "ConnectedWireIndex":21,
      "ConnectedWireSegmentIndex":2,
      "Points":[{"x":4.53849,"y":3.32942},{"x":0.0,"y":0.0}]
    },
    {
      "SourcePinAddress":{
        "PinID":0,
        "PinOwnerID":1635555669
      },
      "TargetPinAddress":{
        "PinID":62509364,
        "PinOwnerID":320211325
      },
      "ConnectionType":1,
      "ConnectedWireIndex":21,
      "ConnectedWireSegmentIndex":1,
      "Points":[{"x":0.397,"y":4.1875},{"x":0.397,"y":-1.08049},{"x":0.0,"y":0.0}]
    },
    {
      "SourcePinAddress":{
        "PinID":0,
        "PinOwnerID":1635555669
      },
      "TargetPinAddress":{
        "PinID":62509364,
        "PinOwnerID":102932331
      },
      "ConnectionType":1,
      "ConnectedWireIndex":25,
      "ConnectedWireSegmentIndex":0,
      "Points":[{"x":0.397,"y":0.42783},{"x":0.0,"y":0.0}]
    },
    {
      "SourcePinAddress":{
        "PinID":0,
        "PinOwnerID":1635555669
      },
      "TargetPinAddress":{
        "PinID":62509364,
        "PinOwnerID":858028581
      },
      "ConnectionType":1,
      "ConnectedWireIndex":25,
      "ConnectedWireSegmentIndex":0,
      "Points":[{"x":0.397,"y":1.93283},{"x":0.0,"y":0.0}]
    },
    {
      "SourcePinAddress":{
        "PinID":0,
        "PinOwnerID":1635555669
      },
      "TargetPinAddress":{
        "PinID":62509364,
        "PinOwnerID":78145921
      },
      "ConnectionType":1,
      "ConnectedWireIndex":25,
      "ConnectedWireSegmentIndex":0,
      "Points":[{"x":0.397,"y":3.43783},{"x":0.0,"y":0.0}]
    },
    {
      "SourcePinAddress":{
        "PinID":0,
        "PinOwnerID":1635555669
      },
      "TargetPinAddress":{
        "PinID":62509364,
        "PinOwnerID":1487440662
      },
      "ConnectionType":1,
      "ConnectedWireIndex":21,
      "ConnectedWireSegmentIndex":1,
      "Points":[{"x":-3.68962,"y":4.1875},{"x":-3.68962,"y":-1.02297},{"x":0.0,"y":0.0}]
    },
    {
      "SourcePinAddress":{
        "PinID":0,
        "PinOwnerID":1635555669
      },
      "TargetPinAddress":{
        "PinID":62509364,
        "PinOwnerID":955556375
      },
      "ConnectionType":1,
      "ConnectedWireIndex":29,
      "ConnectedWireSegmentIndex":0,
      "Points":[{"x":-3.68962,"y":0.48203},{"x":0.0,"y":0.0}]
    },
    {
      "SourcePinAddress":{
        "PinID":0,
        "PinOwnerID":1635555669
      },
      "TargetPinAddress":{
        "PinID":62509364,
        "PinOwnerID":1749831079
      },
      "ConnectionType":1,
      "ConnectedWireIndex":29,
      "ConnectedWireSegmentIndex":0,
      "Points":[{"x":-3.68962,"y":1.98703},{"x":0.0,"y":0.0}]
    },
    {
      "SourcePinAddress":{
        "PinID":0,
        "PinOwnerID":1635555669
      },
      "TargetPinAddress":{
        "PinID":62509364,
        "PinOwnerID":1463124132
      },
      "ConnectionType":1,
      "ConnectedWireIndex":29,
      "ConnectedWireSegmentIndex":0,
      "Points":[{"x":-3.68962,"y":3.49203},{"x":0.0,"y":0.0}]
    },
    {
      "SourcePinAddress":{
        "PinID":0,
        "PinOwnerID":1635555669
      },
      "TargetPinAddress":{
        "PinID":62509364,
        "PinOwnerID":142103167
      },
      "ConnectionType":1,
      "ConnectedWireIndex":21,
      "ConnectedWireSegmentIndex":1,
      "Points":[{"x":-7.39227,"y":4.1875},{"x":-7.39227,"y":-1.02297},{"x":0.0,"y":0.0}]
    },
    {
      "SourcePinAddress":{
        "PinID":0,
        "PinOwnerID":1635555669
      },
      "TargetPinAddress":{
        "PinID":62509364,
        "PinOwnerID":44471732
      },
      "ConnectionType":1,
      "ConnectedWireIndex":33,
      "ConnectedWireSegmentIndex":0,
      "Points":[{"x":-7.39227,"y":3.49203},{"x":0.0,"y":0.0}]
    },
    {
      "SourcePinAddress":{
        "PinID":0,
        "PinOwnerID":1635555669
      },
      "TargetPinAddress":{
        "PinID":62509364,
        "PinOwnerID":92360112
      },
      "ConnectionType":1,
      "ConnectedWireIndex":33,
      "ConnectedWireSegmentIndex":0,
      "Points":[{"x":-7.39227,"y":1.98703},{"x":0.0,"y":0.0}]
    },
    {
      "SourcePinAddress":{
        "PinID":0,
        "PinOwnerID":1635555669
      },
      "TargetPinAddress":{
        "PinID":62509364,
        "PinOwnerID":177136061
      },
      "ConnectionType":1,
      "ConnectedWireIndex":33,
      "ConnectedWireSegmentIndex":0,
      "Points":[{"x":-7.39227,"y":0.48203},{"x":0.0,"y":0.0}]
    },
    {
      "SourcePinAddress":{
        "PinID":1402873771,
        "PinOwnerID":807368425
      },
      "TargetPinAddress":{
        "PinID":891437581,
        "PinOwnerID":142103167
      },
      "ConnectionType":0,
      "ConnectedWireIndex":-1,
      "ConnectedWireSegmentIndex":-1,
      "Points":[{"x":0.0,"y":0.0},{"x":0.0,"y":0.0}]
    },
    {
      "SourcePinAddress":{
        "PinID":1402873771,
        "PinOwnerID":807368425
      },
      "TargetPinAddress":{
        "PinID":891437581,
        "PinOwnerID":177136061
      },
      "ConnectionType":0,
      "ConnectedWireIndex":-1,
      "ConnectedWireSegmentIndex":-1,
      "Points":[{"x":0.0,"y":0.0},{"x":0.0,"y":0.0}]
    },
    {
      "SourcePinAddress":{
        "PinID":1402873771,
        "PinOwnerID":807368425
      },
      "TargetPinAddress":{
        "PinID":891437581,
        "PinOwnerID":92360112
      },
      "ConnectionType":0,
      "ConnectedWireIndex":-1,
      "ConnectedWireSegmentIndex":-1,
      "Points":[{"x":0.0,"y":0.0},{"x":0.0,"y":0.0}]
    },
    {
      "SourcePinAddress":{
        "PinID":1402873771,
        "PinOwnerID":807368425
      },
      "TargetPinAddress":{
        "PinID":891437581,
        "PinOwnerID":44471732
      },
      "ConnectionType":0,
      "ConnectedWireIndex":-1,
      "ConnectedWireSegmentIndex":-1,
      "Points":[{"x":0.0,"y":0.0},{"x":0.0,"y":0.0}]
    },
    {
      "SourcePinAddress":{
        "PinID":169939261,
        "PinOwnerID":807368425
      },
      "TargetPinAddress":{
        "PinID":891437581,
        "PinOwnerID":1463124132
      },
      "ConnectionType":0,
      "ConnectedWireIndex":-1,
      "ConnectedWireSegmentIndex":-1,
      "Points":[{"x":0.0,"y":0.0},{"x":0.0,"y":0.0}]
    },
    {
      "SourcePinAddress":{
        "PinID":169939261,
        "PinOwnerID":807368425
      },
      "TargetPinAddress":{
        "PinID":891437581,
        "PinOwnerID":1749831079
      },
      "ConnectionType":0,
      "ConnectedWireIndex":-1,
      "ConnectedWireSegmentIndex":-1,
      "Points":[{"x":0.0,"y":0.0},{"x":0.0,"y":0.0}]
    },
    {
      "SourcePinAddress":{
        "PinID":169939261,
        "PinOwnerID":807368425
      },
      "TargetPinAddress":{
        "PinID":891437581,
        "PinOwnerID":955556375
      },
      "ConnectionType":0,
      "ConnectedWireIndex":-1,
      "ConnectedWireSegmentIndex":-1,
      "Points":[{"x":0.0,"y":0.0},{"x":0.0,"y":0.0}]
    },
    {
      "SourcePinAddress":{
        "PinID":169939261,
        "PinOwnerID":807368425
      },
      "TargetPinAddress":{
        "PinID":891437581,
        "PinOwnerID":1487440662
      },
      "ConnectionType":0,
      "ConnectedWireIndex":-1,
      "ConnectedWireSegmentIndex":-1,
      "Points":[{"x":0.0,"y":0.0},{"x":0.0,"y":0.0}]
    },
    {
      "SourcePinAddress":{
        "PinID":107447609,
        "PinOwnerID":807368425
      },
      "TargetPinAddress":{
        "PinID":891437581,
        "PinOwnerID":320211325
      },
      "ConnectionType":0,
      "ConnectedWireIndex":-1,
      "ConnectedWireSegmentIndex":-1,
      "Points":[{"x":0.0,"y":0.0},{"x":0.0,"y":0.0}]
    },
    {
      "SourcePinAddress":{
        "PinID":107447609,
        "PinOwnerID":807368425
      },
      "TargetPinAddress":{
        "PinID":891437581,
        "PinOwnerID":102932331
      },
      "ConnectionType":0,
      "ConnectedWireIndex":-1,
      "ConnectedWireSegmentIndex":-1,
      "Points":[{"x":0.0,"y":0.0},{"x":0.0,"y":0.0}]
    },
    {
      "SourcePinAddress":{
        "PinID":107447609,
        "PinOwnerID":807368425
      },
      "TargetPinAddress":{
        "PinID":891437581,
        "PinOwnerID":858028581
      },
      "ConnectionType":0,
      "ConnectedWireIndex":-1,
      "ConnectedWireSegmentIndex":-1,
      "Points":[{"x":0.0,"y":0.0},{"x":0.0,"y":0.0}]
    },
    {
      "SourcePinAddress":{
        "PinID":107447609,
        "PinOwnerID":807368425
      },
      "TargetPinAddress":{
        "PinID":891437581,
        "PinOwnerID":78145921
      },
      "ConnectionType":0,
      "ConnectedWireIndex":-1,
      "ConnectedWireSegmentIndex":-1,
      "Points":[{"x":0.0,"y":0.0},{"x":0.0,"y":0.0}]
    },
    {
      "SourcePinAddress":{
        "PinID":1420861428,
        "PinOwnerID":807368425
      },
      "TargetPinAddress":{
        "PinID":891437581,
        "PinOwnerID":927794559
      },
      "ConnectionType":0,
      "ConnectedWireIndex":-1,
      "ConnectedWireSegmentIndex":-1,
      "Points":[{"x":0.0,"y":0.0},{"x":0.0,"y":0.0}]
    },
    {
      "SourcePinAddress":{
        "PinID":1420861428,
        "PinOwnerID":807368425
      },
      "TargetPinAddress":{
        "PinID":891437581,
        "PinOwnerID":1790644763
      },
      "ConnectionType":0,
      "ConnectedWireIndex":-1,
      "ConnectedWireSegmentIndex":-1,
      "Points":[{"x":0.0,"y":0.0},{"x":0.0,"y":0.0}]
    },
    {
      "SourcePinAddress":{
        "PinID":1420861428,
        "PinOwnerID":807368425
      },
      "TargetPinAddress":{
        "PinID":891437581,
        "PinOwnerID":1069738631
      },
      "ConnectionType":0,
      "ConnectedWireIndex":-1,
      "ConnectedWireSegmentIndex":-1,
      "Points":[{"x":0.0,"y":0.0},{"x":0.0,"y":0.0}]
    },
    {
      "SourcePinAddress":{
        "PinID":1420861428,
        "PinOwnerID":807368425
      },
      "TargetPinAddress":{
        "PinID":891437581,
        "PinOwnerID":524479621
      },
      "ConnectionType":0,
      "ConnectedWireIndex":-1,
      "ConnectedWireSegmentIndex":-1,
      "Points":[{"x":0.0,"y":0.0},{"x":0.0,"y":0.0}]
    },
    {
      "SourcePinAddress":{
        "PinID":1402873771,
        "PinOwnerID":222926119
      },
      "TargetPinAddress":{
        "PinID":1415246356,
        "PinOwnerID":44471732
      },
      "ConnectionType":0,
      "ConnectedWireIndex":-1,
      "ConnectedWireSegmentIndex":-1,
      "Points":[{"x":0.0,"y":0.0},{"x":0.0,"y":0.0}]
    },
    {
      "SourcePinAddress":{
        "PinID":1402873771,
        "PinOwnerID":222926119
      },
      "TargetPinAddress":{
        "PinID":1415246356,
        "PinOwnerID":1463124132
      },
      "ConnectionType":0,
      "ConnectedWireIndex":-1,
      "ConnectedWireSegmentIndex":-1,
      "Points":[{"x":0.0,"y":0.0},{"x":0.0,"y":0.0}]
    },
    {
      "SourcePinAddress":{
        "PinID":1402873771,
        "PinOwnerID":222926119
      },
      "TargetPinAddress":{
        "PinID":1415246356,
        "PinOwnerID":78145921
      },
      "ConnectionType":0,
      "ConnectedWireIndex":-1,
      "ConnectedWireSegmentIndex":-1,
      "Points":[{"x":0.0,"y":0.0},{"x":0.0,"y":0.0}]
    },
    {
      "SourcePinAddress":{
        "PinID":1402873771,
        "PinOwnerID":222926119
      },
      "TargetPinAddress":{
        "PinID":1415246356,
        "PinOwnerID":524479621
      },
      "ConnectionType":0,
      "ConnectedWireIndex":-1,
      "ConnectedWireSegmentIndex":-1,
      "Points":[{"x":0.0,"y":0.0},{"x":0.0,"y":0.0}]
    },
    {
      "SourcePinAddress":{
        "PinID":169939261,
        "PinOwnerID":222926119
      },
      "TargetPinAddress":{
        "PinID":1415246356,
        "PinOwnerID":92360112
      },
      "ConnectionType":0,
      "ConnectedWireIndex":-1,
      "ConnectedWireSegmentIndex":-1,
      "Points":[{"x":0.0,"y":0.0},{"x":0.0,"y":0.0}]
    },
    {
      "SourcePinAddress":{
        "PinID":169939261,
        "PinOwnerID":222926119
      },
      "TargetPinAddress":{
        "PinID":1415246356,
        "PinOwnerID":1749831079
      },
      "ConnectionType":0,
      "ConnectedWireIndex":-1,
      "ConnectedWireSegmentIndex":-1,
      "Points":[{"x":0.0,"y":0.0},{"x":0.0,"y":0.0}]
    },
    {
      "SourcePinAddress":{
        "PinID":169939261,
        "PinOwnerID":222926119
      },
      "TargetPinAddress":{
        "PinID":1415246356,
        "PinOwnerID":858028581
      },
      "ConnectionType":0,
      "ConnectedWireIndex":-1,
      "ConnectedWireSegmentIndex":-1,
      "Points":[{"x":0.0,"y":0.0},{"x":0.0,"y":0.0}]
    },
    {
      "SourcePinAddress":{
        "PinID":169939261,
        "PinOwnerID":222926119
      },
      "TargetPinAddress":{
        "PinID":1415246356,
        "PinOwnerID":1069738631
      },
      "ConnectionType":0,
      "ConnectedWireIndex":-1,
      "ConnectedWireSegmentIndex":-1,
      "Points":[{"x":0.0,"y":0.0},{"x":0.0,"y":0.0}]
    },
    {
      "SourcePinAddress":{
        "PinID":107447609,
        "PinOwnerID":222926119
      },
      "TargetPinAddress":{
        "PinID":1415246356,
        "PinOwnerID":177136061
      },
      "ConnectionType":0,
      "ConnectedWireIndex":-1,
      "ConnectedWireSegmentIndex":-1,
      "Points":[{"x":0.0,"y":0.0},{"x":0.0,"y":0.0}]
    },
    {
      "SourcePinAddress":{
        "PinID":107447609,
        "PinOwnerID":222926119
      },
      "TargetPinAddress":{
        "PinID":1415246356,
        "PinOwnerID":955556375
      },
      "ConnectionType":0,
      "ConnectedWireIndex":-1,
      "ConnectedWireSegmentIndex":-1,
      "Points":[{"x":0.0,"y":0.0},{"x":0.0,"y":0.0}]
    },
    {
      "SourcePinAddress":{
        "PinID":107447609,
        "PinOwnerID":222926119
      },
      "TargetPinAddress":{
        "PinID":1415246356,
        "PinOwnerID":102932331
      },
      "ConnectionType":0,
      "ConnectedWireIndex":-1,
      "ConnectedWireSegmentIndex":-1,
      "Points":[{"x":0.0,"y":0.0},{"x":0.0,"y":0.0}]
    },
    {
      "SourcePinAddress":{
        "PinID":107447609,
        "PinOwnerID":222926119
      },
      "TargetPinAddress":{
        "PinID":1415246356,
        "PinOwnerID":1790644763
      },
      "ConnectionType":0,
      "ConnectedWireIndex":-1,
      "ConnectedWireSegmentIndex":-1,
      "Points":[{"x":0.0,"y":0.0},{"x":0.0,"y":0.0}]
    },
    {
      "SourcePinAddress":{
        "PinID":1420861428,
        "PinOwnerID":222926119
      },
      "TargetPinAddress":{
        "PinID":1415246356,
        "PinOwnerID":142103167
      },
      "ConnectionType":0,
      "ConnectedWireIndex":-1,
      "ConnectedWireSegmentIndex":-1,
      "Points":[{"x":0.0,"y":0.0},{"x":0.0,"y":0.0}]
    },
    {
      "SourcePinAddress":{
        "PinID":1420861428,
        "PinOwnerID":222926119
      },
      "TargetPinAddress":{
        "PinID":1415246356,
        "PinOwnerID":1487440662
      },
      "ConnectionType":0,
      "ConnectedWireIndex":-1,
      "ConnectedWireSegmentIndex":-1,
      "Points":[{"x":0.0,"y":0.0},{"x":0.0,"y":0.0}]
    },
    {
      "SourcePinAddress":{
        "PinID":1420861428,
        "PinOwnerID":222926119
      },
      "TargetPinAddress":{
        "PinID":1415246356,
        "PinOwnerID":320211325
      },
      "ConnectionType":0,
      "ConnectedWireIndex":-1,
      "ConnectedWireSegmentIndex":-1,
      "Points":[{"x":0.0,"y":0.0},{"x":0.0,"y":0.0}]
    },
    {
      "SourcePinAddress":{
        "PinID":1420861428,
        "PinOwnerID":222926119
      },
      "TargetPinAddress":{
        "PinID":1415246356,
        "PinOwnerID":927794559
      },
      "ConnectionType":0,
      "ConnectedWireIndex":-1,
      "ConnectedWireSegmentIndex":-1,
      "Points":[{"x":0.0,"y":0.0},{"x":0.0,"y":0.0}]
    },
    {
      "SourcePinAddress":{
        "PinID":4,
        "PinOwnerID":1013582196
      },
      "TargetPinAddress":{
        "PinID":558982316,
        "PinOwnerID":222926119
      },
      "ConnectionType":0,
      "ConnectedWireIndex":-1,
      "ConnectedWireSegmentIndex":-1,
      "Points":[{"x":0.0,"y":0.0},{"x":0.0,"y":0.0}]
    },
    {
      "SourcePinAddress":{
        "PinID":3,
        "PinOwnerID":1013582196
      },
      "TargetPinAddress":{
        "PinID":1927916884,
        "PinOwnerID":222926119
      },
      "ConnectionType":0,
      "ConnectedWireIndex":-1,
      "ConnectedWireSegmentIndex":-1,
      "Points":[{"x":0.0,"y":0.0},{"x":0.0,"y":0.0}]
    },
    {
      "SourcePinAddress":{
        "PinID":2,
        "PinOwnerID":1013582196
      },
      "TargetPinAddress":{
        "PinID":558982316,
        "PinOwnerID":807368425
      },
      "ConnectionType":0,
      "ConnectedWireIndex":-1,
      "ConnectedWireSegmentIndex":-1,
      "Points":[{"x":0.0,"y":0.0},{"x":0.0,"y":0.0}]
    },
    {
      "SourcePinAddress":{
        "PinID":1,
        "PinOwnerID":1013582196
      },
      "TargetPinAddress":{
        "PinID":1927916884,
        "PinOwnerID":807368425
      },
      "ConnectionType":0,
      "ConnectedWireIndex":-1,
      "ConnectedWireSegmentIndex":-1,
      "Points":[{"x":0.0,"y":0.0},{"x":0.0,"y":0.0}]
    },
    {
      "SourcePinAddress":{
        "PinID":0,
        "PinOwnerID":150133593
      },
      "TargetPinAddress":{
        "PinID":0,
        "PinOwnerID":1013582196
      },
      "ConnectionType":0,
      "ConnectedWireIndex":-1,
      "ConnectedWireSegmentIndex":-1,
      "Points":[{"x":0.0,"y":0.0},{"x":0.0,"y":0.0}]
    },
    {
      "SourcePinAddress":{
        "PinID":0,
        "PinOwnerID":2130883692
      },
      "TargetPinAddress":{
        "PinID":543772438,
        "PinOwnerID":593674946
      },
      "ConnectionType":0,
      "ConnectedWireIndex":-1,
      "ConnectedWireSegmentIndex":-1,
      "Points":[{"x":0.0,"y":0.0},{"x":0.0,"y":0.0}]
    },
    {
      "SourcePinAddress":{
        "PinID":0,
        "PinOwnerID":388486506
      },
      "TargetPinAddress":{
        "PinID":897348161,
        "PinOwnerID":593674946
      },
      "ConnectionType":0,
      "ConnectedWireIndex":-1,
      "ConnectedWireSegmentIndex":-1,
      "Points":[{"x":0.0,"y":0.0},{"x":0.0,"y":0.0}]
    },
    {
      "SourcePinAddress":{
        "PinID":0,
        "PinOwnerID":1461551357
      },
      "TargetPinAddress":{
        "PinID":897348161,
        "PinOwnerID":578735499
      },
      "ConnectionType":0,
      "ConnectedWireIndex":-1,
      "ConnectedWireSegmentIndex":-1,
      "Points":[{"x":0.0,"y":0.0},{"x":0.0,"y":0.0}]
    },
    {
      "SourcePinAddress":{
        "PinID":2083071430,
        "PinOwnerID":593674946
      },
      "TargetPinAddress":{
        "PinID":543772438,
        "PinOwnerID":578735499
      },
      "ConnectionType":0,
      "ConnectedWireIndex":-1,
      "ConnectedWireSegmentIndex":-1,
      "Points":[{"x":0.0,"y":0.0},{"x":0.0,"y":0.0}]
    },
    {
      "SourcePinAddress":{
        "PinID":0,
        "PinOwnerID":1164629150
      },
      "TargetPinAddress":{
        "PinID":897348161,
        "PinOwnerID":1900232545
      },
      "ConnectionType":0,
      "ConnectedWireIndex":-1,
      "ConnectedWireSegmentIndex":-1,
      "Points":[{"x":0.0,"y":0.0},{"x":0.0,"y":0.0}]
    },
    {
      "SourcePinAddress":{
        "PinID":2083071430,
        "PinOwnerID":593674946
      },
      "TargetPinAddress":{
        "PinID":543772438,
        "PinOwnerID":1900232545
      },
      "ConnectionType":0,
      "ConnectedWireIndex":-1,
      "ConnectedWireSegmentIndex":-1,
      "Points":[{"x":0.0,"y":0.0},{"x":0.0,"y":0.0}]
    },
    {
      "SourcePinAddress":{
        "PinID":2083071430,
        "PinOwnerID":578735499
      },
      "TargetPinAddress":{
        "PinID":1086842282,
        "PinOwnerID":807368425
      },
      "ConnectionType":0,
      "ConnectedWireIndex":-1,
      "ConnectedWireSegmentIndex":-1,
      "Points":[{"x":0.0,"y":0.0},{"x":0.0,"y":0.0}]
    },
    {
      "SourcePinAddress":{
        "PinID":2083071430,
        "PinOwnerID":578735499
      },
      "TargetPinAddress":{
        "PinID":1086842282,
        "PinOwnerID":222926119
      },
      "ConnectionType":0,
      "ConnectedWireIndex":-1,
      "ConnectedWireSegmentIndex":-1,
      "Points":[{"x":0.0,"y":0.0},{"x":0.0,"y":0.0}]
    },
    {
      "SourcePinAddress":{
        "PinID":0,
        "PinOwnerID":1352608285
      },
      "TargetPinAddress":{
        "PinID":1002545625,
        "PinOwnerID":44471732
      },
      "ConnectionType":0,
      "ConnectedWireIndex":-1,
      "ConnectedWireSegmentIndex":-1,
      "Points":[{"x":0.0,"y":0.0},{"x":0.0,"y":0.0}]
    },
    {
      "SourcePinAddress":{
        "PinID":0,
        "PinOwnerID":1352608285
      },
      "TargetPinAddress":{
        "PinID":1002545625,
        "PinOwnerID":1463124132
      },
      "ConnectionType":0,
      "ConnectedWireIndex":-1,
      "ConnectedWireSegmentIndex":-1,
      "Points":[{"x":0.0,"y":0.0},{"x":0.0,"y":0.0}]
    },
    {
      "SourcePinAddress":{
        "PinID":0,
        "PinOwnerID":1352608285
      },
      "TargetPinAddress":{
        "PinID":1002545625,
        "PinOwnerID":78145921
      },
      "ConnectionType":0,
      "ConnectedWireIndex":-1,
      "ConnectedWireSegmentIndex":-1,
      "Points":[{"x":0.0,"y":0.0},{"x":0.0,"y":0.0}]
    },
    {
      "SourcePinAddress":{
        "PinID":0,
        "PinOwnerID":1352608285
      },
      "TargetPinAddress":{
        "PinID":1002545625,
        "PinOwnerID":524479621
      },
      "ConnectionType":0,
      "ConnectedWireIndex":-1,
      "ConnectedWireSegmentIndex":-1,
      "Points":[{"x":0.0,"y":0.0},{"x":0.0,"y":0.0}]
    },
    {
      "SourcePinAddress":{
        "PinID":0,
        "PinOwnerID":1352608285
      },
      "TargetPinAddress":{
        "PinID":1002545625,
        "PinOwnerID":1069738631
      },
      "ConnectionType":0,
      "ConnectedWireIndex":-1,
      "ConnectedWireSegmentIndex":-1,
      "Points":[{"x":0.0,"y":0.0},{"x":0.0,"y":0.0}]
    },
    {
      "SourcePinAddress":{
        "PinID":0,
        "PinOwnerID":1352608285
      },
      "TargetPinAddress":{
        "PinID":1002545625,
        "PinOwnerID":858028581
      },
      "ConnectionType":0,
      "ConnectedWireIndex":-1,
      "ConnectedWireSegmentIndex":-1,
      "Points":[{"x":0.0,"y":0.0},{"x":0.0,"y":0.0}]
    },
    {
      "SourcePinAddress":{
        "PinID":0,
        "PinOwnerID":1352608285
      },
      "TargetPinAddress":{
        "PinID":1002545625,
        "PinOwnerID":1749831079
      },
      "ConnectionType":0,
      "ConnectedWireIndex":-1,
      "ConnectedWireSegmentIndex":-1,
      "Points":[{"x":0.0,"y":0.0},{"x":0.0,"y":0.0}]
    },
    {
      "SourcePinAddress":{
        "PinID":0,
        "PinOwnerID":1352608285
      },
      "TargetPinAddress":{
        "PinID":1002545625,
        "PinOwnerID":92360112
      },
      "ConnectionType":0,
      "ConnectedWireIndex":-1,
      "ConnectedWireSegmentIndex":-1,
      "Points":[{"x":0.0,"y":0.0},{"x":0.0,"y":0.0}]
    },
    {
      "SourcePinAddress":{
        "PinID":0,
        "PinOwnerID":1352608285
      },
      "TargetPinAddress":{
        "PinID":1002545625,
        "PinOwnerID":177136061
      },
      "ConnectionType":0,
      "ConnectedWireIndex":-1,
      "ConnectedWireSegmentIndex":-1,
      "Points":[{"x":0.0,"y":0.0},{"x":0.0,"y":0.0}]
    },
    {
      "SourcePinAddress":{
        "PinID":0,
        "PinOwnerID":1352608285
      },
      "TargetPinAddress":{
        "PinID":1002545625,
        "PinOwnerID":955556375
      },
      "ConnectionType":0,
      "ConnectedWireIndex":-1,
      "ConnectedWireSegmentIndex":-1,
      "Points":[{"x":0.0,"y":0.0},{"x":0.0,"y":0.0}]
    },
    {
      "SourcePinAddress":{
        "PinID":0,
        "PinOwnerID":1352608285
      },
      "TargetPinAddress":{
        "PinID":1002545625,
        "PinOwnerID":102932331
      },
      "ConnectionType":0,
      "ConnectedWireIndex":-1,
      "ConnectedWireSegmentIndex":-1,
      "Points":[{"x":0.0,"y":0.0},{"x":0.0,"y":0.0}]
    },
    {
      "SourcePinAddress":{
        "PinID":0,
        "PinOwnerID":1352608285
      },
      "TargetPinAddress":{
        "PinID":1002545625,
        "PinOwnerID":1790644763
      },
      "ConnectionType":0,
      "ConnectedWireIndex":-1,
      "ConnectedWireSegmentIndex":-1,
      "Points":[{"x":0.0,"y":0.0},{"x":0.0,"y":0.0}]
    },
    {
      "SourcePinAddress":{
        "PinID":0,
        "PinOwnerID":1352608285
      },
      "TargetPinAddress":{
        "PinID":1002545625,
        "PinOwnerID":927794559
      },
      "ConnectionType":0,
      "ConnectedWireIndex":-1,
      "ConnectedWireSegmentIndex":-1,
      "Points":[{"x":0.0,"y":0.0},{"x":0.0,"y":0.0}]
    },
    {
      "SourcePinAddress":{
        "PinID":0,
        "PinOwnerID":1352608285
      },
      "TargetPinAddress":{
        "PinID":1002545625,
        "PinOwnerID":320211325
      },
      "ConnectionType":0,
      "ConnectedWireIndex":-1,
      "ConnectedWireSegmentIndex":-1,
      "Points":[{"x":0.0,"y":0.0},{"x":0.0,"y":0.0}]
    },
    {
      "SourcePinAddress":{
        "PinID":0,
        "PinOwnerID":1352608285
      },
      "TargetPinAddress":{
        "PinID":1002545625,
        "PinOwnerID":1487440662
      },
      "ConnectionType":0,
      "ConnectedWireIndex":-1,
      "ConnectedWireSegmentIndex":-1,
      "Points":[{"x":0.0,"y":0.0},{"x":0.0,"y":0.0}]
    },
    {
      "SourcePinAddress":{
        "PinID":0,
        "PinOwnerID":1352608285
      },
      "TargetPinAddress":{
        "PinID":1002545625,
        "PinOwnerID":142103167
      },
      "ConnectionType":0,
      "ConnectedWireIndex":-1,
      "ConnectedWireSegmentIndex":-1,
      "Points":[{"x":0.0,"y":0.0},{"x":0.0,"y":0.0}]
    },
    {
      "SourcePinAddress":{
        "PinID":2083071430,
        "PinOwnerID":1900232545
      },
      "TargetPinAddress":{
        "PinID":416021438,
        "PinOwnerID":142103167
      },
      "ConnectionType":0,
      "ConnectedWireIndex":-1,
      "ConnectedWireSegmentIndex":-1,
      "Points":[{"x":0.0,"y":0.0},{"x":0.0,"y":0.0}]
    },
    {
      "SourcePinAddress":{
        "PinID":2083071430,
        "PinOwnerID":1900232545
      },
      "TargetPinAddress":{
        "PinID":416021438,
        "PinOwnerID":1487440662
      },
      "ConnectionType":0,
      "ConnectedWireIndex":-1,
      "ConnectedWireSegmentIndex":-1,
      "Points":[{"x":0.0,"y":0.0},{"x":0.0,"y":0.0}]
    },
    {
      "SourcePinAddress":{
        "PinID":2083071430,
        "PinOwnerID":1900232545
      },
      "TargetPinAddress":{
        "PinID":416021438,
        "PinOwnerID":320211325
      },
      "ConnectionType":0,
      "ConnectedWireIndex":-1,
      "ConnectedWireSegmentIndex":-1,
      "Points":[{"x":0.0,"y":0.0},{"x":0.0,"y":0.0}]
    },
    {
      "SourcePinAddress":{
        "PinID":2083071430,
        "PinOwnerID":1900232545
      },
      "TargetPinAddress":{
        "PinID":416021438,
        "PinOwnerID":927794559
      },
      "ConnectionType":0,
      "ConnectedWireIndex":-1,
      "ConnectedWireSegmentIndex":-1,
      "Points":[{"x":0.0,"y":0.0},{"x":0.0,"y":0.0}]
    },
    {
      "SourcePinAddress":{
        "PinID":2083071430,
        "PinOwnerID":1900232545
      },
      "TargetPinAddress":{
        "PinID":416021438,
        "PinOwnerID":1790644763
      },
      "ConnectionType":0,
      "ConnectedWireIndex":-1,
      "ConnectedWireSegmentIndex":-1,
      "Points":[{"x":0.0,"y":0.0},{"x":0.0,"y":0.0}]
    },
    {
      "SourcePinAddress":{
        "PinID":2083071430,
        "PinOwnerID":1900232545
      },
      "TargetPinAddress":{
        "PinID":416021438,
        "PinOwnerID":102932331
      },
      "ConnectionType":0,
      "ConnectedWireIndex":-1,
      "ConnectedWireSegmentIndex":-1,
      "Points":[{"x":0.0,"y":0.0},{"x":0.0,"y":0.0}]
    },
    {
      "SourcePinAddress":{
        "PinID":2083071430,
        "PinOwnerID":1900232545
      },
      "TargetPinAddress":{
        "PinID":416021438,
        "PinOwnerID":955556375
      },
      "ConnectionType":0,
      "ConnectedWireIndex":-1,
      "ConnectedWireSegmentIndex":-1,
      "Points":[{"x":0.0,"y":0.0},{"x":0.0,"y":0.0}]
    },
    {
      "SourcePinAddress":{
        "PinID":2083071430,
        "PinOwnerID":1900232545
      },
      "TargetPinAddress":{
        "PinID":416021438,
        "PinOwnerID":177136061
      },
      "ConnectionType":0,
      "ConnectedWireIndex":-1,
      "ConnectedWireSegmentIndex":-1,
      "Points":[{"x":0.0,"y":0.0},{"x":0.0,"y":0.0}]
    },
    {
      "SourcePinAddress":{
        "PinID":2083071430,
        "PinOwnerID":1900232545
      },
      "TargetPinAddress":{
        "PinID":416021438,
        "PinOwnerID":92360112
      },
      "ConnectionType":0,
      "ConnectedWireIndex":-1,
      "ConnectedWireSegmentIndex":-1,
      "Points":[{"x":0.0,"y":0.0},{"x":0.0,"y":0.0}]
    },
    {
      "SourcePinAddress":{
        "PinID":2083071430,
        "PinOwnerID":1900232545
      },
      "TargetPinAddress":{
        "PinID":416021438,
        "PinOwnerID":1749831079
      },
      "ConnectionType":0,
      "ConnectedWireIndex":-1,
      "ConnectedWireSegmentIndex":-1,
      "Points":[{"x":0.0,"y":0.0},{"x":0.0,"y":0.0}]
    },
    {
      "SourcePinAddress":{
        "PinID":2083071430,
        "PinOwnerID":1900232545
      },
      "TargetPinAddress":{
        "PinID":416021438,
        "PinOwnerID":858028581
      },
      "ConnectionType":0,
      "ConnectedWireIndex":-1,
      "ConnectedWireSegmentIndex":-1,
      "Points":[{"x":0.0,"y":0.0},{"x":0.0,"y":0.0}]
    },
    {
      "SourcePinAddress":{
        "PinID":2083071430,
        "PinOwnerID":1900232545
      },
      "TargetPinAddress":{
        "PinID":416021438,
        "PinOwnerID":1069738631
      },
      "ConnectionType":0,
      "ConnectedWireIndex":-1,
      "ConnectedWireSegmentIndex":-1,
      "Points":[{"x":0.0,"y":0.0},{"x":0.0,"y":0.0}]
    },
    {
      "SourcePinAddress":{
        "PinID":2083071430,
        "PinOwnerID":1900232545
      },
      "TargetPinAddress":{
        "PinID":416021438,
        "PinOwnerID":524479621
      },
      "ConnectionType":0,
      "ConnectedWireIndex":-1,
      "ConnectedWireSegmentIndex":-1,
      "Points":[{"x":0.0,"y":0.0},{"x":0.0,"y":0.0}]
    },
    {
      "SourcePinAddress":{
        "PinID":2083071430,
        "PinOwnerID":1900232545
      },
      "TargetPinAddress":{
        "PinID":416021438,
        "PinOwnerID":78145921
      },
      "ConnectionType":0,
      "ConnectedWireIndex":-1,
      "ConnectedWireSegmentIndex":-1,
      "Points":[{"x":0.0,"y":0.0},{"x":0.0,"y":0.0}]
    },
    {
      "SourcePinAddress":{
        "PinID":2083071430,
        "PinOwnerID":1900232545
      },
      "TargetPinAddress":{
        "PinID":416021438,
        "PinOwnerID":1463124132
      },
      "ConnectionType":0,
      "ConnectedWireIndex":-1,
      "ConnectedWireSegmentIndex":-1,
      "Points":[{"x":0.0,"y":0.0},{"x":0.0,"y":0.0}]
    },
    {
      "SourcePinAddress":{
        "PinID":2083071430,
        "PinOwnerID":1900232545
      },
      "TargetPinAddress":{
        "PinID":416021438,
        "PinOwnerID":44471732
      },
      "ConnectionType":0,
      "ConnectedWireIndex":-1,
      "ConnectedWireSegmentIndex":-1,
      "Points":[{"x":0.0,"y":0.0},{"x":0.0,"y":0.0}]
    }
  ]
}