{
  "ChipType": 0,
  "Colour": {
    "r": 0.531860769,
    "g": 0.466323644,
    "b": 0.311442673,
    "a": 1
  },
  "Displays": null,
  "InputPins":[
    {
      "Name":"DATA",
      "ID":62509364,
      "Position":{
        "x":-11.54981,
        "y":3.56558
      },
      "BitCount":4,
      "Colour":0,
      "ValueDisplayMode":1
    },
    {
      "Name":"READ/WRITE",
      "ID":1002545625,
      "Position":{
        "x":-11.62423,
        "y":1.27492
      },
      "BitCount":1,
      "Colour":0,
      "ValueDisplayMode":0
    },
    {
      "Name":"CLOCK",
      "ID":416021438,
      "Position":{
        "x":-11.62423,
        "y":0.75992
      },
      "BitCount":1,
      "Colour":0,
      "ValueDisplayMode":0
    },
    {
      "Name":"ENABLE X",
      "ID":891437581,
      "Position":{
        "x":-11.62423,
        "y":0.24492
      },
      "BitCount":1,
      "Colour":0,
      "ValueDisplayMode":0
    },
    {
      "Name":"ENABLE Y",
      "ID":1415246356,
      "Position":{
        "x":-11.62423,
        "y":-0.27008
      },
      "BitCount":1,
      "Colour":0,
      "ValueDisplayMode":0
    }
  ],
  "Name": "4 BIT MEM LOCATION",
  "NameLocation": 0,
  "OutputPins":[
    {
      "Name":"OUT 4BIT",
      "ID":480798168,
      "Position":{
        "x":0.67875,
        "y":1.30213
      },
      "BitCount":4,
      "Colour":0,
      "ValueDisplayMode":1
    }
  ],
  "Size": {
    "x": 1.55,
    "y": 1.375
  },
  "SubChips":[
    {
      "Name":"1 BIT MEM LOCATION",
      "ID":1063996821,
      "Label":"",
      "Position":{
        "x":-4.0895,
        "y":3.39333
      },
      "OutputPinColourInfo":[{"PinColour":0,"PinID":2042961238}],
      "InternalData":null
    },
    {
      "Name":"1 BIT MEM LOCATION",
      "ID":1793327665,
      "Label":"",
      "Position":{
        "x":-4.0895,
        "y":2.01333
      },
      "OutputPinColourInfo":[{"PinColour":0,"PinID":2042961238}],
      "InternalData":null
    },
    {
      "Name":"1 BIT MEM LOCATION",
      "ID":972831071,
      "Label":"",
      "Position":{
        "x":-4.0895,
        "y":0.63334
      },
      "OutputPinColourInfo":[{"PinColour":0,"PinID":2042961238}],
      "InternalData":null
    },
    {
      "Name":"1 BIT MEM LOCATION",
      "ID":1054473136,
      "Label":"",
      "Position":{
        "x":-4.0895,
        "y":-0.74666
      },
      "OutputPinColourInfo":[{"PinColour":0,"PinID":2042961238}],
      "InternalData":null
    },
    {
      "Name":"1-4BIT",
      "ID":1687926438,
      "Label":"",
      "Position":{
        "x":-1.94237,
        "y":1.14626
      },
      "OutputPinColourInfo":[{"PinColour":0,"PinID":4}],
      "InternalData":null
    },
    {
      "Name":"4-1BIT",
      "ID":311032010,
      "Label":"",
      "Position":{
        "x":-8.63882,
        "y":3.56031
      },
      "OutputPinColourInfo":[{"PinColour":0,"PinID":1},{"PinColour":0,"PinID":2},{"PinColour":0,"PinID":3},{"PinColour":0,"PinID":4}],
      "InternalData":null
    }
  ],
  "Wires":[
    {
      "SourcePinAddress":{
        "PinID":2042961238,
        "PinOwnerID":1054473136
      },
      "TargetPinAddress":{
        "PinID":3,
        "PinOwnerID":1687926438
      },
      "ConnectionType":0,
      "ConnectedWireIndex":-1,
      "ConnectedWireSegmentIndex":-1,
      "Points":[{"x":0.0,"y":0.0},{"x":0.0,"y":0.0}]
    },
    {
      "SourcePinAddress":{
        "PinID":2042961238,
        "PinOwnerID":972831071
      },
      "TargetPinAddress":{
        "PinID":2,
        "PinOwnerID":1687926438
      },
      "ConnectionType":0,
      "ConnectedWireIndex":-1,
      "ConnectedWireSegmentIndex":-1,
      "Points":[{"x":0.0,"y":0.0},{"x":0.0,"y":0.0}]
    },
    {
      "SourcePinAddress":{
        "PinID":2042961238,
        "PinOwnerID":1793327665
      },
      "TargetPinAddress":{
        "PinID":1,
        "PinOwnerID":1687926438
      },
      "ConnectionType":0,
      "ConnectedWireIndex":-1,
      "ConnectedWireSegmentIndex":-1,
      "Points":[{"x":0.0,"y":0.0},{"x":0.0,"y":0.0}]
    },
    {
      "SourcePinAddress":{
        "PinID":2042961238,
        "PinOwnerID":1063996821
      },
      "TargetPinAddress":{
        "PinID":0,
        "PinOwnerID":1687926438
      },
      "ConnectionType":0,
      "ConnectedWireIndex":-1,
      "ConnectedWireSegmentIndex":-1,
      "Points":[{"x":0.0,"y":0.0},{"x":0.0,"y":0.0}]
    },
    {
      "SourcePinAddress":{
        "PinID":4,
        "PinOwnerID":1687926438
      },
      "TargetPinAddress":{
        "PinID":0,
        "PinOwnerID":480798168
      },
      "ConnectionType":0,
      "ConnectedWireIndex":-1,
      "ConnectedWireSegmentIndex":-1,
      "Points":[{"x":0.0,"y":0.0},{"x":0.0,"y":0.0}]
    },
    {
      "SourcePinAddress":{
        "PinID":0,
        "PinOwnerID":62509364
      },
      "TargetPinAddress":{
        "PinID":0,
        "PinOwnerID":311032010
      },
      "ConnectionType":0,
      "ConnectedWireIndex":-1,
      "ConnectedWireSegmentIndex":-1,
      "Points":[{"x":0.0,"y":0.0},{"x":0.0,"y":0.0}]
    },
    {
      "SourcePinAddress":{
        "PinID":1,
        "PinOwnerID":311032010
      },
      "TargetPinAddress":{
        "PinID":527740920,
        "PinOwnerID":1063996821
      },
      "ConnectionType":0,
      "ConnectedWireIndex":-1,
      "ConnectedWireSegmentIndex":-1,
      "Points":[{"x":0.0,"y":0.0},{"x":0.0,"y":0.0}]
    },
    {
      "SourcePinAddress":{
        "PinID":2,
        "PinOwnerID":311032010
      },
      "TargetPinAddress":{
        "PinID":527740920,
        "PinOwnerID":1793327665
      },
      "ConnectionType":0,
      "ConnectedWireIndex":-1,
      "ConnectedWireSegmentIndex":-1,
      "Points":[{"x":0.0,"y":0.0},{"x":0.0,"y":0.0}]
    },
    {
      "SourcePinAddress":{
        "PinID":3,
        "PinOwnerID":311032010
      },
      "TargetPinAddress":{
        "PinID":527740920,
        "PinOwnerID":972831071
      },
      "ConnectionType":0,
      "ConnectedWireIndex":-1,
      "ConnectedWireSegmentIndex":-1,
      "Points":[{"x":0.0,"y":0.0},{"x":0.0,"y":0.0}]
    },
    {
      "SourcePinAddress":{
        "PinID":4,
        "PinOwnerID":311032010
      },
      "TargetPinAddress":{
        "PinID":527740920,
        "PinOwnerID":1054473136
      },
      "ConnectionType":0,
      "ConnectedWireIndex":-1,
      "ConnectedWireSegmentIndex":-1,
      "Points":[{"x":0.0,"y":0.0},{"x":0.0,"y":0.0}]
    },
    {
      "SourcePinAddress":{
        "PinID":0,
        "PinOwnerID":1002545625
      },
      "TargetPinAddress":{
        "PinID":942039200,
        "PinOwnerID":1063996821
      },
      "ConnectionType":0,
      "ConnectedWireIndex":-1,
      "ConnectedWireSegmentIndex":-1,
      "Points":[{"x":0.0,"y":0.0},{"x":0.0,"y":0.0}]
    },
    {
      "SourcePinAddress":{
        "PinID":0,
        "PinOwnerID":416021438
      },
      "TargetPinAddress":{
        "PinID":1814865224,
        "PinOwnerID":1063996821
      },
      "ConnectionType":0,
      "ConnectedWireIndex":-1,
      "ConnectedWireSegmentIndex":-1,
      "Points":[{"x":0.0,"y":0.0},{"x":0.0,"y":0.0}]
    },
    {
      "SourcePinAddress":{
        "PinID":0,
        "PinOwnerID":891437581
      },
      "TargetPinAddress":{
        "PinID":1192895989,
        "PinOwnerID":1063996821
      },
      "ConnectionType":0,
      "ConnectedWireIndex":-1,
      "ConnectedWireSegmentIndex":-1,
      "Points":[{"x":0.0,"y":0.0},{"x":0.0,"y":0.0}]
    },
    {
      "SourcePinAddress":{
        "PinID":0,
        "PinOwnerID":1415246356
      },
      "TargetPinAddress":{
        "PinID":1660780117,
        "PinOwnerID":1063996821
      },
      "ConnectionType":0,
      "ConnectedWireIndex":-1,
      "ConnectedWireSegmentIndex":-1,
      "Points":[{"x":0.0,"y":0.0},{"x":0.0,"y":0.0}]
    },
    {
      "SourcePinAddress":{
        "PinID":0,
        "PinOwnerID":1415246356
      },
      "TargetPinAddress":{
        "PinID":1660780117,
        "PinOwnerID":1054473136
      },
      "ConnectionType":0,
      "ConnectedWireIndex":-1,
      "ConnectedWireSegmentIndex":-1,
      "Points":[{"x":0.0,"y":0.0},{"x":0.0,"y":0.0}]
    },
    {
      "SourcePinAddress":{
        "PinID":0,
        "PinOwnerID":891437581
      },
      "TargetPinAddress":{
        "PinID":1192895989,
        "PinOwnerID":1054473136
      },
      "ConnectionType":0,
      "ConnectedWireIndex":-1,
      "ConnectedWireSegmentIndex":-1,
      "Points":[{"x":0.0,"y":0.0},{"x":0.0,"y":0.0}]
    },
    {
      "SourcePinAddress":{
        "PinID":0,
        "PinOwnerID":416021438
      },
      "TargetPinAddress":{
        "PinID":1814865224,
        "PinOwnerID":1054473136
      },
      "ConnectionType":0,
      "ConnectedWireIndex":-1,
      "ConnectedWireSegmentIndex":-1,
      "Points":[{"x":0.0,"y":0.0},{"x":0.0,"y":0.0}]
    },
    {
      "SourcePinAddress":{
        "PinID":0,
        "PinOwnerID":1002545625
      },
      "TargetPinAddress":{
        "PinID":942039200,
        "PinOwnerID":1054473136
      },
      "ConnectionType":0,
      "ConnectedWireIndex":-1,
      "ConnectedWireSegmentIndex":-1,
      "Points":[{"x":0.0,"y":0.0},{"x":0.0,"y":0.0}]
    },
    {
      "SourcePinAddress":{
        "PinID":0,
        "PinOwnerID":1002545625
      },
      "TargetPinAddress":{
        "PinID":942039200,
        "PinOwnerID":1793327665
      },
      "ConnectionType":0,
      "ConnectedWireIndex":-1,
      "ConnectedWireSegmentIndex":-1,
      "Points":[{"x":0.0,"y":0.0},{"x":0.0,"y":0.0}]
    },
    {
      "SourcePinAddress":{
        "PinID":0,
        "PinOwnerID":416021438
      },
      "TargetPinAddress":{
        "PinID":1814865224,
        "PinOwnerID":1793327665
      },
      "ConnectionType":0,
      "ConnectedWireIndex":-1,
      "ConnectedWireSegmentIndex":-1,
      "Points":[{"x":0.0,"y":0.0},{"x":0.0,"y":0.0}]
    },
    {
      "SourcePinAddress":{
        "PinID":0,
        "PinOwnerID":891437581
      },
      "TargetPinAddress":{
        "PinID":1192895989,
        "PinOwnerID":1793327665
      },
      "ConnectionType":0,
      "ConnectedWireIndex":-1,
      "ConnectedWireSegmentIndex":-1,
      "Points":[{"x":0.0,"y":0.0},{"x":0.0,"y":0.0}]
    },
    {
      "SourcePinAddress":{
        "PinID":0,
        "PinOwnerID":1415246356
      },
      "TargetPinAddress":{
        "PinID":1660780117,
        "PinOwnerID":1793327665
      },
      "ConnectionType":0,
      "ConnectedWireIndex":-1,
      "ConnectedWireSegmentIndex":-1,
      "Points":[{"x":0.0,"y":0.0},{"x":0.0,"y":0.0}]
    },
    {
      "SourcePinAddress":{
        "PinID":0,
        "PinOwnerID":1415246356
      },
      "TargetPinAddress":{
        "PinID":1660780117,
        "PinOwnerID":972831071
      },
      "ConnectionType":0,
      "ConnectedWireIndex":-1,
      "ConnectedWireSegmentIndex":-1,
      "Points":[{"x":0.0,"y":0.0},{"x":0.0,"y":0.0}]
    },
    {
      "SourcePinAddress":{
        "PinID":0,
        "PinOwnerID":891437581
      },
      "TargetPinAddress":{
        "PinID":1192895989,
        "PinOwnerID":972831071
      },
      "ConnectionType":0,
      "ConnectedWireIndex":-1,
      "ConnectedWireSegmentIndex":-1,
      "Points":[{"x":0.0,"y":0.0},{"x":0.0,"y":0.0}]
    },
    {
      "SourcePinAddress":{
        "PinID":0,
        "PinOwnerID":416021438
      },
      "TargetPinAddress":{
        "PinID":1814865224,
        "PinOwnerID":972831071
      },
      "ConnectionType":0,
      "ConnectedWireIndex":-1,
      "ConnectedWireSegmentIndex":-1,
      "Points":[{"x":0.0,"y":0.0},{"x":0.0,"y":0.0}]
    },
    {
      "SourcePinAddress":{
        "PinID":0,
        "PinOwnerID":1002545625
      },
      "TargetPinAddress":{
        "PinID":942039200,
        "PinOwnerID":972831071
      },
      "ConnectionType":0,
      "ConnectedWireIndex":-1,
      "ConnectedWireSegmentIndex":-1,
      "Points":[{"x":0.0,"y":0.0},{"x":0.0,"y":0.0}]
    }
  ]
}