{
  "ChipType": 0,
  "Colour": {
    "r": 0.419209272,
    "g": 0.54960835,
    "b": 0.401851326,
    "a": 1
  },
  "Displays": null,
  "InputPins":[
    {
      "Name":"IN",
      "ID":1397080017,
      "Position":{
        "x":-11.7996,
        "y":2.7308
      },
      "BitCount":4,
      "Colour":0,
      "ValueDisplayMode":0
    },
    {
      "Name":"IN",
      "ID":1256989262,
      "Position":{
        "x":-11.7996,
        "y":2.2133
      },
      "BitCount":4,
      "Colour":0,
      "ValueDisplayMode":0
    },
    {
      "Name":"IN",
      "ID":565622567,
      "Position":{
        "x":-11.7996,
        "y":1.6958
      },
      "BitCount":4,
      "Colour":0,
      "ValueDisplayMode":0
    },
    {
      "Name":"IN",
      "ID":125503212,
      "Position":{
        "x":-11.7996,
        "y":1.1783
      },
      "BitCount":4,
      "Colour":0,
      "ValueDisplayMode":0
    }
  ],
  "Name": "4 x 4 BUS OR",
  "NameLocation": 0,
  "OutputPins":[
    {
      "Name":"OUT",
      "ID":1996340301,
      "Position":{
        "x":-1.83113,
        "y":2.09341
      },
      "BitCount":4,
      "Colour":0,
      "ValueDisplayMode":0
    }
  ],
  "Size": {
    "x": 1.1,
    "y": 1.5
  },
  "SubChips":[
    {
      "Name":"4-1BIT",
      "ID":580054658,
      "Label":"",
      "Position":{
        "x":-8.79025,
        "y":3.71302
      },
      "OutputPinColourInfo":[{"PinColour":0,"PinID":1},{"PinColour":0,"PinID":2},{"PinColour":0,"PinID":3},{"PinColour":0,"PinID":4}],
      "InternalData":null
    },
    {
      "Name":"4-1BIT",
      "ID":1680063639,
      "Label":"",
      "Position":{
        "x":-8.79025,
        "y":2.58302
      },
      "OutputPinColourInfo":[{"PinColour":0,"PinID":1},{"PinColour":0,"PinID":2},{"PinColour":0,"PinID":3},{"PinColour":0,"PinID":4}],
      "InternalData":null
    },
    {
      "Name":"4-1BIT",
      "ID":1549231321,
      "Label":"",
      "Position":{
        "x":-8.79025,
        "y":1.45302
      },
      "OutputPinColourInfo":[{"PinColour":0,"PinID":1},{"PinColour":0,"PinID":2},{"PinColour":0,"PinID":3},{"PinColour":0,"PinID":4}],
      "InternalData":null
    },
    {
      "Name":"4-1BIT",
      "ID":233938031,
      "Label":"",
      "Position":{
        "x":-8.79025,
        "y":0.32302
      },
      "OutputPinColourInfo":[{"PinColour":0,"PinID":1},{"PinColour":0,"PinID":2},{"PinColour":0,"PinID":3},{"PinColour":0,"PinID":4}],
      "InternalData":null
    },
    {
      "Name":"4 OR",
      "ID":1210493944,
      "Label":"",
      "Position":{
        "x":-6.33471,
        "y":3.74437
      },
      "OutputPinColourInfo":[{"PinColour":0,"PinID":435790458}],
      "InternalData":null
    },
    {
      "Name":"4 OR",
      "ID":1885730681,
      "Label":"",
      "Position":{
        "x":-6.33471,
        "y":2.61437
      },
      "OutputPinColourInfo":[{"PinColour":0,"PinID":435790458}],
      "InternalData":null
    },
    {
      "Name":"4 OR",
      "ID":333125368,
      "Label":"",
      "Position":{
        "x":-6.30336,
        "y":1.47392
      },
      "OutputPinColourInfo":[{"PinColour":0,"PinID":435790458}],
      "InternalData":null
    },
    {
      "Name":"4 OR",
      "ID":1442879961,
      "Label":"",
      "Position":{
        "x":-6.33471,
        "y":0.35437
      },
      "OutputPinColourInfo":[{"PinColour":0,"PinID":435790458}],
      "InternalData":null
    },
    {
      "Name":"1-4BIT",
      "ID":1569691909,
      "Label":"",
      "Position":{
        "x":-4.33892,
        "y":2.02026
      },
      "OutputPinColourInfo":[{"PinColour":0,"PinID":4}],
      "InternalData":null
    }
  ],
  "Wires":[
    {
      "SourcePinAddress":{
        "PinID":0,
        "PinOwnerID":125503212
      },
      "TargetPinAddress":{
        "PinID":0,
        "PinOwnerID":233938031
      },
      "ConnectionType":0,
      "ConnectedWireIndex":-1,
      "ConnectedWireSegmentIndex":-1,
      "Points":[{"x":0.0,"y":0.0},{"x":0.0,"y":0.0}]
    },
    {
      "SourcePinAddress":{
        "PinID":0,
        "PinOwnerID":565622567
      },
      "TargetPinAddress":{
        "PinID":0,
        "PinOwnerID":1549231321
      },
      "ConnectionType":0,
      "ConnectedWireIndex":-1,
      "ConnectedWireSegmentIndex":-1,
      "Points":[{"x":0.0,"y":0.0},{"x":0.0,"y":0.0}]
    },
    {
      "SourcePinAddress":{
        "PinID":0,
        "PinOwnerID":1256989262
      },
      "TargetPinAddress":{
        "PinID":0,
        "PinOwnerID":1680063639
      },
      "ConnectionType":0,
      "ConnectedWireIndex":-1,
      "ConnectedWireSegmentIndex":-1,
      "Points":[{"x":0.0,"y":0.0},{"x":0.0,"y":0.0}]
    },
    {
      "SourcePinAddress":{
        "PinID":0,
        "PinOwnerID":1397080017
      },
      "TargetPinAddress":{
        "PinID":0,
        "PinOwnerID":580054658
      },
      "ConnectionType":0,
      "ConnectedWireIndex":-1,
      "ConnectedWireSegmentIndex":-1,
      "Points":[{"x":0.0,"y":0.0},{"x":0.0,"y":0.0}]
    },
    {
      "SourcePinAddress":{
        "PinID":435790458,
        "PinOwnerID":1442879961
      },
      "TargetPinAddress":{
        "PinID":3,
        "PinOwnerID":1569691909
      },
      "ConnectionType":0,
      "ConnectedWireIndex":-1,
      "ConnectedWireSegmentIndex":-1,
      "Points":[{"x":0.0,"y":0.0},{"x":0.0,"y":0.0}]
    },
    {
      "SourcePinAddress":{
        "PinID":435790458,
        "PinOwnerID":333125368
      },
      "TargetPinAddress":{
        "PinID":2,
        "PinOwnerID":1569691909
      },
      "ConnectionType":0,
      "ConnectedWireIndex":-1,
      "ConnectedWireSegmentIndex":-1,
      "Points":[{"x":0.0,"y":0.0},{"x":0.0,"y":0.0}]
    },
    {
      "SourcePinAddress":{
        "PinID":435790458,
        "PinOwnerID":1885730681
      },
      "TargetPinAddress":{
        "PinID":1,
        "PinOwnerID":1569691909
      },
      "ConnectionType":0,
      "ConnectedWireIndex":-1,
      "ConnectedWireSegmentIndex":-1,
      "Points":[{"x":0.0,"y":0.0},{"x":0.0,"y":0.0}]
    },
    {
      "SourcePinAddress":{
        "PinID":435790458,
        "PinOwnerID":1210493944
      },
      "TargetPinAddress":{
        "PinID":0,
        "PinOwnerID":1569691909
      },
      "ConnectionType":0,
      "ConnectedWireIndex":-1,
      "ConnectedWireSegmentIndex":-1,
      "Points":[{"x":0.0,"y":0.0},{"x":0.0,"y":0.0}]
    },
    {
      "SourcePinAddress":{
        "PinID":4,
        "PinOwnerID":233938031
      },
      "TargetPinAddress":{
        "PinID":1190476421,
        "PinOwnerID":1442879961
      },
      "ConnectionType":0,
      "ConnectedWireIndex":-1,
      "ConnectedWireSegmentIndex":-1,
      "Points":[{"x":0.0,"y":0.0},{"x":0.0,"y":0.0}]
    },
    {
      "SourcePinAddress":{
        "PinID":4,
        "PinOwnerID":1549231321
      },
      "TargetPinAddress":{
        "PinID":102764739,
        "PinOwnerID":1442879961
      },
      "ConnectionType":0,
      "ConnectedWireIndex":-1,
      "ConnectedWireSegmentIndex":-1,
      "Points":[{"x":0.0,"y":0.0},{"x":0.0,"y":0.0}]
    },
    {
      "SourcePinAddress":{
        "PinID":4,
        "PinOwnerID":1680063639
      },
      "TargetPinAddress":{
        "PinID":1968681037,
        "PinOwnerID":1442879961
      },
      "ConnectionType":0,
      "ConnectedWireIndex":-1,
      "ConnectedWireSegmentIndex":-1,
      "Points":[{"x":0.0,"y":0.0},{"x":0.0,"y":0.0}]
    },
    {
      "SourcePinAddress":{
        "PinID":4,
        "PinOwnerID":580054658
      },
      "TargetPinAddress":{
        "PinID":915249036,
        "PinOwnerID":1442879961
      },
      "ConnectionType":0,
      "ConnectedWireIndex":-1,
      "ConnectedWireSegmentIndex":-1,
      "Points":[{"x":0.0,"y":0.0},{"x":0.0,"y":0.0}]
    },
    {
      "SourcePinAddress":{
        "PinID":3,
        "PinOwnerID":233938031
      },
      "TargetPinAddress":{
        "PinID":1190476421,
        "PinOwnerID":333125368
      },
      "ConnectionType":0,
      "ConnectedWireIndex":-1,
      "ConnectedWireSegmentIndex":-1,
      "Points":[{"x":0.0,"y":0.0},{"x":0.0,"y":0.0}]
    },
    {
      "SourcePinAddress":{
        "PinID":3,
        "PinOwnerID":1549231321
      },
      "TargetPinAddress":{
        "PinID":102764739,
        "PinOwnerID":333125368
      },
      "ConnectionType":0,
      "ConnectedWireIndex":-1,
      "ConnectedWireSegmentIndex":-1,
      "Points":[{"x":0.0,"y":0.0},{"x":0.0,"y":0.0}]
    },
    {
      "SourcePinAddress":{
        "PinID":3,
        "PinOwnerID":1680063639
      },
      "TargetPinAddress":{
        "PinID":1968681037,
        "PinOwnerID":333125368
      },
      "ConnectionType":0,
      "ConnectedWireIndex":-1,
      "ConnectedWireSegmentIndex":-1,
      "Points":[{"x":0.0,"y":0.0},{"x":0.0,"y":0.0}]
    },
    {
      "SourcePinAddress":{
        "PinID":3,
        "PinOwnerID":580054658
      },
      "TargetPinAddress":{
        "PinID":915249036,
        "PinOwnerID":333125368
      },
      "ConnectionType":0,
      "ConnectedWireIndex":-1,
      "ConnectedWireSegmentIndex":-1,
      "Points":[{"x":0.0,"y":0.0},{"x":0.0,"y":0.0}]
    },
    {
      "SourcePinAddress":{
        "PinID":2,
        "PinOwnerID":233938031
      },
      "TargetPinAddress":{
        "PinID":1190476421,
        "PinOwnerID":1885730681
      },
      "ConnectionType":0,
      "ConnectedWireIndex":-1,
      "ConnectedWireSegmentIndex":-1,
      "Points":[{"x":0.0,"y":0.0},{"x":0.0,"y":0.0}]
    },
    {
      "SourcePinAddress":{
        "PinID":1,
        "PinOwnerID":233938031
      },
      "TargetPinAddress":{
        "PinID":1190476421,
        "PinOwnerID":1210493944
      },
      "ConnectionType":0,
      "ConnectedWireIndex":-1,
      "ConnectedWireSegmentIndex":-1,
      "Points":[{"x":0.0,"y":0.0},{"x":0.0,"y":0.0}]
    },
    {
      "SourcePinAddress":{
        "PinID":2,
        "PinOwnerID":1549231321
      },
      "TargetPinAddress":{
        "PinID":102764739,
        "PinOwnerID":1885730681
      },
      "ConnectionType":0,
      "ConnectedWireIndex":-1,
      "ConnectedWireSegmentIndex":-1,
      "Points":[{"x":0.0,"y":0.0},{"x":0.0,"y":0.0}]
    },
    {
      "SourcePinAddress":{
        "PinID":1,
        "PinOwnerID":1549231321
      },
      "TargetPinAddress":{
        "PinID":102764739,
        "PinOwnerID":1210493944
      },
      "ConnectionType":0,
      "ConnectedWireIndex":-1,
      "ConnectedWireSegmentIndex":-1,
      "Points":[{"x":0.0,"y":0.0},{"x":0.0,"y":0.0}]
    },
    {
      "SourcePinAddress":{
        "PinID":2,
        "PinOwnerID":1680063639
      },
      "TargetPinAddress":{
        "PinID":1968681037,
        "PinOwnerID":1885730681
      },
      "ConnectionType":0,
      "ConnectedWireIndex":-1,
      "ConnectedWireSegmentIndex":-1,
      "Points":[{"x":0.0,"y":0.0},{"x":0.0,"y":0.0}]
    },
    {
      "SourcePinAddress":{
        "PinID":1,
        "PinOwnerID":1680063639
      },
      "TargetPinAddress":{
        "PinID":1968681037,
        "PinOwnerID":1210493944
      },
      "ConnectionType":0,
      "ConnectedWireIndex":-1,
      "ConnectedWireSegmentIndex":-1,
      "Points":[{"x":0.0,"y":0.0},{"x":0.0,"y":0.0}]
    },
    {
      "SourcePinAddress":{
        "PinID":2,
        "PinOwnerID":580054658
      },
      "TargetPinAddress":{
        "PinID":915249036,
        "PinOwnerID":1885730681
      },
      "ConnectionType":0,
      "ConnectedWireIndex":-1,
      "ConnectedWireSegmentIndex":-1,
      "Points":[{"x":0.0,"y":0.0},{"x":0.0,"y":0.0}]
    },
    {
      "SourcePinAddress":{
        "PinID":1,
        "PinOwnerID":580054658
      },
      "TargetPinAddress":{
        "PinID":915249036,
        "PinOwnerID":1210493944
      },
      "ConnectionType":0,
      "ConnectedWireIndex":-1,
      "ConnectedWireSegmentIndex":-1,
      "Points":[{"x":0.0,"y":0.0},{"x":0.0,"y":0.0}]
    },
    {
      "SourcePinAddress":{
        "PinID":4,
        "PinOwnerID":1569691909
      },
      "TargetPinAddress":{
        "PinID":0,
        "PinOwnerID":1996340301
      },
      "ConnectionType":0,
      "ConnectedWireIndex":-1,
      "ConnectedWireSegmentIndex":-1,
      "Points":[{"x":0.0,"y":0.0},{"x":0.0,"y":0.0}]
    }
  ]
}