{
  "ChipType": 0,
  "Colour": {
    "r": 0.462828279,
    "g": 0.6429933,
    "b": 0.8264142,
    "a": 1
  },
  "Displays": null,
  "InputPins":[
    {
      "Name":"A",
      "ID":488883224,
      "Position":{
        "x":-9.875,
        "y":-3.75
      },
      "BitCount":1,
      "Colour":0,
      "ValueDisplayMode":0
    },
    {
      "Name":"B",
      "ID":1957987530,
      "Position":{
        "x":-9.875,
        "y":-4.625
      },
      "BitCount":1,
      "Colour":0,
      "ValueDisplayMode":0
    }
  ],
  "Name": "8BIT MULTI",
  "NameLocation": 0,
  "OutputPins":[
    {
      "Name":"XOR",
      "ID":650735794,
      "Position":{
        "x":-6.125,
        "y":-3.875
      },
      "BitCount":1,
      "Colour":0,
      "ValueDisplayMode":0
    },
    {
      "Name":"AND",
      "ID":629064732,
      "Position":{
        "x":-6.125,
        "y":-4.5
      },
      "BitCount":1,
      "Colour":0,
      "ValueDisplayMode":0
    }
  ],
  "Size": {
    "x": 1.025,
    "y": 0.5
  },
  "SubChips":[
    {
      "Name":"XOR",
      "ID":1481097300,
      "Label":"",
      "Position":{
        "x":-7.9525,
        "y":-3.875
      },
      "OutputPinColourInfo":[{"PinColour":0,"PinID":979300091}],
      "InternalData":null
    },
    {
      "Name":"AND",
      "ID":664940696,
      "Label":"",
      "Position":{
        "x":-7.9525,
        "y":-4.5
      },
      "OutputPinColourInfo":[{"PinColour":0,"PinID":2083071430}],
      "InternalData":null
    }
  ],
  "Wires":[
    {
      "SourcePinAddress":{
        "PinID":0,
        "PinOwnerID":1957987530
      },
      "TargetPinAddress":{
        "PinID":543772438,
        "PinOwnerID":664940696
      },
      "ConnectionType":0,
      "ConnectedWireIndex":-1,
      "ConnectedWireSegmentIndex":-1,
      "Points":[{"x":0.0,"y":0.0},{"x":0.0,"y":0.0}]
    },
    {
      "SourcePinAddress":{
        "PinID":0,
        "PinOwnerID":488883224
      },
      "TargetPinAddress":{
        "PinID":46046312,
        "PinOwnerID":1481097300
      },
      "ConnectionType":0,
      "ConnectedWireIndex":-1,
      "ConnectedWireSegmentIndex":-1,
      "Points":[{"x":0.0,"y":0.0},{"x":0.0,"y":0.0}]
    },
    {
      "SourcePinAddress":{
        "PinID":0,
        "PinOwnerID":488883224
      },
      "TargetPinAddress":{
        "PinID":897348161,
        "PinOwnerID":664940696
      },
      "ConnectionType":1,
      "ConnectedWireIndex":1,
      "ConnectedWireSegmentIndex":0,
      "Points":[{"x":-8.5,"y":-3.75},{"x":-8.5,"y":-4.375},{"x":0.0,"y":0.0}]
    },
    {
      "SourcePinAddress":{
        "PinID":0,
        "PinOwnerID":1957987530
      },
      "TargetPinAddress":{
        "PinID":401736906,
        "PinOwnerID":1481097300
      },
      "ConnectionType":1,
      "ConnectedWireIndex":0,
      "ConnectedWireSegmentIndex":0,
      "Points":[{"x":-8.625,"y":-4.625},{"x":-8.625,"y":-4.0},{"x":0.0,"y":0.0}]
    },
    {
      "SourcePinAddress":{
        "PinID":2083071430,
        "PinOwnerID":664940696
      },
      "TargetPinAddress":{
        "PinID":0,
        "PinOwnerID":629064732
      },
      "ConnectionType":0,
      "ConnectedWireIndex":-1,
      "ConnectedWireSegmentIndex":-1,
      "Points":[{"x":0.0,"y":0.0},{"x":0.0,"y":0.0}]
    },
    {
      "SourcePinAddress":{
        "PinID":979300091,
        "PinOwnerID":1481097300
      },
      "TargetPinAddress":{
        "PinID":0,
        "PinOwnerID":650735794
      },
      "ConnectionType":0,
      "ConnectedWireIndex":-1,
      "ConnectedWireSegmentIndex":-1,
      "Points":[{"x":0.0,"y":0.0},{"x":0.0,"y":0.0}]
    }
  ]
}