{
  "ChipType": 0,
  "Colour": {
    "r": 0.1631721,
    "g": 0.343204945,
    "b": 0.3884849,
    "a": 1
  },
  "Displays": null,
  "InputPins":[
    {
      "Name":"B 8BIT",
      "ID":2043454479,
      "Position":{
        "x":-17.125,
        "y":-1.625
      },
      "BitCount":8,
      "Colour":3,
      "ValueDisplayMode":1
    },
    {
      "Name":"A 8BIT",
      "ID":1448293545,
      "Position":{
        "x":-17.125,
        "y":-3.75
      },
      "BitCount":8,
      "Colour":1,
      "ValueDisplayMode":1
    }
  ],
  "Name": "FULL MULTI",
  "NameLocation": 0,
  "OutputPins":[],
  "Size": {
    "x": 1.025,
    "y": 1.0
  },
  "SubChips":[
    {
      "Name":"HALF ADDER",
      "ID":310802890,
      "Label":"",
      "Position":{
        "x":-7.7275,
        "y":-3.875
      },
      "OutputPinColourInfo":[{"PinColour":4,"PinID":1418829391},{"PinColour":0,"PinID":1760215222}],
      "InternalData":null
    },
    {
      "Name":"AND",
      "ID":1797035267,
      "Label":"",
      "Position":{
        "x":-9.0775,
        "y":-4.25
      },
      "OutputPinColourInfo":[{"PinColour":0,"PinID":2083071430}],
      "InternalData":null
    },
    {
      "Name":"FULL ADDER",
      "ID":5213451,
      "Label":"",
      "Position":{
        "x":-7.7275,
        "y":-5.375
      },
      "OutputPinColourInfo":[{"PinColour":4,"PinID":305019601},{"PinColour":0,"PinID":210039211}],
      "InternalData":null
    },
    {
      "Name":"AND",
      "ID":835955869,
      "Label":"",
      "Position":{
        "x":-9.0775,
        "y":-5.875
      },
      "OutputPinColourInfo":[{"PinColour":0,"PinID":2083071430}],
      "InternalData":null
    },
    {
      "Name":"AND",
      "ID":546693793,
      "Label":"",
      "Position":{
        "x":-10.4525,
        "y":-5.875
      },
      "OutputPinColourInfo":[{"PinColour":4,"PinID":2083071430}],
      "InternalData":null
    },
    {
      "Name":"AND",
      "ID":1462702409,
      "Label":"",
      "Position":{
        "x":-10.4525,
        "y":-4.25
      },
      "OutputPinColourInfo":[{"PinColour":4,"PinID":2083071430}],
      "InternalData":null
    },
    {
      "Name":"8-1BIT",
      "ID":1672214420,
      "Label":"",
      "Position":{
        "x":-13.9275,
        "y":-3.75
      },
      "OutputPinColourInfo":[{"PinColour":0,"PinID":1},{"PinColour":0,"PinID":2},{"PinColour":0,"PinID":3},{"PinColour":0,"PinID":4},{"PinColour":0,"PinID":5},{"PinColour":1,"PinID":6},{"PinColour":1,"PinID":7},{"PinColour":1,"PinID":8}],
      "InternalData":null
    },
    {
      "Name":"1-8BIT",
      "ID":676882269,
      "Label":"",
      "Position":{
        "x":-1.5525,
        "y":-2.5
      },
      "OutputPinColourInfo":[{"PinColour":0,"PinID":8}],
      "InternalData":null
    },
    {
      "Name":"8-1BIT",
      "ID":1698274761,
      "Label":"",
      "Position":{
        "x":-13.9275,
        "y":-1.625
      },
      "OutputPinColourInfo":[{"PinColour":0,"PinID":1},{"PinColour":0,"PinID":2},{"PinColour":0,"PinID":3},{"PinColour":0,"PinID":4},{"PinColour":0,"PinID":5},{"PinColour":3,"PinID":6},{"PinColour":3,"PinID":7},{"PinColour":3,"PinID":8}],
      "InternalData":null
    },
    {
      "Name":"HALF ADDER",
      "ID":962231789,
      "Label":"",
      "Position":{
        "x":-4.3525,
        "y":-3.875
      },
      "OutputPinColourInfo":[{"PinColour":0,"PinID":1418829391},{"PinColour":0,"PinID":1760215222}],
      "InternalData":null
    },
    {
      "Name":"FULL ADDER",
      "ID":1113858563,
      "Label":"",
      "Position":{
        "x":-4.3525,
        "y":-5.375
      },
      "OutputPinColourInfo":[{"PinColour":0,"PinID":305019601},{"PinColour":0,"PinID":210039211}],
      "InternalData":null
    },
    {
      "Name":"FULL ADDER",
      "ID":1920096810,
      "Label":"",
      "Position":{
        "x":-7.7275,
        "y":-7.375
      },
      "OutputPinColourInfo":[{"PinColour":4,"PinID":305019601},{"PinColour":0,"PinID":210039211}],
      "InternalData":null
    },
    {
      "Name":"AND",
      "ID":2062857462,
      "Label":"",
      "Position":{
        "x":-5.7025,
        "y":-4.25
      },
      "OutputPinColourInfo":[{"PinColour":0,"PinID":2083071430}],
      "InternalData":null
    },
    {
      "Name":"AND",
      "ID":181281852,
      "Label":"",
      "Position":{
        "x":-5.7025,
        "y":-5.875
      },
      "OutputPinColourInfo":[{"PinColour":0,"PinID":2083071430}],
      "InternalData":null
    },
    {
      "Name":"AND",
      "ID":436000699,
      "Label":"",
      "Position":{
        "x":-10.4525,
        "y":-7.875
      },
      "OutputPinColourInfo":[{"PinColour":4,"PinID":2083071430}],
      "InternalData":null
    },
    {
      "Name":"AND",
      "ID":830295712,
      "Label":"",
      "Position":{
        "x":-9.0775,
        "y":-7.875
      },
      "OutputPinColourInfo":[{"PinColour":0,"PinID":2083071430}],
      "InternalData":null
    },
    {
      "Name":"FULL ADDER",
      "ID":1048857623,
      "Label":"",
      "Position":{
        "x":-7.7275,
        "y":-9.375
      },
      "OutputPinColourInfo":[{"PinColour":0,"PinID":305019601},{"PinColour":0,"PinID":210039211}],
      "InternalData":null
    },
    {
      "Name":"FULL ADDER",
      "ID":1830719081,
      "Label":"",
      "Position":{
        "x":-7.7275,
        "y":-11.375
      },
      "OutputPinColourInfo":[{"PinColour":0,"PinID":305019601},{"PinColour":0,"PinID":210039211}],
      "InternalData":null
    },
    {
      "Name":"FULL ADDER",
      "ID":1201587954,
      "Label":"",
      "Position":{
        "x":-7.7275,
        "y":-13.375
      },
      "OutputPinColourInfo":[{"PinColour":0,"PinID":305019601},{"PinColour":0,"PinID":210039211}],
      "InternalData":null
    },
    {
      "Name":"FULL ADDER",
      "ID":193478845,
      "Label":"",
      "Position":{
        "x":-7.7275,
        "y":-15.375
      },
      "OutputPinColourInfo":[{"PinColour":0,"PinID":305019601},{"PinColour":0,"PinID":210039211}],
      "InternalData":null
    },
    {
      "Name":"AND",
      "ID":2043192146,
      "Label":"",
      "Position":{
        "x":-9.0775,
        "y":-9.875
      },
      "OutputPinColourInfo":[{"PinColour":0,"PinID":2083071430}],
      "InternalData":null
    },
    {
      "Name":"AND",
      "ID":424058392,
      "Label":"",
      "Position":{
        "x":-9.0775,
        "y":-11.875
      },
      "OutputPinColourInfo":[{"PinColour":0,"PinID":2083071430}],
      "InternalData":null
    },
    {
      "Name":"AND",
      "ID":1991388269,
      "Label":"",
      "Position":{
        "x":-9.0775,
        "y":-13.875
      },
      "OutputPinColourInfo":[{"PinColour":0,"PinID":2083071430}],
      "InternalData":null
    },
    {
      "Name":"AND",
      "ID":1273824087,
      "Label":"",
      "Position":{
        "x":-9.0775,
        "y":-15.875
      },
      "OutputPinColourInfo":[{"PinColour":0,"PinID":2083071430}],
      "InternalData":null
    }
  ],
  "Wires":[
    {
      "SourcePinAddress":{
        "PinID":2083071430,
        "PinOwnerID":1797035267
      },
      "TargetPinAddress":{
        "PinID":986843848,
        "PinOwnerID":310802890
      },
      "ConnectionType":0,
      "ConnectedWireIndex":-1,
      "ConnectedWireSegmentIndex":-1,
      "Points":[{"x":0.0,"y":0.0},{"x":-8.5,"y":-4.25},{"x":-8.5,"y":-4.0},{"x":0.0,"y":0.0}]
    },
    {
      "SourcePinAddress":{
        "PinID":1760215222,
        "PinOwnerID":310802890
      },
      "TargetPinAddress":{
        "PinID":1359743643,
        "PinOwnerID":5213451
      },
      "ConnectionType":0,
      "ConnectedWireIndex":-1,
      "ConnectedWireSegmentIndex":-1,
      "Points":[{"x":0.0,"y":0.0},{"x":-7.0,"y":-4.0},{"x":-7.0,"y":-4.375},{"x":-8.5,"y":-4.375},{"x":-8.5,"y":-4.875},{"x":0.0,"y":0.0}]
    },
    {
      "SourcePinAddress":{
        "PinID":2083071430,
        "PinOwnerID":835955869
      },
      "TargetPinAddress":{
        "PinID":8048486,
        "PinOwnerID":5213451
      },
      "ConnectionType":0,
      "ConnectedWireIndex":-1,
      "ConnectedWireSegmentIndex":-1,
      "Points":[{"x":0.0,"y":0.0},{"x":0.0,"y":0.0}]
    },
    {
      "SourcePinAddress":{
        "PinID":8,
        "PinOwnerID":1672214420
      },
      "TargetPinAddress":{
        "PinID":543772438,
        "PinOwnerID":1462702409
      },
      "ConnectionType":0,
      "ConnectedWireIndex":-1,
      "ConnectedWireSegmentIndex":-1,
      "Points":[{"x":0.0,"y":0.0},{"x":-11.25,"y":-4.625},{"x":-11.25,"y":-4.375},{"x":0.0,"y":0.0}]
    },
    {
      "SourcePinAddress":{
        "PinID":8,
        "PinOwnerID":1672214420
      },
      "TargetPinAddress":{
        "PinID":543772438,
        "PinOwnerID":1797035267
      },
      "ConnectionType":1,
      "ConnectedWireIndex":3,
      "ConnectedWireSegmentIndex":0,
      "Points":[{"x":-11.25,"y":-4.625},{"x":-9.875,"y":-4.625},{"x":-9.875,"y":-4.375},{"x":0.0,"y":0.0}]
    },
    {
      "SourcePinAddress":{
        "PinID":2083071430,
        "PinOwnerID":1462702409
      },
      "TargetPinAddress":{
        "PinID":7,
        "PinOwnerID":676882269
      },
      "ConnectionType":0,
      "ConnectedWireIndex":-1,
      "ConnectedWireSegmentIndex":-1,
      "Points":[{"x":0.0,"y":0.0},{"x":-9.875,"y":-4.25},{"x":-9.875,"y":-3.375},{"x":0.0,"y":0.0}]
    },
    {
      "SourcePinAddress":{
        "PinID":1418829391,
        "PinOwnerID":310802890
      },
      "TargetPinAddress":{
        "PinID":6,
        "PinOwnerID":676882269
      },
      "ConnectionType":0,
      "ConnectedWireIndex":-1,
      "ConnectedWireSegmentIndex":-1,
      "Points":[{"x":0.0,"y":0.0},{"x":-7.0,"y":-3.75},{"x":-7.0,"y":-3.125},{"x":0.0,"y":0.0}]
    },
    {
      "SourcePinAddress":{
        "PinID":7,
        "PinOwnerID":1698274761
      },
      "TargetPinAddress":{
        "PinID":897348161,
        "PinOwnerID":1797035267
      },
      "ConnectionType":0,
      "ConnectedWireIndex":-1,
      "ConnectedWireSegmentIndex":-1,
      "Points":[{"x":0.0,"y":0.0},{"x":-9.625,"y":-2.25},{"x":-9.625,"y":-4.125},{"x":0.0,"y":0.0}]
    },
    {
      "SourcePinAddress":{
        "PinID":8,
        "PinOwnerID":1698274761
      },
      "TargetPinAddress":{
        "PinID":897348161,
        "PinOwnerID":546693793
      },
      "ConnectionType":0,
      "ConnectedWireIndex":-1,
      "ConnectedWireSegmentIndex":-1,
      "Points":[{"x":0.0,"y":0.0},{"x":-11.0,"y":-2.5},{"x":-11.0,"y":-5.75},{"x":0.0,"y":0.0}]
    },
    {
      "SourcePinAddress":{
        "PinID":8,
        "PinOwnerID":1698274761
      },
      "TargetPinAddress":{
        "PinID":897348161,
        "PinOwnerID":1462702409
      },
      "ConnectionType":1,
      "ConnectedWireIndex":8,
      "ConnectedWireSegmentIndex":1,
      "Points":[{"x":-11.0,"y":-4.125},{"x":0.0,"y":0.0}]
    },
    {
      "SourcePinAddress":{
        "PinID":7,
        "PinOwnerID":1698274761
      },
      "TargetPinAddress":{
        "PinID":897348161,
        "PinOwnerID":835955869
      },
      "ConnectionType":1,
      "ConnectedWireIndex":7,
      "ConnectedWireSegmentIndex":1,
      "Points":[{"x":-9.625,"y":-4.125},{"x":-9.625,"y":-5.75},{"x":0.0,"y":0.0}]
    },
    {
      "SourcePinAddress":{
        "PinID":7,
        "PinOwnerID":1672214420
      },
      "TargetPinAddress":{
        "PinID":543772438,
        "PinOwnerID":835955869
      },
      "ConnectionType":0,
      "ConnectedWireIndex":-1,
      "ConnectedWireSegmentIndex":-1,
      "Points":[{"x":0.0,"y":0.0},{"x":-11.5,"y":-4.375},{"x":-11.5,"y":-6.25},{"x":-9.875,"y":-6.25},{"x":-9.875,"y":-6.0},{"x":0.0,"y":0.0}]
    },
    {
      "SourcePinAddress":{
        "PinID":7,
        "PinOwnerID":1672214420
      },
      "TargetPinAddress":{
        "PinID":543772438,
        "PinOwnerID":546693793
      },
      "ConnectionType":1,
      "ConnectedWireIndex":11,
      "ConnectedWireSegmentIndex":2,
      "Points":[{"x":-11.25,"y":-6.25},{"x":-11.25,"y":-6.0},{"x":0.0,"y":0.0}]
    },
    {
      "SourcePinAddress":{
        "PinID":2083071430,
        "PinOwnerID":546693793
      },
      "TargetPinAddress":{
        "PinID":1234685130,
        "PinOwnerID":310802890
      },
      "ConnectionType":0,
      "ConnectedWireIndex":-1,
      "ConnectedWireSegmentIndex":-1,
      "Points":[{"x":0.0,"y":0.0},{"x":-9.875,"y":-5.875},{"x":-9.875,"y":-4.875},{"x":-8.625,"y":-4.875},{"x":-8.625,"y":-3.75},{"x":0.0,"y":0.0}]
    },
    {
      "SourcePinAddress":{
        "PinID":210039211,
        "PinOwnerID":5213451
      },
      "TargetPinAddress":{
        "PinID":1359743643,
        "PinOwnerID":1920096810
      },
      "ConnectionType":0,
      "ConnectedWireIndex":-1,
      "ConnectedWireSegmentIndex":-1,
      "Points":[{"x":0.0,"y":0.0},{"x":-7.0,"y":-5.875},{"x":-7.0,"y":-6.5},{"x":-8.5,"y":-6.5},{"x":-8.5,"y":-6.875},{"x":0.0,"y":0.0}]
    },
    {
      "SourcePinAddress":{
        "PinID":305019601,
        "PinOwnerID":5213451
      },
      "TargetPinAddress":{
        "PinID":1234685130,
        "PinOwnerID":962231789
      },
      "ConnectionType":0,
      "ConnectedWireIndex":-1,
      "ConnectedWireSegmentIndex":-1,
      "Points":[{"x":0.0,"y":0.0},{"x":-6.75,"y":-4.875},{"x":-6.75,"y":-3.75},{"x":0.0,"y":0.0}]
    },
    {
      "SourcePinAddress":{
        "PinID":2083071430,
        "PinOwnerID":2062857462
      },
      "TargetPinAddress":{
        "PinID":986843848,
        "PinOwnerID":962231789
      },
      "ConnectionType":0,
      "ConnectedWireIndex":-1,
      "ConnectedWireSegmentIndex":-1,
      "Points":[{"x":0.0,"y":0.0},{"x":-5.125,"y":-4.25},{"x":-5.125,"y":-4.0},{"x":0.0,"y":0.0}]
    },
    {
      "SourcePinAddress":{
        "PinID":1760215222,
        "PinOwnerID":962231789
      },
      "TargetPinAddress":{
        "PinID":1359743643,
        "PinOwnerID":1113858563
      },
      "ConnectionType":0,
      "ConnectedWireIndex":-1,
      "ConnectedWireSegmentIndex":-1,
      "Points":[{"x":0.0,"y":0.0},{"x":-3.625,"y":-4.0},{"x":-3.625,"y":-4.375},{"x":-5.125,"y":-4.375},{"x":-5.125,"y":-4.875},{"x":0.0,"y":0.0}]
    },
    {
      "SourcePinAddress":{
        "PinID":305019601,
        "PinOwnerID":1920096810
      },
      "TargetPinAddress":{
        "PinID":755346290,
        "PinOwnerID":1113858563
      },
      "ConnectionType":0,
      "ConnectedWireIndex":-1,
      "ConnectedWireSegmentIndex":-1,
      "Points":[{"x":0.0,"y":0.0},{"x":-6.75,"y":-6.875},{"x":-6.75,"y":-5.375},{"x":0.0,"y":0.0}]
    },
    {
      "SourcePinAddress":{
        "PinID":2083071430,
        "PinOwnerID":181281852
      },
      "TargetPinAddress":{
        "PinID":8048486,
        "PinOwnerID":1113858563
      },
      "ConnectionType":0,
      "ConnectedWireIndex":-1,
      "ConnectedWireSegmentIndex":-1,
      "Points":[{"x":0.0,"y":0.0},{"x":0.0,"y":0.0}]
    },
    {
      "SourcePinAddress":{
        "PinID":6,
        "PinOwnerID":1698274761
      },
      "TargetPinAddress":{
        "PinID":897348161,
        "PinOwnerID":181281852
      },
      "ConnectionType":0,
      "ConnectedWireIndex":-1,
      "ConnectedWireSegmentIndex":-1,
      "Points":[{"x":0.0,"y":0.0},{"x":-6.25,"y":-2.0},{"x":-6.25,"y":-5.75},{"x":0.0,"y":0.0}]
    },
    {
      "SourcePinAddress":{
        "PinID":6,
        "PinOwnerID":1698274761
      },
      "TargetPinAddress":{
        "PinID":897348161,
        "PinOwnerID":2062857462
      },
      "ConnectionType":1,
      "ConnectedWireIndex":20,
      "ConnectedWireSegmentIndex":1,
      "Points":[{"x":-6.25,"y":-4.125},{"x":0.0,"y":0.0}]
    },
    {
      "SourcePinAddress":{
        "PinID":8,
        "PinOwnerID":1672214420
      },
      "TargetPinAddress":{
        "PinID":543772438,
        "PinOwnerID":2062857462
      },
      "ConnectionType":1,
      "ConnectedWireIndex":4,
      "ConnectedWireSegmentIndex":0,
      "Points":[{"x":-9.875,"y":-4.625},{"x":-6.5,"y":-4.625},{"x":-6.5,"y":-4.375},{"x":0.0,"y":0.0}]
    },
    {
      "SourcePinAddress":{
        "PinID":7,
        "PinOwnerID":1672214420
      },
      "TargetPinAddress":{
        "PinID":543772438,
        "PinOwnerID":181281852
      },
      "ConnectionType":1,
      "ConnectedWireIndex":11,
      "ConnectedWireSegmentIndex":2,
      "Points":[{"x":-9.875,"y":-6.25},{"x":-6.5,"y":-6.25},{"x":-6.5,"y":-6.0},{"x":0.0,"y":0.0}]
    },
    {
      "SourcePinAddress":{
        "PinID":1418829391,
        "PinOwnerID":962231789
      },
      "TargetPinAddress":{
        "PinID":5,
        "PinOwnerID":676882269
      },
      "ConnectionType":0,
      "ConnectedWireIndex":-1,
      "ConnectedWireSegmentIndex":-1,
      "Points":[{"x":0.0,"y":0.0},{"x":-3.625,"y":-3.75},{"x":-3.625,"y":-2.875},{"x":0.0,"y":0.0}]
    },
    {
      "SourcePinAddress":{
        "PinID":6,
        "PinOwnerID":1672214420
      },
      "TargetPinAddress":{
        "PinID":543772438,
        "PinOwnerID":830295712
      },
      "ConnectionType":0,
      "ConnectedWireIndex":-1,
      "ConnectedWireSegmentIndex":-1,
      "Points":[{"x":0.0,"y":0.0},{"x":-11.75,"y":-4.125},{"x":-11.75,"y":-8.25},{"x":-9.875,"y":-8.25},{"x":-9.875,"y":-8.0},{"x":0.0,"y":0.0}]
    },
    {
      "SourcePinAddress":{
        "PinID":6,
        "PinOwnerID":1672214420
      },
      "TargetPinAddress":{
        "PinID":543772438,
        "PinOwnerID":436000699
      },
      "ConnectionType":1,
      "ConnectedWireIndex":25,
      "ConnectedWireSegmentIndex":2,
      "Points":[{"x":-11.25,"y":-8.25},{"x":-11.25,"y":-8.0},{"x":0.0,"y":0.0}]
    },
    {
      "SourcePinAddress":{
        "PinID":2083071430,
        "PinOwnerID":830295712
      },
      "TargetPinAddress":{
        "PinID":8048486,
        "PinOwnerID":1920096810
      },
      "ConnectionType":0,
      "ConnectedWireIndex":-1,
      "ConnectedWireSegmentIndex":-1,
      "Points":[{"x":0.0,"y":0.0},{"x":0.0,"y":0.0}]
    },
    {
      "SourcePinAddress":{
        "PinID":2083071430,
        "PinOwnerID":436000699
      },
      "TargetPinAddress":{
        "PinID":755346290,
        "PinOwnerID":5213451
      },
      "ConnectionType":0,
      "ConnectedWireIndex":-1,
      "ConnectedWireSegmentIndex":-1,
      "Points":[{"x":0.0,"y":0.0},{"x":-9.875,"y":-7.875},{"x":-9.875,"y":-6.5},{"x":-8.625,"y":-6.5},{"x":-8.625,"y":-5.375},{"x":0.0,"y":0.0}]
    },
    {
      "SourcePinAddress":{
        "PinID":2083071430,
        "PinOwnerID":2043192146
      },
      "TargetPinAddress":{
        "PinID":8048486,
        "PinOwnerID":1048857623
      },
      "ConnectionType":0,
      "ConnectedWireIndex":-1,
      "ConnectedWireSegmentIndex":-1,
      "Points":[{"x":0.0,"y":0.0},{"x":0.0,"y":0.0}]
    },
    {
      "SourcePinAddress":{
        "PinID":2083071430,
        "PinOwnerID":424058392
      },
      "TargetPinAddress":{
        "PinID":8048486,
        "PinOwnerID":1830719081
      },
      "ConnectionType":0,
      "ConnectedWireIndex":-1,
      "ConnectedWireSegmentIndex":-1,
      "Points":[{"x":0.0,"y":0.0},{"x":0.0,"y":0.0}]
    },
    {
      "SourcePinAddress":{
        "PinID":2083071430,
        "PinOwnerID":1991388269
      },
      "TargetPinAddress":{
        "PinID":8048486,
        "PinOwnerID":1201587954
      },
      "ConnectionType":0,
      "ConnectedWireIndex":-1,
      "ConnectedWireSegmentIndex":-1,
      "Points":[{"x":0.0,"y":0.0},{"x":0.0,"y":0.0}]
    },
    {
      "SourcePinAddress":{
        "PinID":2083071430,
        "PinOwnerID":1273824087
      },
      "TargetPinAddress":{
        "PinID":8048486,
        "PinOwnerID":193478845
      },
      "ConnectionType":0,
      "ConnectedWireIndex":-1,
      "ConnectedWireSegmentIndex":-1,
      "Points":[{"x":0.0,"y":0.0},{"x":0.0,"y":0.0}]
    },
    {
      "SourcePinAddress":{
        "PinID":0,
        "PinOwnerID":2043454479
      },
      "TargetPinAddress":{
        "PinID":0,
        "PinOwnerID":1698274761
      },
      "ConnectionType":0,
      "ConnectedWireIndex":-1,
      "ConnectedWireSegmentIndex":-1,
      "Points":[{"x":0.0,"y":0.0},{"x":0.0,"y":0.0}]
    },
    {
      "SourcePinAddress":{
        "PinID":0,
        "PinOwnerID":1448293545
      },
      "TargetPinAddress":{
        "PinID":0,
        "PinOwnerID":1672214420
      },
      "ConnectionType":0,
      "ConnectedWireIndex":-1,
      "ConnectedWireSegmentIndex":-1,
      "Points":[{"x":0.0,"y":0.0},{"x":0.0,"y":0.0}]
    }
  ]
}