{
  "ChipType": 0,
  "Colour": {
    "r": 0.3212241,
    "g": 0.486791223,
    "b": 0.5825586,
    "a": 1
  },
  "Displays": null,
  "InputPins":[
    {
      "Name":"SET",
      "ID":1257740951,
      "Position":{
        "x":-10.76582,
        "y":2.54455
      },
      "BitCount":1,
      "Colour":0,
      "ValueDisplayMode":0
    },
    {
      "Name":"RESET",
      "ID":2064725534,
      "Position":{
        "x":-10.76582,
        "y":2.02955
      },
      "BitCount":1,
      "Colour":0,
      "ValueDisplayMode":0
    }
  ],
  "Name": "SR LATCH NOR GATES",
  "NameLocation": 0,
  "OutputPins":[
    {
      "Name":"OUT",
      "ID":1747704607,
      "Position":{
        "x":0.9017,
        "y":2.53402
      },
      "BitCount":1,
      "Colour":0,
      "ValueDisplayMode":0
    }
  ],
  "Size": {
    "x": 1.55,
    "y": 0.5
  },
  "SubChips":[
    {
      "Name":"NOR",
      "ID":1165378193,
      "Label":"",
      "Position":{
        "x":-3.56313,
        "y":2.68144
      },
      "OutputPinColourInfo":[{"PinColour":0,"PinID":1052563618}],
      "InternalData":null
    },
    {
      "Name":"NOR",
      "ID":1785693244,
      "Label":"",
      "Position":{
        "x":-3.5526,
        "y":1.9672
      },
      "OutputPinColourInfo":[{"PinColour":0,"PinID":1052563618}],
      "InternalData":null
    }
  ],
  "Wires":[
    {
      "SourcePinAddress":{
        "PinID":1052563618,
        "PinOwnerID":1785693244
      },
      "TargetPinAddress":{
        "PinID":590874012,
        "PinOwnerID":1165378193
      },
      "ConnectionType":0,
      "ConnectedWireIndex":-1,
      "ConnectedWireSegmentIndex":-1,
      "Points":[{"x":0.0,"y":0.0},{"x":0.0,"y":0.0}]
    },
    {
      "SourcePinAddress":{
        "PinID":1052563618,
        "PinOwnerID":1165378193
      },
      "TargetPinAddress":{
        "PinID":255988826,
        "PinOwnerID":1785693244
      },
      "ConnectionType":0,
      "ConnectedWireIndex":-1,
      "ConnectedWireSegmentIndex":-1,
      "Points":[{"x":0.0,"y":0.0},{"x":0.0,"y":0.0}]
    },
    {
      "SourcePinAddress":{
        "PinID":0,
        "PinOwnerID":1257740951
      },
      "TargetPinAddress":{
        "PinID":255988826,
        "PinOwnerID":1165378193
      },
      "ConnectionType":0,
      "ConnectedWireIndex":-1,
      "ConnectedWireSegmentIndex":-1,
      "Points":[{"x":0.0,"y":0.0},{"x":0.0,"y":0.0}]
    },
    {
      "SourcePinAddress":{
        "PinID":0,
        "PinOwnerID":2064725534
      },
      "TargetPinAddress":{
        "PinID":590874012,
        "PinOwnerID":1785693244
      },
      "ConnectionType":0,
      "ConnectedWireIndex":-1,
      "ConnectedWireSegmentIndex":-1,
      "Points":[{"x":0.0,"y":0.0},{"x":0.0,"y":0.0}]
    },
    {
      "SourcePinAddress":{
        "PinID":1052563618,
        "PinOwnerID":1785693244
      },
      "TargetPinAddress":{
        "PinID":0,
        "PinOwnerID":1747704607
      },
      "ConnectionType":0,
      "ConnectedWireIndex":-1,
      "ConnectedWireSegmentIndex":-1,
      "Points":[{"x":0.0,"y":0.0},{"x":0.0,"y":0.0}]
    }
  ]
}