{
  "ChipType": 0,
  "Colour": {
    "r": 0.714139342,
    "g": 0.269089,
    "b": 0.6524605,
    "a": 1
  },
  "Displays": null,
  "InputPins":[
    {
      "Name":"IN",
      "ID":236340836,
      "Position":{
        "x":-5.15741,
        "y":-0.11111
      },
      "BitCount":1,
      "Colour":0,
      "ValueDisplayMode":0
    },
    {
      "Name":"IN",
      "ID":1953478530,
      "Position":{
        "x":-5.15741,
        "y":-0.62611
      },
      "BitCount":1,
      "Colour":0,
      "ValueDisplayMode":0
    },
    {
      "Name":"IN",
      "ID":1014040896,
      "Position":{
        "x":-7.01852,
        "y":-5.0
      },
      "BitCount":1,
      "Colour":0,
      "ValueDisplayMode":0
    }
  ],
  "Name": "XNOR",
  "NameLocation": 0,
  "OutputPins":[
    {
      "Name":"OUT",
      "ID":1704362369,
      "Position":{
        "x":3.23148,
        "y":-0.73148
      },
      "BitCount":1,
      "Colour":0,
      "ValueDisplayMode":0
    }
  ],
  "Size": {
    "x": 0.725,
    "y": 0.75
  },
  "SubChips":[
    {
      "Name":"NAND",
      "ID":1754862882,
      "Label":"",
      "Position":{
        "x":-2.5,
        "y":0.22222
      },
      "OutputPinColourInfo":[{"PinColour":0,"PinID":2}],
      "InternalData":null
    },
    {
      "Name":"NAND",
      "ID":1282065350,
      "Label":"",
      "Position":{
        "x":-2.5,
        "y":-0.40778
      },
      "OutputPinColourInfo":[{"PinColour":0,"PinID":2}],
      "InternalData":null
    },
    {
      "Name":"NAND",
      "ID":82253193,
      "Label":"",
      "Position":{
        "x":-2.5,
        "y":-1.03778
      },
      "OutputPinColourInfo":[{"PinColour":0,"PinID":2}],
      "InternalData":null
    },
    {
      "Name":"NAND",
      "ID":699381379,
      "Label":"",
      "Position":{
        "x":1.26852,
        "y":-0.12963
      },
      "OutputPinColourInfo":[{"PinColour":0,"PinID":2}],
      "InternalData":null
    },
    {
      "Name":"NAND",
      "ID":133639298,
      "Label":"",
      "Position":{
        "x":-0.49074,
        "y":-0.75037
      },
      "OutputPinColourInfo":[{"PinColour":0,"PinID":2}],
      "InternalData":null
    }
  ],
  "Wires":[
    {
      "SourcePinAddress":{
        "PinID":0,
        "PinOwnerID":236340836
      },
      "TargetPinAddress":{
        "PinID":0,
        "PinOwnerID":1754862882
      },
      "ConnectionType":0,
      "ConnectedWireIndex":-1,
      "ConnectedWireSegmentIndex":-1,
      "Points":[{"x":0.0,"y":0.0},{"x":0.0,"y":0.0}]
    },
    {
      "SourcePinAddress":{
        "PinID":0,
        "PinOwnerID":236340836
      },
      "TargetPinAddress":{
        "PinID":0,
        "PinOwnerID":1282065350
      },
      "ConnectionType":0,
      "ConnectedWireIndex":-1,
      "ConnectedWireSegmentIndex":-1,
      "Points":[{"x":0.0,"y":0.0},{"x":0.0,"y":0.0}]
    },
    {
      "SourcePinAddress":{
        "PinID":0,
        "PinOwnerID":236340836
      },
      "TargetPinAddress":{
        "PinID":1,
        "PinOwnerID":1282065350
      },
      "ConnectionType":0,
      "ConnectedWireIndex":-1,
      "ConnectedWireSegmentIndex":-1,
      "Points":[{"x":0.0,"y":0.0},{"x":0.0,"y":0.0}]
    },
    {
      "SourcePinAddress":{
        "PinID":0,
        "PinOwnerID":1953478530
      },
      "TargetPinAddress":{
        "PinID":1,
        "PinOwnerID":1754862882
      },
      "ConnectionType":0,
      "ConnectedWireIndex":-1,
      "ConnectedWireSegmentIndex":-1,
      "Points":[{"x":0.0,"y":0.0},{"x":0.0,"y":0.0}]
    },
    {
      "SourcePinAddress":{
        "PinID":0,
        "PinOwnerID":1953478530
      },
      "TargetPinAddress":{
        "PinID":0,
        "PinOwnerID":82253193
      },
      "ConnectionType":0,
      "ConnectedWireIndex":-1,
      "ConnectedWireSegmentIndex":-1,
      "Points":[{"x":0.0,"y":0.0},{"x":0.0,"y":0.0}]
    },
    {
      "SourcePinAddress":{
        "PinID":0,
        "PinOwnerID":1953478530
      },
      "TargetPinAddress":{
        "PinID":1,
        "PinOwnerID":82253193
      },
      "ConnectionType":0,
      "ConnectedWireIndex":-1,
      "ConnectedWireSegmentIndex":-1,
      "Points":[{"x":0.0,"y":0.0},{"x":0.0,"y":0.0}]
    },
    {
      "SourcePinAddress":{
        "PinID":2,
        "PinOwnerID":82253193
      },
      "TargetPinAddress":{
        "PinID":1,
        "PinOwnerID":133639298
      },
      "ConnectionType":0,
      "ConnectedWireIndex":-1,
      "ConnectedWireSegmentIndex":-1,
      "Points":[{"x":0.0,"y":0.0},{"x":0.0,"y":0.0}]
    },
    {
      "SourcePinAddress":{
        "PinID":2,
        "PinOwnerID":1282065350
      },
      "TargetPinAddress":{
        "PinID":0,
        "PinOwnerID":133639298
      },
      "ConnectionType":0,
      "ConnectedWireIndex":-1,
      "ConnectedWireSegmentIndex":-1,
      "Points":[{"x":0.0,"y":0.0},{"x":0.0,"y":0.0}]
    },
    {
      "SourcePinAddress":{
        "PinID":2,
        "PinOwnerID":1754862882
      },
      "TargetPinAddress":{
        "PinID":0,
        "PinOwnerID":699381379
      },
      "ConnectionType":0,
      "ConnectedWireIndex":-1,
      "ConnectedWireSegmentIndex":-1,
      "Points":[{"x":0.0,"y":0.0},{"x":0.0,"y":0.0}]
    },
    {
      "SourcePinAddress":{
        "PinID":2,
        "PinOwnerID":133639298
      },
      "TargetPinAddress":{
        "PinID":1,
        "PinOwnerID":699381379
      },
      "ConnectionType":0,
      "ConnectedWireIndex":-1,
      "ConnectedWireSegmentIndex":-1,
      "Points":[{"x":0.0,"y":0.0},{"x":0.0,"y":0.0}]
    },
    {
      "SourcePinAddress":{
        "PinID":2,
        "PinOwnerID":699381379
      },
      "TargetPinAddress":{
        "PinID":0,
        "PinOwnerID":1704362369
      },
      "ConnectionType":0,
      "ConnectedWireIndex":-1,
      "ConnectedWireSegmentIndex":-1,
      "Points":[{"x":0.0,"y":0.0},{"x":0.0,"y":0.0}]
    }
  ]
}