{
  "ChipType": 0,
  "Colour": {
    "r": 0.850965142,
    "g": 0.7057236,
    "b": 0.649007738,
    "a": 1
  },
  "Displays": null,
  "InputPins":[
    {
      "Name":"READ/WRITE",
      "ID":1494111972,
      "Position":{
        "x":-7.59703,
        "y":3.20776
      },
      "BitCount":1,
      "Colour":0,
      "ValueDisplayMode":0
    },
    {
      "Name":"CLOCK",
      "ID":1099472948,
      "Position":{
        "x":-7.65379,
        "y":2.12512
      },
      "BitCount":1,
      "Colour":0,
      "ValueDisplayMode":0
    },
    {
      "Name":"DATA",
      "ID":879168499,
      "Position":{
        "x":-7.66514,
        "y":1.49659
      },
      "BitCount":1,
      "Colour":0,
      "ValueDisplayMode":0
    },
    {
      "Name":"ENABLE",
      "ID":663119724,
      "Position":{
        "x":-7.74461,
        "y":0.65339
      },
      "BitCount":1,
      "Colour":0,
      "ValueDisplayMode":0
    }
  ],
  "Name": "1 BIT",
  "NameLocation": 0,
  "OutputPins":[
    {
      "Name":"OUT",
      "ID":300027242,
      "Position":{
        "x":1.65548,
        "y":2.26548
      },
      "BitCount":1,
      "Colour":0,
      "ValueDisplayMode":0
    }
  ],
  "Size": {
    "x": 0.875,
    "y": 1.0
  },
  "SubChips":[
    {
      "Name":"DATA SET MEMORY",
      "ID":19911537,
      "Label":"",
      "Position":{
        "x":-2.01147,
        "y":1.56161
      },
      "OutputPinColourInfo":[{"PinColour":0,"PinID":511793979}],
      "InternalData":null
    },
    {
      "Name":"AND",
      "ID":150018432,
      "Label":"",
      "Position":{
        "x":-1.1146,
        "y":2.78211
      },
      "OutputPinColourInfo":[{"PinColour":0,"PinID":2083071430}],
      "InternalData":null
    },
    {
      "Name":"AND",
      "ID":1153075675,
      "Label":"",
      "Position":{
        "x":-4.92913,
        "y":2.53795
      },
      "OutputPinColourInfo":[{"PinColour":0,"PinID":2083071430}],
      "InternalData":null
    },
    {
      "Name":"NOT",
      "ID":391905424,
      "Label":"",
      "Position":{
        "x":-5.05401,
        "y":3.11708
      },
      "OutputPinColourInfo":[{"PinColour":0,"PinID":1732242051}],
      "InternalData":null
    },
    {
      "Name":"AND",
      "ID":1474614919,
      "Label":"",
      "Position":{
        "x":-0.25179,
        "y":0.98262
      },
      "OutputPinColourInfo":[{"PinColour":0,"PinID":2083071430}],
      "InternalData":null
    },
    {
      "Name":"AND",
      "ID":1577126551,
      "Label":"",
      "Position":{
        "x":-3.56679,
        "y":2.1633
      },
      "OutputPinColourInfo":[{"PinColour":0,"PinID":2083071430}],
      "InternalData":null
    }
  ],
  "Wires":[
    {
      "SourcePinAddress":{
        "PinID":511793979,
        "PinOwnerID":19911537
      },
      "TargetPinAddress":{
        "PinID":543772438,
        "PinOwnerID":150018432
      },
      "ConnectionType":0,
      "ConnectedWireIndex":-1,
      "ConnectedWireSegmentIndex":-1,
      "Points":[{"x":0.0,"y":0.0},{"x":0.0,"y":0.0}]
    },
    {
      "SourcePinAddress":{
        "PinID":0,
        "PinOwnerID":1099472948
      },
      "TargetPinAddress":{
        "PinID":543772438,
        "PinOwnerID":1153075675
      },
      "ConnectionType":0,
      "ConnectedWireIndex":-1,
      "ConnectedWireSegmentIndex":-1,
      "Points":[{"x":0.0,"y":0.0},{"x":0.0,"y":0.0}]
    },
    {
      "SourcePinAddress":{
        "PinID":0,
        "PinOwnerID":879168499
      },
      "TargetPinAddress":{
        "PinID":1965997796,
        "PinOwnerID":19911537
      },
      "ConnectionType":0,
      "ConnectedWireIndex":-1,
      "ConnectedWireSegmentIndex":-1,
      "Points":[{"x":0.0,"y":0.0},{"x":0.0,"y":0.0}]
    },
    {
      "SourcePinAddress":{
        "PinID":0,
        "PinOwnerID":1494111972
      },
      "TargetPinAddress":{
        "PinID":1772587332,
        "PinOwnerID":391905424
      },
      "ConnectionType":0,
      "ConnectedWireIndex":-1,
      "ConnectedWireSegmentIndex":-1,
      "Points":[{"x":0.0,"y":0.0},{"x":0.0,"y":0.0}]
    },
    {
      "SourcePinAddress":{
        "PinID":0,
        "PinOwnerID":1494111972
      },
      "TargetPinAddress":{
        "PinID":897348161,
        "PinOwnerID":1153075675
      },
      "ConnectionType":0,
      "ConnectedWireIndex":-1,
      "ConnectedWireSegmentIndex":-1,
      "Points":[{"x":0.0,"y":0.0},{"x":0.0,"y":0.0}]
    },
    {
      "SourcePinAddress":{
        "PinID":1732242051,
        "PinOwnerID":391905424
      },
      "TargetPinAddress":{
        "PinID":897348161,
        "PinOwnerID":150018432
      },
      "ConnectionType":0,
      "ConnectedWireIndex":-1,
      "ConnectedWireSegmentIndex":-1,
      "Points":[{"x":0.0,"y":0.0},{"x":0.0,"y":0.0}]
    },
    {
      "SourcePinAddress":{
        "PinID":2083071430,
        "PinOwnerID":150018432
      },
      "TargetPinAddress":{
        "PinID":897348161,
        "PinOwnerID":1474614919
      },
      "ConnectionType":0,
      "ConnectedWireIndex":-1,
      "ConnectedWireSegmentIndex":-1,
      "Points":[{"x":0.0,"y":0.0},{"x":0.0,"y":0.0}]
    },
    {
      "SourcePinAddress":{
        "PinID":2083071430,
        "PinOwnerID":1474614919
      },
      "TargetPinAddress":{
        "PinID":0,
        "PinOwnerID":300027242
      },
      "ConnectionType":0,
      "ConnectedWireIndex":-1,
      "ConnectedWireSegmentIndex":-1,
      "Points":[{"x":0.0,"y":0.0},{"x":0.0,"y":0.0}]
    },
    {
      "SourcePinAddress":{
        "PinID":2083071430,
        "PinOwnerID":1577126551
      },
      "TargetPinAddress":{
        "PinID":273532408,
        "PinOwnerID":19911537
      },
      "ConnectionType":0,
      "ConnectedWireIndex":-1,
      "ConnectedWireSegmentIndex":-1,
      "Points":[{"x":0.0,"y":0.0},{"x":0.0,"y":0.0}]
    },
    {
      "SourcePinAddress":{
        "PinID":2083071430,
        "PinOwnerID":1153075675
      },
      "TargetPinAddress":{
        "PinID":897348161,
        "PinOwnerID":1577126551
      },
      "ConnectionType":0,
      "ConnectedWireIndex":-1,
      "ConnectedWireSegmentIndex":-1,
      "Points":[{"x":0.0,"y":0.0},{"x":0.0,"y":0.0}]
    },
    {
      "SourcePinAddress":{
        "PinID":0,
        "PinOwnerID":663119724
      },
      "TargetPinAddress":{
        "PinID":543772438,
        "PinOwnerID":1577126551
      },
      "ConnectionType":0,
      "ConnectedWireIndex":-1,
      "ConnectedWireSegmentIndex":-1,
      "Points":[{"x":0.0,"y":0.0},{"x":0.0,"y":0.0}]
    },
    {
      "SourcePinAddress":{
        "PinID":0,
        "PinOwnerID":663119724
      },
      "TargetPinAddress":{
        "PinID":543772438,
        "PinOwnerID":1474614919
      },
      "ConnectionType":0,
      "ConnectedWireIndex":-1,
      "ConnectedWireSegmentIndex":-1,
      "Points":[{"x":0.0,"y":0.0},{"x":0.0,"y":0.0}]
    }
  ]
}