{
  "ChipType": 0,
  "Colour": {
    "r": 0.114063278,
    "g": 0.2300294,
    "b": 0.149486721,
    "a": 1
  },
  "Displays": null,
  "InputPins":[
    {
      "Name":"READ/WRITE",
      "ID":942039200,
      "Position":{
        "x":-11.19954,
        "y":4.0289
      },
      "BitCount":1,
      "Colour":0,
      "ValueDisplayMode":0
    },
    {
      "Name":"CLOCK",
      "ID":1814865224,
      "Position":{
        "x":-11.19954,
        "y":3.5139
      },
      "BitCount":1,
      "Colour":0,
      "ValueDisplayMode":0
    },
    {
      "Name":"DATA",
      "ID":527740920,
      "Position":{
        "x":-11.19954,
        "y":2.9989
      },
      "BitCount":1,
      "Colour":0,
      "ValueDisplayMode":0
    },
    {
      "Name":"ENABLE X",
      "ID":1192895989,
      "Position":{
        "x":-11.19954,
        "y":2.4839
      },
      "BitCount":1,
      "Colour":0,
      "ValueDisplayMode":0
    },
    {
      "Name":"ENABLE Y",
      "ID":1660780117,
      "Position":{
        "x":-11.19954,
        "y":1.9689
      },
      "BitCount":1,
      "Colour":0,
      "ValueDisplayMode":0
    }
  ],
  "Name": "1 BIT MEM LOCATION",
  "NameLocation": 0,
  "OutputPins":[
    {
      "Name":"OUT",
      "ID":2042961238,
      "Position":{
        "x":-2.51623,
        "y":3.03746
      },
      "BitCount":1,
      "Colour":0,
      "ValueDisplayMode":0
    }
  ],
  "Size": {
    "x": 1.55,
    "y": 1.25
  },
  "SubChips":[
    {
      "Name":"1 BIT",
      "ID":803095595,
      "Label":"",
      "Position":{
        "x":-6.10068,
        "y":3.09193
      },
      "OutputPinColourInfo":[{"PinColour":0,"PinID":300027242}],
      "InternalData":null
    },
    {
      "Name":"AND",
      "ID":1023634692,
      "Label":"",
      "Position":{
        "x":-8.69369,
        "y":2.24212
      },
      "OutputPinColourInfo":[{"PinColour":0,"PinID":2083071430}],
      "InternalData":null
    }
  ],
  "Wires":[
    {
      "SourcePinAddress":{
        "PinID":2083071430,
        "PinOwnerID":1023634692
      },
      "TargetPinAddress":{
        "PinID":663119724,
        "PinOwnerID":803095595
      },
      "ConnectionType":0,
      "ConnectedWireIndex":-1,
      "ConnectedWireSegmentIndex":-1,
      "Points":[{"x":0.0,"y":0.0},{"x":0.0,"y":0.0}]
    },
    {
      "SourcePinAddress":{
        "PinID":0,
        "PinOwnerID":1192895989
      },
      "TargetPinAddress":{
        "PinID":897348161,
        "PinOwnerID":1023634692
      },
      "ConnectionType":0,
      "ConnectedWireIndex":-1,
      "ConnectedWireSegmentIndex":-1,
      "Points":[{"x":0.0,"y":0.0},{"x":0.0,"y":0.0}]
    },
    {
      "SourcePinAddress":{
        "PinID":0,
        "PinOwnerID":1660780117
      },
      "TargetPinAddress":{
        "PinID":543772438,
        "PinOwnerID":1023634692
      },
      "ConnectionType":0,
      "ConnectedWireIndex":-1,
      "ConnectedWireSegmentIndex":-1,
      "Points":[{"x":0.0,"y":0.0},{"x":0.0,"y":0.0}]
    },
    {
      "SourcePinAddress":{
        "PinID":0,
        "PinOwnerID":527740920
      },
      "TargetPinAddress":{
        "PinID":879168499,
        "PinOwnerID":803095595
      },
      "ConnectionType":0,
      "ConnectedWireIndex":-1,
      "ConnectedWireSegmentIndex":-1,
      "Points":[{"x":0.0,"y":0.0},{"x":0.0,"y":0.0}]
    },
    {
      "SourcePinAddress":{
        "PinID":0,
        "PinOwnerID":1814865224
      },
      "TargetPinAddress":{
        "PinID":1099472948,
        "PinOwnerID":803095595
      },
      "ConnectionType":0,
      "ConnectedWireIndex":-1,
      "ConnectedWireSegmentIndex":-1,
      "Points":[{"x":0.0,"y":0.0},{"x":0.0,"y":0.0}]
    },
    {
      "SourcePinAddress":{
        "PinID":0,
        "PinOwnerID":942039200
      },
      "TargetPinAddress":{
        "PinID":1494111972,
        "PinOwnerID":803095595
      },
      "ConnectionType":0,
      "ConnectedWireIndex":-1,
      "ConnectedWireSegmentIndex":-1,
      "Points":[{"x":0.0,"y":0.0},{"x":0.0,"y":0.0}]
    },
    {
      "SourcePinAddress":{
        "PinID":300027242,
        "PinOwnerID":803095595
      },
      "TargetPinAddress":{
        "PinID":0,
        "PinOwnerID":2042961238
      },
      "ConnectionType":0,
      "ConnectedWireIndex":-1,
      "ConnectedWireSegmentIndex":-1,
      "Points":[{"x":0.0,"y":0.0},{"x":0.0,"y":0.0}]
    }
  ]
}