{
  "ChipType": 0,
  "Colour": {
    "r": 0.379684746,
    "g": 0.29064548,
    "b": 0.152205065,
    "a": 1
  },
  "Displays":[],
  "InputPins":[],
  "Name": "1",
  "NameLocation": 0,
  "OutputPins":[
    {
      "Name":"OUT",
      "ID":1530091905,
      "Position":{
        "x":-0.625,
        "y":-1.25
      },
      "BitCount":1,
      "Colour":0,
      "ValueDisplayMode":0
    }
  ],
  "Size": {
    "x": 0.37,
    "y": 0.375
  },
  "SubChips":[
    {
      "Name":"NOT",
      "ID":1838054991,
      "Label":"",
      "Position":{
        "x":-2.5775,
        "y":-1.25
      },
      "OutputPinColourInfo":[{"PinColour":0,"PinID":1732242051}],
      "InternalData":null
    }
  ],
  "Wires":[
    {
      "SourcePinAddress":{
        "PinID":1732242051,
        "PinOwnerID":1838054991
      },
      "TargetPinAddress":{
        "PinID":0,
        "PinOwnerID":1530091905
      },
      "ConnectionType":0,
      "ConnectedWireIndex":-1,
      "ConnectedWireSegmentIndex":-1,
      "Points":[{"x":0.0,"y":0.0},{"x":0.0,"y":0.0}]
    }
  ]
}