{
  "ChipType": 0,
  "Colour": {
    "r": 0.449517,
    "g": 0.183891922,
    "b": 0.0158297513,
    "a": 1
  },
  "Displays":[
    {
      "SubChipID":823637695,
      "Position":{
        "x":2.0,
        "y":0.125
      },
      "Scale":1.0
    },
    {
      "SubChipID":1432735509,
      "Position":{
        "x":1.0,
        "y":0.125
      },
      "Scale":1.0
    },
    {
      "SubChipID":1938591280,
      "Position":{
        "x":0.0,
        "y":0.125
      },
      "Scale":1.0
    },
    {
      "SubChipID":1605573288,
      "Position":{
        "x":-1.0,
        "y":0.125
      },
      "Scale":1.0
    },
    {
      "SubChipID":1829220973,
      "Position":{
        "x":-2.0,
        "y":0.125
      },
      "Scale":1.0
    }
  ],
  "InputPins":[
    {
      "Name":"MOST SIG",
      "ID":65281524,
      "Position":{
        "x":-560.25,
        "y":-53.5
      },
      "BitCount":8,
      "Colour":0,
      "ValueDisplayMode":0
    },
    {
      "Name":"LEAST SIG",
      "ID":1685853899,
      "Position":{
        "x":-560.25,
        "y":-54.0
      },
      "BitCount":8,
      "Colour":0,
      "ValueDisplayMode":0
    },
    {
      "Name":"COL",
      "ID":1755716307,
      "Position":{
        "x":-560.25,
        "y":-54.5
      },
      "BitCount":1,
      "Colour":0,
      "ValueDisplayMode":0
    },
    {
      "Name":"RIPPLE BLANKING",
      "ID":639306204,
      "Position":{
        "x":-560.25,
        "y":-55.0
      },
      "BitCount":1,
      "Colour":0,
      "ValueDisplayMode":0
    }
  ],
  "Name": "16 BIT NUM DISP",
  "NameLocation": 1,
  "OutputPins":[],
  "Size": {
    "x": 5.01301,
    "y": 2.125
  },
  "SubChips":[
    {
      "Name":"DOUBLE DABBLE 16BIT",
      "ID":2055307868,
      "Label":"",
      "Position":{
        "x":-556.65253,
        "y":-53.3125
      },
      "OutputPinColourInfo":[{"PinColour":0,"PinID":1594286213},{"PinColour":0,"PinID":822747861},{"PinColour":0,"PinID":160511374},{"PinColour":0,"PinID":1261218640},{"PinColour":0,"PinID":384370996}],
      "InternalData":null
    },
    {
      "Name":"7 SEG 4 BIT",
      "ID":1829220973,
      "Label":"10^4",
      "Position":{
        "x":-553.01501,
        "y":-55.625
      },
      "OutputPinColourInfo":[{"PinColour":0,"PinID":758702292}],
      "InternalData":null
    },
    {
      "Name":"7 SEG 4 BIT",
      "ID":1605573288,
      "Label":"10^3",
      "Position":{
        "x":-553.01501,
        "y":-58.5
      },
      "OutputPinColourInfo":[{"PinColour":0,"PinID":758702292}],
      "InternalData":null
    },
    {
      "Name":"7 SEG 4 BIT",
      "ID":1938591280,
      "Label":"10^2",
      "Position":{
        "x":-553.01501,
        "y":-61.375
      },
      "OutputPinColourInfo":[{"PinColour":0,"PinID":758702292}],
      "InternalData":null
    },
    {
      "Name":"7 SEG 4 BIT",
      "ID":1432735509,
      "Label":"10^1",
      "Position":{
        "x":-553.01501,
        "y":-64.25
      },
      "OutputPinColourInfo":[{"PinColour":0,"PinID":758702292}],
      "InternalData":null
    },
    {
      "Name":"7 SEG 4 BIT",
      "ID":823637695,
      "Label":"10^0",
      "Position":{
        "x":-553.01501,
        "y":-67.125
      },
      "OutputPinColourInfo":[{"PinColour":0,"PinID":758702292}],
      "InternalData":null
    }
  ],
  "Wires":[
    {
      "SourcePinAddress":{
        "PinID":0,
        "PinOwnerID":1685853899
      },
      "TargetPinAddress":{
        "PinID":1370846490,
        "PinOwnerID":2055307868
      },
      "ConnectionType":0,
      "ConnectedWireIndex":-1,
      "ConnectedWireSegmentIndex":-1,
      "Points":[{"x":0.0,"y":0.0},{"x":0.0,"y":0.0}]
    },
    {
      "SourcePinAddress":{
        "PinID":0,
        "PinOwnerID":65281524
      },
      "TargetPinAddress":{
        "PinID":1176033900,
        "PinOwnerID":2055307868
      },
      "ConnectionType":0,
      "ConnectedWireIndex":-1,
      "ConnectedWireSegmentIndex":-1,
      "Points":[{"x":0.0,"y":0.0},{"x":-558.5,"y":-53.5},{"x":-558.5,"y":-52.625},{"x":0.0,"y":0.0}]
    },
    {
      "SourcePinAddress":{
        "PinID":0,
        "PinOwnerID":1755716307
      },
      "TargetPinAddress":{
        "PinID":1810464245,
        "PinOwnerID":823637695
      },
      "ConnectionType":0,
      "ConnectedWireIndex":-1,
      "ConnectedWireSegmentIndex":-1,
      "Points":[{"x":0.0,"y":0.0},{"x":-555.5625,"y":-54.5},{"x":-555.5625,"y":-67.1875},{"x":0.0,"y":0.0}]
    },
    {
      "SourcePinAddress":{
        "PinID":0,
        "PinOwnerID":1755716307
      },
      "TargetPinAddress":{
        "PinID":1810464245,
        "PinOwnerID":1829220973
      },
      "ConnectionType":1,
      "ConnectedWireIndex":2,
      "ConnectedWireSegmentIndex":1,
      "Points":[{"x":-555.5625,"y":-55.6875},{"x":0.0,"y":0.0}]
    },
    {
      "SourcePinAddress":{
        "PinID":0,
        "PinOwnerID":1755716307
      },
      "TargetPinAddress":{
        "PinID":1810464245,
        "PinOwnerID":1605573288
      },
      "ConnectionType":1,
      "ConnectedWireIndex":2,
      "ConnectedWireSegmentIndex":1,
      "Points":[{"x":-555.5625,"y":-58.5625},{"x":0.0,"y":0.0}]
    },
    {
      "SourcePinAddress":{
        "PinID":0,
        "PinOwnerID":1755716307
      },
      "TargetPinAddress":{
        "PinID":1810464245,
        "PinOwnerID":1938591280
      },
      "ConnectionType":1,
      "ConnectedWireIndex":2,
      "ConnectedWireSegmentIndex":1,
      "Points":[{"x":-555.5625,"y":-61.4375},{"x":0.0,"y":0.0}]
    },
    {
      "SourcePinAddress":{
        "PinID":0,
        "PinOwnerID":1755716307
      },
      "TargetPinAddress":{
        "PinID":1810464245,
        "PinOwnerID":1432735509
      },
      "ConnectionType":1,
      "ConnectedWireIndex":2,
      "ConnectedWireSegmentIndex":1,
      "Points":[{"x":-555.5625,"y":-64.3125},{"x":0.0,"y":0.0}]
    },
    {
      "SourcePinAddress":{
        "PinID":758702292,
        "PinOwnerID":1938591280
      },
      "TargetPinAddress":{
        "PinID":1853365575,
        "PinOwnerID":1432735509
      },
      "ConnectionType":0,
      "ConnectedWireIndex":-1,
      "ConnectedWireSegmentIndex":-1,
      "Points":[{"x":0.0,"y":0.0},{"x":-552.25,"y":-61.375},{"x":-552.25,"y":-62.8125},{"x":-553.8125,"y":-62.8125},{"x":-553.8125,"y":-65.4375},{"x":0.0,"y":0.0}]
    },
    {
      "SourcePinAddress":{
        "PinID":758702292,
        "PinOwnerID":1605573288
      },
      "TargetPinAddress":{
        "PinID":1853365575,
        "PinOwnerID":1938591280
      },
      "ConnectionType":0,
      "ConnectedWireIndex":-1,
      "ConnectedWireSegmentIndex":-1,
      "Points":[{"x":0.0,"y":0.0},{"x":-552.25,"y":-58.5},{"x":-552.25,"y":-59.9375},{"x":-553.8125,"y":-59.9375},{"x":-553.8125,"y":-62.5625},{"x":0.0,"y":0.0}]
    },
    {
      "SourcePinAddress":{
        "PinID":758702292,
        "PinOwnerID":1829220973
      },
      "TargetPinAddress":{
        "PinID":1853365575,
        "PinOwnerID":1605573288
      },
      "ConnectionType":0,
      "ConnectedWireIndex":-1,
      "ConnectedWireSegmentIndex":-1,
      "Points":[{"x":0.0,"y":0.0},{"x":-552.25,"y":-55.625},{"x":-552.25,"y":-57.0625},{"x":-553.8125,"y":-57.0625},{"x":-553.8125,"y":-59.6875},{"x":0.0,"y":0.0}]
    },
    {
      "SourcePinAddress":{
        "PinID":0,
        "PinOwnerID":639306204
      },
      "TargetPinAddress":{
        "PinID":1853365575,
        "PinOwnerID":1829220973
      },
      "ConnectionType":0,
      "ConnectedWireIndex":-1,
      "ConnectedWireSegmentIndex":-1,
      "Points":[{"x":0.0,"y":0.0},{"x":-555.6875,"y":-55.0},{"x":-555.6875,"y":-56.8125},{"x":0.0,"y":0.0}]
    },
    {
      "SourcePinAddress":{
        "PinID":1594286213,
        "PinOwnerID":2055307868
      },
      "TargetPinAddress":{
        "PinID":574561240,
        "PinOwnerID":823637695
      },
      "ConnectionType":0,
      "ConnectedWireIndex":-1,
      "ConnectedWireSegmentIndex":-1,
      "Points":[{"x":0.0,"y":0.0},{"x":-554.0,"y":-52.5625},{"x":-554.0,"y":-66.0},{"x":0.0,"y":0.0}]
    },
    {
      "SourcePinAddress":{
        "PinID":822747861,
        "PinOwnerID":2055307868
      },
      "TargetPinAddress":{
        "PinID":574561240,
        "PinOwnerID":1432735509
      },
      "ConnectionType":0,
      "ConnectedWireIndex":-1,
      "ConnectedWireSegmentIndex":-1,
      "Points":[{"x":0.0,"y":0.0},{"x":-554.25,"y":-52.9375},{"x":-554.25,"y":-63.125},{"x":0.0,"y":0.0}]
    },
    {
      "SourcePinAddress":{
        "PinID":160511374,
        "PinOwnerID":2055307868
      },
      "TargetPinAddress":{
        "PinID":574561240,
        "PinOwnerID":1938591280
      },
      "ConnectionType":0,
      "ConnectedWireIndex":-1,
      "ConnectedWireSegmentIndex":-1,
      "Points":[{"x":0.0,"y":0.0},{"x":-554.5,"y":-53.3125},{"x":-554.5,"y":-60.25},{"x":0.0,"y":0.0}]
    },
    {
      "SourcePinAddress":{
        "PinID":1261218640,
        "PinOwnerID":2055307868
      },
      "TargetPinAddress":{
        "PinID":574561240,
        "PinOwnerID":1605573288
      },
      "ConnectionType":0,
      "ConnectedWireIndex":-1,
      "ConnectedWireSegmentIndex":-1,
      "Points":[{"x":0.0,"y":0.0},{"x":-554.75,"y":-53.6875},{"x":-554.75,"y":-57.375},{"x":0.0,"y":0.0}]
    },
    {
      "SourcePinAddress":{
        "PinID":384370996,
        "PinOwnerID":2055307868
      },
      "TargetPinAddress":{
        "PinID":574561240,
        "PinOwnerID":1829220973
      },
      "ConnectionType":0,
      "ConnectedWireIndex":-1,
      "ConnectedWireSegmentIndex":-1,
      "Points":[{"x":0.0,"y":0.0},{"x":-555.0,"y":-54.0625},{"x":-555.0,"y":-54.5},{"x":0.0,"y":0.0}]
    }
  ]
}