{
  "ChipType": 0,
  "Colour": {
    "r": 0.005918685,
    "g": 0.4228415,
    "b": 0.525842547,
    "a": 1
  },
  "Displays": null,
  "InputPins":[
    {
      "Name":"READ/WRITE",
      "ID":578701813,
      "Position":{
        "x":-10.15948,
        "y":1.52534
      },
      "BitCount":1,
      "Colour":0,
      "ValueDisplayMode":0
    },
    {
      "Name":"CLOCK",
      "ID":9427812,
      "Position":{
        "x":-10.15948,
        "y":1.01034
      },
      "BitCount":1,
      "Colour":0,
      "ValueDisplayMode":0
    },
    {
      "Name":"DATA",
      "ID":622343759,
      "Position":{
        "x":-10.15948,
        "y":0.49534
      },
      "BitCount":1,
      "Colour":0,
      "ValueDisplayMode":0
    },
    {
      "Name":"ADR",
      "ID":944531204,
      "Position":{
        "x":-10.5,
        "y":-10.125
      },
      "BitCount":4,
      "Colour":0,
      "ValueDisplayMode":1
    },
    {
      "Name":"ENABLE COL",
      "ID":665028949,
      "Position":{
        "x":-10.47365,
        "y":-11.08547
      },
      "BitCount":1,
      "Colour":0,
      "ValueDisplayMode":0
    },
    {
      "Name":"ENABLE ROW",
      "ID":1951728392,
      "Position":{
        "x":-10.47365,
        "y":-11.60047
      },
      "BitCount":1,
      "Colour":0,
      "ValueDisplayMode":0
    }
  ],
  "Name": "16 x 1 BIT MEM",
  "NameLocation": 0,
  "OutputPins":[
    {
      "Name":"OUT",
      "ID":655267256,
      "Position":{
        "x":0.7843,
        "y":-5.07014
      },
      "BitCount":1,
      "Colour":0,
      "ValueDisplayMode":0
    }
  ],
  "Size": {
    "x": 1.85,
    "y": 1.625
  },
  "SubChips":[
    {
      "Name":"4-1BIT",
      "ID":1364140177,
      "Label":"",
      "Position":{
        "x":-8.4275,
        "y":-10.125
      },
      "OutputPinColourInfo":[{"PinColour":0,"PinID":1},{"PinColour":0,"PinID":2},{"PinColour":0,"PinID":3},{"PinColour":0,"PinID":4}],
      "InternalData":null
    },
    {
      "Name":"2 BIT DECODER",
      "ID":1700104483,
      "Label":"",
      "Position":{
        "x":-6.25589,
        "y":-10.02909
      },
      "OutputPinColourInfo":[{"PinColour":0,"PinID":1402873771},{"PinColour":0,"PinID":169939261},{"PinColour":0,"PinID":107447609},{"PinColour":0,"PinID":1420861428}],
      "InternalData":null
    },
    {
      "Name":"4 x 1 BIT MEM LOCATION",
      "ID":1157079123,
      "Label":"",
      "Position":{
        "x":-4.07201,
        "y":-1.64763
      },
      "OutputPinColourInfo":[{"PinColour":0,"PinID":292283023}],
      "InternalData":null
    },
    {
      "Name":"4 x 1 BIT MEM LOCATION",
      "ID":1933149548,
      "Label":"",
      "Position":{
        "x":-4.07201,
        "y":-3.93802
      },
      "OutputPinColourInfo":[{"PinColour":0,"PinID":292283023}],
      "InternalData":null
    },
    {
      "Name":"4 x 1 BIT MEM LOCATION",
      "ID":768499795,
      "Label":"",
      "Position":{
        "x":-4.06968,
        "y":-6.19112
      },
      "OutputPinColourInfo":[{"PinColour":0,"PinID":292283023}],
      "InternalData":null
    },
    {
      "Name":"4 x 1 BIT MEM LOCATION",
      "ID":1076622136,
      "Label":"",
      "Position":{
        "x":-4.06959,
        "y":-8.42526
      },
      "OutputPinColourInfo":[{"PinColour":0,"PinID":292283023}],
      "InternalData":null
    },
    {
      "Name":"3-STATE BUFFER",
      "ID":2046011551,
      "Label":"",
      "Position":{
        "x":-1.96939,
        "y":-1.84437
      },
      "OutputPinColourInfo":[{"PinColour":0,"PinID":2}],
      "InternalData":null
    },
    {
      "Name":"3-STATE BUFFER",
      "ID":200088175,
      "Label":"",
      "Position":{
        "x":-1.94484,
        "y":-4.12392
      },
      "OutputPinColourInfo":[{"PinColour":0,"PinID":2}],
      "InternalData":null
    },
    {
      "Name":"3-STATE BUFFER",
      "ID":949670877,
      "Label":"",
      "Position":{
        "x":-1.95711,
        "y":-6.37892
      },
      "OutputPinColourInfo":[{"PinColour":0,"PinID":2}],
      "InternalData":null
    },
    {
      "Name":"3-STATE BUFFER",
      "ID":1787733805,
      "Label":"",
      "Position":{
        "x":-1.95711,
        "y":-8.62164
      },
      "OutputPinColourInfo":[{"PinColour":0,"PinID":2}],
      "InternalData":null
    },
    {
      "Name":"BUS-1",
      "ID":158080354,
      "Label":"",
      "Position":{
        "x":-1.29434,
        "y":-0.72747
      },
      "OutputPinColourInfo":[{"PinColour":0,"PinID":1}],
      "InternalData":[430314748,0]
    },
    {
      "Name":"BUS-TERMINUS-1",
      "ID":430314748,
      "Label":"",
      "Position":{
        "x":0.10485,
        "y":-9.31899
      },
      "OutputPinColourInfo":[],
      "InternalData":[158080354,0]
    },
    {
      "Name":"AND",
      "ID":135064938,
      "Label":"",
      "Position":{
        "x":-8.59066,
        "y":-11.3186
      },
      "OutputPinColourInfo":[{"PinColour":0,"PinID":2083071430}],
      "InternalData":null
    }
  ],
  "Wires":[
    {
      "SourcePinAddress":{
        "PinID":0,
        "PinOwnerID":944531204
      },
      "TargetPinAddress":{
        "PinID":0,
        "PinOwnerID":1364140177
      },
      "ConnectionType":0,
      "ConnectedWireIndex":-1,
      "ConnectedWireSegmentIndex":-1,
      "Points":[{"x":0.0,"y":0.0},{"x":0.0,"y":0.0}]
    },
    {
      "SourcePinAddress":{
        "PinID":4,
        "PinOwnerID":1364140177
      },
      "TargetPinAddress":{
        "PinID":1927916884,
        "PinOwnerID":1700104483
      },
      "ConnectionType":0,
      "ConnectedWireIndex":-1,
      "ConnectedWireSegmentIndex":-1,
      "Points":[{"x":0.0,"y":0.0},{"x":-7.12038,"y":-10.5},{"x":-7.12038,"y":-10.02104},{"x":0.0,"y":0.0}]
    },
    {
      "SourcePinAddress":{
        "PinID":3,
        "PinOwnerID":1364140177
      },
      "TargetPinAddress":{
        "PinID":558982316,
        "PinOwnerID":1700104483
      },
      "ConnectionType":0,
      "ConnectedWireIndex":-1,
      "ConnectedWireSegmentIndex":-1,
      "Points":[{"x":0.0,"y":0.0},{"x":-7.0118,"y":-10.24223},{"x":-7.0118,"y":-10.40409},{"x":0.0,"y":0.0}]
    },
    {
      "SourcePinAddress":{
        "PinID":1,
        "PinOwnerID":158080354
      },
      "TargetPinAddress":{
        "PinID":0,
        "PinOwnerID":430314748
      },
      "ConnectionType":0,
      "ConnectedWireIndex":-1,
      "ConnectedWireSegmentIndex":-1,
      "Points":[{"x":0.0,"y":0.0},{"x":-0.58247,"y":-0.72747},{"x":-0.58247,"y":-9.31899},{"x":0.0,"y":0.0}]
    },
    {
      "SourcePinAddress":{
        "PinID":2,
        "PinOwnerID":2046011551
      },
      "TargetPinAddress":{
        "PinID":0,
        "PinOwnerID":158080354
      },
      "ConnectionType":2,
      "ConnectedWireIndex":3,
      "ConnectedWireSegmentIndex":1,
      "Points":[{"x":0.0,"y":0.0},{"x":-0.58247,"y":-1.84437}]
    },
    {
      "SourcePinAddress":{
        "PinID":2,
        "PinOwnerID":200088175
      },
      "TargetPinAddress":{
        "PinID":0,
        "PinOwnerID":158080354
      },
      "ConnectionType":2,
      "ConnectedWireIndex":3,
      "ConnectedWireSegmentIndex":1,
      "Points":[{"x":0.0,"y":0.0},{"x":-0.58247,"y":-4.12392}]
    },
    {
      "SourcePinAddress":{
        "PinID":2,
        "PinOwnerID":949670877
      },
      "TargetPinAddress":{
        "PinID":0,
        "PinOwnerID":158080354
      },
      "ConnectionType":2,
      "ConnectedWireIndex":3,
      "ConnectedWireSegmentIndex":1,
      "Points":[{"x":0.0,"y":0.0},{"x":-0.58247,"y":-6.37892}]
    },
    {
      "SourcePinAddress":{
        "PinID":2,
        "PinOwnerID":1787733805
      },
      "TargetPinAddress":{
        "PinID":0,
        "PinOwnerID":158080354
      },
      "ConnectionType":2,
      "ConnectedWireIndex":3,
      "ConnectedWireSegmentIndex":1,
      "Points":[{"x":0.0,"y":0.0},{"x":-0.58247,"y":-8.62164}]
    },
    {
      "SourcePinAddress":{
        "PinID":292283023,
        "PinOwnerID":1076622136
      },
      "TargetPinAddress":{
        "PinID":0,
        "PinOwnerID":1787733805
      },
      "ConnectionType":0,
      "ConnectedWireIndex":-1,
      "ConnectedWireSegmentIndex":-1,
      "Points":[{"x":0.0,"y":0.0},{"x":0.0,"y":0.0}]
    },
    {
      "SourcePinAddress":{
        "PinID":292283023,
        "PinOwnerID":768499795
      },
      "TargetPinAddress":{
        "PinID":0,
        "PinOwnerID":949670877
      },
      "ConnectionType":0,
      "ConnectedWireIndex":-1,
      "ConnectedWireSegmentIndex":-1,
      "Points":[{"x":0.0,"y":0.0},{"x":0.0,"y":0.0}]
    },
    {
      "SourcePinAddress":{
        "PinID":292283023,
        "PinOwnerID":1933149548
      },
      "TargetPinAddress":{
        "PinID":0,
        "PinOwnerID":200088175
      },
      "ConnectionType":0,
      "ConnectedWireIndex":-1,
      "ConnectedWireSegmentIndex":-1,
      "Points":[{"x":0.0,"y":0.0},{"x":0.0,"y":0.0}]
    },
    {
      "SourcePinAddress":{
        "PinID":292283023,
        "PinOwnerID":1157079123
      },
      "TargetPinAddress":{
        "PinID":0,
        "PinOwnerID":2046011551
      },
      "ConnectionType":0,
      "ConnectedWireIndex":-1,
      "ConnectedWireSegmentIndex":-1,
      "Points":[{"x":0.0,"y":0.0},{"x":0.0,"y":0.0}]
    },
    {
      "SourcePinAddress":{
        "PinID":1420861428,
        "PinOwnerID":1700104483
      },
      "TargetPinAddress":{
        "PinID":1770526593,
        "PinOwnerID":1076622136
      },
      "ConnectionType":0,
      "ConnectedWireIndex":-1,
      "ConnectedWireSegmentIndex":-1,
      "Points":[{"x":0.0,"y":0.0},{"x":-5.31355,"y":-10.40409},{"x":-5.31431,"y":-9.04903},{"x":0.0,"y":0.0}]
    },
    {
      "SourcePinAddress":{
        "PinID":107447609,
        "PinOwnerID":1700104483
      },
      "TargetPinAddress":{
        "PinID":1770526593,
        "PinOwnerID":768499795
      },
      "ConnectionType":0,
      "ConnectedWireIndex":-1,
      "ConnectedWireSegmentIndex":-1,
      "Points":[{"x":0.0,"y":0.0},{"x":-5.42337,"y":-10.15409},{"x":-5.42337,"y":-6.83479},{"x":0.0,"y":0.0}]
    },
    {
      "SourcePinAddress":{
        "PinID":169939261,
        "PinOwnerID":1700104483
      },
      "TargetPinAddress":{
        "PinID":1770526593,
        "PinOwnerID":1933149548
      },
      "ConnectionType":0,
      "ConnectedWireIndex":-1,
      "ConnectedWireSegmentIndex":-1,
      "Points":[{"x":0.0,"y":0.0},{"x":-5.51746,"y":-9.90409},{"x":-5.51746,"y":-4.56851},{"x":0.0,"y":0.0}]
    },
    {
      "SourcePinAddress":{
        "PinID":1402873771,
        "PinOwnerID":1700104483
      },
      "TargetPinAddress":{
        "PinID":1770526593,
        "PinOwnerID":1157079123
      },
      "ConnectionType":0,
      "ConnectedWireIndex":-1,
      "ConnectedWireSegmentIndex":-1,
      "Points":[{"x":0.0,"y":0.0},{"x":-5.65839,"y":-2.27973},{"x":0.0,"y":0.0}]
    },
    {
      "SourcePinAddress":{
        "PinID":1402873771,
        "PinOwnerID":1700104483
      },
      "TargetPinAddress":{
        "PinID":1,
        "PinOwnerID":2046011551
      },
      "ConnectionType":1,
      "ConnectedWireIndex":15,
      "ConnectedWireSegmentIndex":0,
      "Points":[{"x":-5.65839,"y":-2.64946},{"x":-2.89157,"y":-2.64946},{"x":-2.89157,"y":-2.02716},{"x":0.0,"y":0.0}]
    },
    {
      "SourcePinAddress":{
        "PinID":169939261,
        "PinOwnerID":1700104483
      },
      "TargetPinAddress":{
        "PinID":1,
        "PinOwnerID":200088175
      },
      "ConnectionType":1,
      "ConnectedWireIndex":14,
      "ConnectedWireSegmentIndex":1,
      "Points":[{"x":-5.51746,"y":-4.95071},{"x":-2.86565,"y":-4.95071},{"x":-2.86565,"y":-4.31142},{"x":0.0,"y":0.0}]
    },
    {
      "SourcePinAddress":{
        "PinID":107447609,
        "PinOwnerID":1700104483
      },
      "TargetPinAddress":{
        "PinID":1,
        "PinOwnerID":949670877
      },
      "ConnectionType":1,
      "ConnectedWireIndex":13,
      "ConnectedWireSegmentIndex":1,
      "Points":[{"x":-5.42337,"y":-7.1066},{"x":-2.8812,"y":-7.1066},{"x":-2.8812,"y":-6.56642},{"x":0.0,"y":0.0}]
    },
    {
      "SourcePinAddress":{
        "PinID":1420861428,
        "PinOwnerID":1700104483
      },
      "TargetPinAddress":{
        "PinID":1,
        "PinOwnerID":1787733805
      },
      "ConnectionType":1,
      "ConnectedWireIndex":12,
      "ConnectedWireSegmentIndex":1,
      "Points":[{"x":-5.31418,"y":-9.29577},{"x":-2.88982,"y":-9.29577},{"x":-2.88982,"y":-8.80914},{"x":0.0,"y":0.0}]
    },
    {
      "SourcePinAddress":{
        "PinID":2,
        "PinOwnerID":1364140177
      },
      "TargetPinAddress":{
        "PinID":555858228,
        "PinOwnerID":1157079123
      },
      "ConnectionType":0,
      "ConnectedWireIndex":-1,
      "ConnectedWireSegmentIndex":-1,
      "Points":[{"x":0.0,"y":0.0},{"x":-7.40315,"y":-10.0},{"x":-7.40315,"y":-1.79663},{"x":0.0,"y":0.0}]
    },
    {
      "SourcePinAddress":{
        "PinID":2,
        "PinOwnerID":1364140177
      },
      "TargetPinAddress":{
        "PinID":555858228,
        "PinOwnerID":1933149548
      },
      "ConnectionType":1,
      "ConnectedWireIndex":20,
      "ConnectedWireSegmentIndex":1,
      "Points":[{"x":-7.40315,"y":-4.06302},{"x":0.0,"y":0.0}]
    },
    {
      "SourcePinAddress":{
        "PinID":2,
        "PinOwnerID":1364140177
      },
      "TargetPinAddress":{
        "PinID":555858228,
        "PinOwnerID":768499795
      },
      "ConnectionType":1,
      "ConnectedWireIndex":20,
      "ConnectedWireSegmentIndex":1,
      "Points":[{"x":-7.40315,"y":-6.31612},{"x":0.0,"y":0.0}]
    },
    {
      "SourcePinAddress":{
        "PinID":2,
        "PinOwnerID":1364140177
      },
      "TargetPinAddress":{
        "PinID":555858228,
        "PinOwnerID":1076622136
      },
      "ConnectionType":1,
      "ConnectedWireIndex":20,
      "ConnectedWireSegmentIndex":1,
      "Points":[{"x":-7.40315,"y":-8.55026},{"x":0.0,"y":0.0}]
    },
    {
      "SourcePinAddress":{
        "PinID":1,
        "PinOwnerID":1364140177
      },
      "TargetPinAddress":{
        "PinID":1177466314,
        "PinOwnerID":1157079123
      },
      "ConnectionType":0,
      "ConnectedWireIndex":-1,
      "ConnectedWireSegmentIndex":-1,
      "Points":[{"x":0.0,"y":0.0},{"x":-7.59114,"y":-9.75},{"x":-7.59114,"y":-2.0143},{"x":0.0,"y":0.0}]
    },
    {
      "SourcePinAddress":{
        "PinID":1,
        "PinOwnerID":1364140177
      },
      "TargetPinAddress":{
        "PinID":1177466314,
        "PinOwnerID":1933149548
      },
      "ConnectionType":1,
      "ConnectedWireIndex":24,
      "ConnectedWireSegmentIndex":1,
      "Points":[{"x":-7.59114,"y":-4.31302},{"x":0.0,"y":0.0}]
    },
    {
      "SourcePinAddress":{
        "PinID":1,
        "PinOwnerID":1364140177
      },
      "TargetPinAddress":{
        "PinID":1177466314,
        "PinOwnerID":768499795
      },
      "ConnectionType":1,
      "ConnectedWireIndex":24,
      "ConnectedWireSegmentIndex":1,
      "Points":[{"x":-7.59114,"y":-6.56612},{"x":0.0,"y":0.0}]
    },
    {
      "SourcePinAddress":{
        "PinID":1,
        "PinOwnerID":1364140177
      },
      "TargetPinAddress":{
        "PinID":1177466314,
        "PinOwnerID":1076622136
      },
      "ConnectionType":1,
      "ConnectedWireIndex":24,
      "ConnectedWireSegmentIndex":1,
      "Points":[{"x":-7.59114,"y":-8.80026},{"x":0.0,"y":0.0}]
    },
    {
      "SourcePinAddress":{
        "PinID":0,
        "PinOwnerID":578701813
      },
      "TargetPinAddress":{
        "PinID":1655581797,
        "PinOwnerID":1076622136
      },
      "ConnectionType":0,
      "ConnectedWireIndex":-1,
      "ConnectedWireSegmentIndex":-1,
      "Points":[{"x":0.0,"y":0.0},{"x":-7.94677,"y":1.52534},{"x":-7.94677,"y":-7.76219},{"x":0.0,"y":0.0}]
    },
    {
      "SourcePinAddress":{
        "PinID":0,
        "PinOwnerID":578701813
      },
      "TargetPinAddress":{
        "PinID":1655581797,
        "PinOwnerID":768499795
      },
      "ConnectionType":1,
      "ConnectedWireIndex":28,
      "ConnectedWireSegmentIndex":1,
      "Points":[{"x":-7.94677,"y":-5.56612},{"x":0.0,"y":0.0}]
    },
    {
      "SourcePinAddress":{
        "PinID":0,
        "PinOwnerID":578701813
      },
      "TargetPinAddress":{
        "PinID":1655581797,
        "PinOwnerID":1933149548
      },
      "ConnectionType":1,
      "ConnectedWireIndex":28,
      "ConnectedWireSegmentIndex":1,
      "Points":[{"x":-7.94677,"y":-3.31302},{"x":0.0,"y":0.0}]
    },
    {
      "SourcePinAddress":{
        "PinID":0,
        "PinOwnerID":578701813
      },
      "TargetPinAddress":{
        "PinID":1655581797,
        "PinOwnerID":1157079123
      },
      "ConnectionType":1,
      "ConnectedWireIndex":28,
      "ConnectedWireSegmentIndex":1,
      "Points":[{"x":-7.94677,"y":-1.02263},{"x":0.0,"y":0.0}]
    },
    {
      "SourcePinAddress":{
        "PinID":0,
        "PinOwnerID":9427812
      },
      "TargetPinAddress":{
        "PinID":110347310,
        "PinOwnerID":1076622136
      },
      "ConnectionType":0,
      "ConnectedWireIndex":-1,
      "ConnectedWireSegmentIndex":-1,
      "Points":[{"x":0.0,"y":0.0},{"x":-8.18511,"y":1.01034},{"x":-8.18511,"y":-8.08587},{"x":0.0,"y":0.0}]
    },
    {
      "SourcePinAddress":{
        "PinID":0,
        "PinOwnerID":9427812
      },
      "TargetPinAddress":{
        "PinID":110347310,
        "PinOwnerID":768499795
      },
      "ConnectionType":1,
      "ConnectedWireIndex":32,
      "ConnectedWireSegmentIndex":1,
      "Points":[{"x":-8.18511,"y":-5.81612},{"x":0.0,"y":0.0}]
    },
    {
      "SourcePinAddress":{
        "PinID":0,
        "PinOwnerID":9427812
      },
      "TargetPinAddress":{
        "PinID":110347310,
        "PinOwnerID":1933149548
      },
      "ConnectionType":1,
      "ConnectedWireIndex":32,
      "ConnectedWireSegmentIndex":1,
      "Points":[{"x":-8.18511,"y":-3.56302},{"x":0.0,"y":0.0}]
    },
    {
      "SourcePinAddress":{
        "PinID":0,
        "PinOwnerID":9427812
      },
      "TargetPinAddress":{
        "PinID":110347310,
        "PinOwnerID":1157079123
      },
      "ConnectionType":1,
      "ConnectedWireIndex":32,
      "ConnectedWireSegmentIndex":1,
      "Points":[{"x":-8.18511,"y":-1.27263},{"x":0.0,"y":0.0}]
    },
    {
      "SourcePinAddress":{
        "PinID":0,
        "PinOwnerID":622343759
      },
      "TargetPinAddress":{
        "PinID":1504887130,
        "PinOwnerID":1076622136
      },
      "ConnectionType":0,
      "ConnectedWireIndex":-1,
      "ConnectedWireSegmentIndex":-1,
      "Points":[{"x":0.0,"y":0.0},{"x":-8.45568,"y":0.49534},{"x":-8.45568,"y":-8.29202},{"x":0.0,"y":0.0}]
    },
    {
      "SourcePinAddress":{
        "PinID":0,
        "PinOwnerID":622343759
      },
      "TargetPinAddress":{
        "PinID":1504887130,
        "PinOwnerID":768499795
      },
      "ConnectionType":1,
      "ConnectedWireIndex":36,
      "ConnectedWireSegmentIndex":1,
      "Points":[{"x":-8.45568,"y":-6.06612},{"x":0.0,"y":0.0}]
    },
    {
      "SourcePinAddress":{
        "PinID":0,
        "PinOwnerID":622343759
      },
      "TargetPinAddress":{
        "PinID":1504887130,
        "PinOwnerID":1933149548
      },
      "ConnectionType":1,
      "ConnectedWireIndex":36,
      "ConnectedWireSegmentIndex":1,
      "Points":[{"x":-8.45568,"y":-3.81302},{"x":0.0,"y":0.0}]
    },
    {
      "SourcePinAddress":{
        "PinID":0,
        "PinOwnerID":622343759
      },
      "TargetPinAddress":{
        "PinID":1504887130,
        "PinOwnerID":1157079123
      },
      "ConnectionType":1,
      "ConnectedWireIndex":36,
      "ConnectedWireSegmentIndex":1,
      "Points":[{"x":-8.45568,"y":-1.52263},{"x":0.0,"y":0.0}]
    },
    {
      "SourcePinAddress":{
        "PinID":1,
        "PinOwnerID":158080354
      },
      "TargetPinAddress":{
        "PinID":0,
        "PinOwnerID":655267256
      },
      "ConnectionType":1,
      "ConnectedWireIndex":3,
      "ConnectedWireSegmentIndex":1,
      "Points":[{"x":-0.58247,"y":-5.07014},{"x":0.0,"y":0.0}]
    },
    {
      "SourcePinAddress":{
        "PinID":2083071430,
        "PinOwnerID":135064938
      },
      "TargetPinAddress":{
        "PinID":1086842282,
        "PinOwnerID":1700104483
      },
      "ConnectionType":0,
      "ConnectedWireIndex":-1,
      "ConnectedWireSegmentIndex":-1,
      "Points":[{"x":0.0,"y":0.0},{"x":-7.25847,"y":-11.3186},{"x":-7.25847,"y":-9.65891},{"x":0.0,"y":0.0}]
    },
    {
      "SourcePinAddress":{
        "PinID":0,
        "PinOwnerID":1951728392
      },
      "TargetPinAddress":{
        "PinID":543772438,
        "PinOwnerID":135064938
      },
      "ConnectionType":0,
      "ConnectedWireIndex":-1,
      "ConnectedWireSegmentIndex":-1,
      "Points":[{"x":0.0,"y":0.0},{"x":0.0,"y":0.0}]
    },
    {
      "SourcePinAddress":{
        "PinID":0,
        "PinOwnerID":665028949
      },
      "TargetPinAddress":{
        "PinID":897348161,
        "PinOwnerID":135064938
      },
      "ConnectionType":0,
      "ConnectedWireIndex":-1,
      "ConnectedWireSegmentIndex":-1,
      "Points":[{"x":0.0,"y":0.0},{"x":0.0,"y":0.0}]
    }
  ]
}