{
  "ChipType": 0,
  "Colour": {
    "r": 0.4617188,
    "g": 0.0128974123,
    "b": 0.0358162522,
    "a": 1
  },
  "Displays": null,
  "InputPins":[
    {
      "Name":"ENABLE",
      "ID":1086842282,
      "Position":{
        "x":-9.25453,
        "y":5.86431
      },
      "BitCount":1,
      "Colour":0,
      "ValueDisplayMode":0
    },
    {
      "Name":"ADR1",
      "ID":1927916884,
      "Position":{
        "x":-9.36806,
        "y":3.72999
      },
      "BitCount":1,
      "Colour":0,
      "ValueDisplayMode":0
    },
    {
      "Name":"ADR2",
      "ID":558982316,
      "Position":{
        "x":-9.42482,
        "y":1.09202
      },
      "BitCount":1,
      "Colour":0,
      "ValueDisplayMode":0
    }
  ],
  "Name": "2 BIT DECODER",
  "NameLocation": 0,
  "OutputPins":[
    {
      "Name":"OUT 1",
      "ID":1402873771,
      "Position":{
        "x":2.33665,
        "y":3.7754
      },
      "BitCount":1,
      "Colour":0,
      "ValueDisplayMode":0
    },
    {
      "Name":"OUT 2",
      "ID":169939261,
      "Position":{
        "x":2.33665,
        "y":3.2604
      },
      "BitCount":1,
      "Colour":0,
      "ValueDisplayMode":0
    },
    {
      "Name":"OUT 3",
      "ID":107447609,
      "Position":{
        "x":2.33665,
        "y":2.7454
      },
      "BitCount":1,
      "Colour":0,
      "ValueDisplayMode":0
    },
    {
      "Name":"OUT 4",
      "ID":1420861428,
      "Position":{
        "x":2.33665,
        "y":2.2304
      },
      "BitCount":1,
      "Colour":0,
      "ValueDisplayMode":0
    }
  ],
  "Size": {
    "x": 1.175,
    "y": 1.0
  },
  "SubChips":[
    {
      "Name":"AND",
      "ID":1748943483,
      "Label":"",
      "Position":{
        "x":-1.59141,
        "y":4.17274
      },
      "OutputPinColourInfo":[{"PinColour":0,"PinID":2083071430}],
      "InternalData":null
    },
    {
      "Name":"AND",
      "ID":57189284,
      "Label":"",
      "Position":{
        "x":-1.59141,
        "y":3.5427399999999998
      },
      "OutputPinColourInfo":[{"PinColour":0,"PinID":2083071430}],
      "InternalData":null
    },
    {
      "Name":"AND",
      "ID":34800079,
      "Label":"",
      "Position":{
        "x":-1.59141,
        "y":2.91274
      },
      "OutputPinColourInfo":[{"PinColour":0,"PinID":2083071430}],
      "InternalData":null
    },
    {
      "Name":"AND",
      "ID":92383842,
      "Label":"",
      "Position":{
        "x":-1.59141,
        "y":2.28274
      },
      "OutputPinColourInfo":[{"PinColour":0,"PinID":2083071430}],
      "InternalData":null
    },
    {
      "Name":"AND",
      "ID":1062090712,
      "Label":"",
      "Position":{
        "x":-0.00203,
        "y":4.02516
      },
      "OutputPinColourInfo":[{"PinColour":0,"PinID":2083071430}],
      "InternalData":null
    },
    {
      "Name":"AND",
      "ID":116850375,
      "Label":"",
      "Position":{
        "x":-0.00203,
        "y":3.39516
      },
      "OutputPinColourInfo":[{"PinColour":0,"PinID":2083071430}],
      "InternalData":null
    },
    {
      "Name":"AND",
      "ID":10873443,
      "Label":"",
      "Position":{
        "x":-0.00203,
        "y":2.76516
      },
      "OutputPinColourInfo":[{"PinColour":0,"PinID":2083071430}],
      "InternalData":null
    },
    {
      "Name":"AND",
      "ID":443218135,
      "Label":"",
      "Position":{
        "x":-0.00203,
        "y":2.13516
      },
      "OutputPinColourInfo":[{"PinColour":0,"PinID":2083071430}],
      "InternalData":null
    },
    {
      "Name":"NOT",
      "ID":369787226,
      "Label":"",
      "Position":{
        "x":-4.02091,
        "y":4.53603
      },
      "OutputPinColourInfo":[{"PinColour":0,"PinID":1732242051}],
      "InternalData":null
    },
    {
      "Name":"NOT",
      "ID":22611805,
      "Label":"",
      "Position":{
        "x":-4.00955,
        "y":4.01968
      },
      "OutputPinColourInfo":[{"PinColour":0,"PinID":1732242051}],
      "InternalData":null
    },
    {
      "Name":"NOT",
      "ID":1787671576,
      "Label":"",
      "Position":{
        "x":-4.32743,
        "y":3.32168
      },
      "OutputPinColourInfo":[{"PinColour":0,"PinID":1732242051}],
      "InternalData":null
    },
    {
      "Name":"NOT",
      "ID":2096607903,
      "Label":"",
      "Position":{
        "x":-4.32743,
        "y":2.54422
      },
      "OutputPinColourInfo":[{"PinColour":0,"PinID":1732242051}],
      "InternalData":null
    }
  ],
  "Wires":[
    {
      "SourcePinAddress":{
        "PinID":0,
        "PinOwnerID":1086842282
      },
      "TargetPinAddress":{
        "PinID":543772438,
        "PinOwnerID":443218135
      },
      "ConnectionType":0,
      "ConnectedWireIndex":-1,
      "ConnectedWireSegmentIndex":-1,
      "Points":[{"x":0.0,"y":0.0},{"x":-0.89889,"y":5.86431},{"x":-0.89889,"y":1.97031},{"x":0.0,"y":0.0}]
    },
    {
      "SourcePinAddress":{
        "PinID":0,
        "PinOwnerID":1086842282
      },
      "TargetPinAddress":{
        "PinID":543772438,
        "PinOwnerID":10873443
      },
      "ConnectionType":1,
      "ConnectedWireIndex":0,
      "ConnectedWireSegmentIndex":1,
      "Points":[{"x":-0.89889,"y":2.62877},{"x":0.0,"y":0.0}]
    },
    {
      "SourcePinAddress":{
        "PinID":0,
        "PinOwnerID":1086842282
      },
      "TargetPinAddress":{
        "PinID":543772438,
        "PinOwnerID":116850375
      },
      "ConnectionType":1,
      "ConnectedWireIndex":0,
      "ConnectedWireSegmentIndex":1,
      "Points":[{"x":-0.89889,"y":3.27016},{"x":0.0,"y":0.0}]
    },
    {
      "SourcePinAddress":{
        "PinID":0,
        "PinOwnerID":1086842282
      },
      "TargetPinAddress":{
        "PinID":543772438,
        "PinOwnerID":1062090712
      },
      "ConnectionType":1,
      "ConnectedWireIndex":0,
      "ConnectedWireSegmentIndex":1,
      "Points":[{"x":-0.89889,"y":3.90016},{"x":0.0,"y":0.0}]
    },
    {
      "SourcePinAddress":{
        "PinID":2083071430,
        "PinOwnerID":443218135
      },
      "TargetPinAddress":{
        "PinID":0,
        "PinOwnerID":1420861428
      },
      "ConnectionType":0,
      "ConnectedWireIndex":-1,
      "ConnectedWireSegmentIndex":-1,
      "Points":[{"x":0.0,"y":0.0},{"x":0.0,"y":0.0}]
    },
    {
      "SourcePinAddress":{
        "PinID":2083071430,
        "PinOwnerID":10873443
      },
      "TargetPinAddress":{
        "PinID":0,
        "PinOwnerID":107447609
      },
      "ConnectionType":0,
      "ConnectedWireIndex":-1,
      "ConnectedWireSegmentIndex":-1,
      "Points":[{"x":0.0,"y":0.0},{"x":0.0,"y":0.0}]
    },
    {
      "SourcePinAddress":{
        "PinID":2083071430,
        "PinOwnerID":116850375
      },
      "TargetPinAddress":{
        "PinID":0,
        "PinOwnerID":169939261
      },
      "ConnectionType":0,
      "ConnectedWireIndex":-1,
      "ConnectedWireSegmentIndex":-1,
      "Points":[{"x":0.0,"y":0.0},{"x":0.0,"y":0.0}]
    },
    {
      "SourcePinAddress":{
        "PinID":2083071430,
        "PinOwnerID":1062090712
      },
      "TargetPinAddress":{
        "PinID":0,
        "PinOwnerID":1402873771
      },
      "ConnectionType":0,
      "ConnectedWireIndex":-1,
      "ConnectedWireSegmentIndex":-1,
      "Points":[{"x":0.0,"y":0.0},{"x":0.0,"y":0.0}]
    },
    {
      "SourcePinAddress":{
        "PinID":2083071430,
        "PinOwnerID":1748943483
      },
      "TargetPinAddress":{
        "PinID":897348161,
        "PinOwnerID":1062090712
      },
      "ConnectionType":0,
      "ConnectedWireIndex":-1,
      "ConnectedWireSegmentIndex":-1,
      "Points":[{"x":0.0,"y":0.0},{"x":0.0,"y":0.0}]
    },
    {
      "SourcePinAddress":{
        "PinID":2083071430,
        "PinOwnerID":57189284
      },
      "TargetPinAddress":{
        "PinID":897348161,
        "PinOwnerID":116850375
      },
      "ConnectionType":0,
      "ConnectedWireIndex":-1,
      "ConnectedWireSegmentIndex":-1,
      "Points":[{"x":0.0,"y":0.0},{"x":0.0,"y":0.0}]
    },
    {
      "SourcePinAddress":{
        "PinID":2083071430,
        "PinOwnerID":34800079
      },
      "TargetPinAddress":{
        "PinID":897348161,
        "PinOwnerID":10873443
      },
      "ConnectionType":0,
      "ConnectedWireIndex":-1,
      "ConnectedWireSegmentIndex":-1,
      "Points":[{"x":0.0,"y":0.0},{"x":0.0,"y":0.0}]
    },
    {
      "SourcePinAddress":{
        "PinID":2083071430,
        "PinOwnerID":92383842
      },
      "TargetPinAddress":{
        "PinID":897348161,
        "PinOwnerID":443218135
      },
      "ConnectionType":0,
      "ConnectedWireIndex":-1,
      "ConnectedWireSegmentIndex":-1,
      "Points":[{"x":0.0,"y":0.0},{"x":0.0,"y":0.0}]
    },
    {
      "SourcePinAddress":{
        "PinID":0,
        "PinOwnerID":1927916884
      },
      "TargetPinAddress":{
        "PinID":1772587332,
        "PinOwnerID":369787226
      },
      "ConnectionType":0,
      "ConnectedWireIndex":-1,
      "ConnectedWireSegmentIndex":-1,
      "Points":[{"x":0.0,"y":0.0},{"x":0.0,"y":0.0}]
    },
    {
      "SourcePinAddress":{
        "PinID":0,
        "PinOwnerID":558982316
      },
      "TargetPinAddress":{
        "PinID":1772587332,
        "PinOwnerID":22611805
      },
      "ConnectionType":0,
      "ConnectedWireIndex":-1,
      "ConnectedWireSegmentIndex":-1,
      "Points":[{"x":0.0,"y":0.0},{"x":0.0,"y":0.0}]
    },
    {
      "SourcePinAddress":{
        "PinID":1732242051,
        "PinOwnerID":22611805
      },
      "TargetPinAddress":{
        "PinID":543772438,
        "PinOwnerID":1748943483
      },
      "ConnectionType":0,
      "ConnectedWireIndex":-1,
      "ConnectedWireSegmentIndex":-1,
      "Points":[{"x":0.0,"y":0.0},{"x":0.0,"y":0.0}]
    },
    {
      "SourcePinAddress":{
        "PinID":1732242051,
        "PinOwnerID":369787226
      },
      "TargetPinAddress":{
        "PinID":897348161,
        "PinOwnerID":1748943483
      },
      "ConnectionType":0,
      "ConnectedWireIndex":-1,
      "ConnectedWireSegmentIndex":-1,
      "Points":[{"x":0.0,"y":0.0},{"x":0.0,"y":0.0}]
    },
    {
      "SourcePinAddress":{
        "PinID":1732242051,
        "PinOwnerID":1787671576
      },
      "TargetPinAddress":{
        "PinID":543772438,
        "PinOwnerID":57189284
      },
      "ConnectionType":0,
      "ConnectedWireIndex":-1,
      "ConnectedWireSegmentIndex":-1,
      "Points":[{"x":0.0,"y":0.0},{"x":0.0,"y":0.0}]
    },
    {
      "SourcePinAddress":{
        "PinID":0,
        "PinOwnerID":558982316
      },
      "TargetPinAddress":{
        "PinID":1772587332,
        "PinOwnerID":1787671576
      },
      "ConnectionType":0,
      "ConnectedWireIndex":-1,
      "ConnectedWireSegmentIndex":-1,
      "Points":[{"x":0.0,"y":0.0},{"x":0.0,"y":0.0}]
    },
    {
      "SourcePinAddress":{
        "PinID":0,
        "PinOwnerID":1927916884
      },
      "TargetPinAddress":{
        "PinID":897348161,
        "PinOwnerID":57189284
      },
      "ConnectionType":0,
      "ConnectedWireIndex":-1,
      "ConnectedWireSegmentIndex":-1,
      "Points":[{"x":0.0,"y":0.0},{"x":0.0,"y":0.0}]
    },
    {
      "SourcePinAddress":{
        "PinID":1732242051,
        "PinOwnerID":2096607903
      },
      "TargetPinAddress":{
        "PinID":897348161,
        "PinOwnerID":34800079
      },
      "ConnectionType":0,
      "ConnectedWireIndex":-1,
      "ConnectedWireSegmentIndex":-1,
      "Points":[{"x":0.0,"y":0.0},{"x":0.0,"y":0.0}]
    },
    {
      "SourcePinAddress":{
        "PinID":0,
        "PinOwnerID":1927916884
      },
      "TargetPinAddress":{
        "PinID":1772587332,
        "PinOwnerID":2096607903
      },
      "ConnectionType":0,
      "ConnectedWireIndex":-1,
      "ConnectedWireSegmentIndex":-1,
      "Points":[{"x":0.0,"y":0.0},{"x":0.0,"y":0.0}]
    },
    {
      "SourcePinAddress":{
        "PinID":0,
        "PinOwnerID":558982316
      },
      "TargetPinAddress":{
        "PinID":543772438,
        "PinOwnerID":34800079
      },
      "ConnectionType":0,
      "ConnectedWireIndex":-1,
      "ConnectedWireSegmentIndex":-1,
      "Points":[{"x":0.0,"y":0.0},{"x":0.0,"y":0.0}]
    },
    {
      "SourcePinAddress":{
        "PinID":0,
        "PinOwnerID":558982316
      },
      "TargetPinAddress":{
        "PinID":543772438,
        "PinOwnerID":92383842
      },
      "ConnectionType":0,
      "ConnectedWireIndex":-1,
      "ConnectedWireSegmentIndex":-1,
      "Points":[{"x":0.0,"y":0.0},{"x":0.0,"y":0.0}]
    },
    {
      "SourcePinAddress":{
        "PinID":0,
        "PinOwnerID":1927916884
      },
      "TargetPinAddress":{
        "PinID":897348161,
        "PinOwnerID":92383842
      },
      "ConnectionType":0,
      "ConnectedWireIndex":-1,
      "ConnectedWireSegmentIndex":-1,
      "Points":[{"x":0.0,"y":0.0},{"x":0.0,"y":0.0}]
    }
  ]
}