{
  "ChipType": 0,
  "Colour": {
    "r": 0.08101126,
    "g": 0.2274053,
    "b": 0.2879314,
    "a": 1
  },
  "Displays": null,
  "InputPins":[
    {
      "Name":"IN",
      "ID":1891721592,
      "Position":{
        "x":-0.5,
        "y":-2.25
      },
      "BitCount":8,
      "Colour":0,
      "ValueDisplayMode":0
    },
    {
      "Name":"IN",
      "ID":885419656,
      "Position":{
        "x":-0.5,
        "y":-3.625
      },
      "BitCount":8,
      "Colour":0,
      "ValueDisplayMode":0
    },
    {
      "Name":"READ/WRITE",
      "ID":650032839,
      "Position":{
        "x":-0.5,
        "y":-4.1875
      },
      "BitCount":1,
      "Colour":0,
      "ValueDisplayMode":0
    },
    {
      "Name":"CLOCK",
      "ID":1977432667,
      "Position":{
        "x":-0.5,
        "y":-4.6875
      },
      "BitCount":1,
      "Colour":0,
      "ValueDisplayMode":0
    },
    {
      "Name":"ENABLE",
      "ID":639368962,
      "Position":{
        "x":-0.5,
        "y":-5.1875
      },
      "BitCount":1,
      "Colour":0,
      "ValueDisplayMode":0
    }
  ],
  "Name": "2 x 8BIT MEM",
  "NameLocation": 0,
  "OutputPins":[
    {
      "Name":"OUT",
      "ID":722761987,
      "Position":{
        "x":5.625,
        "y":-2.625
      },
      "BitCount":8,
      "Colour":0,
      "ValueDisplayMode":0
    },
    {
      "Name":"OUT",
      "ID":1590346701,
      "Position":{
        "x":5.625,
        "y":-4.0
      },
      "BitCount":8,
      "Colour":0,
      "ValueDisplayMode":0
    }
  ],
  "Size": {
    "x": 1.4,
    "y": 1.75
  },
  "SubChips":[
    {
      "Name":"8BIT MEM",
      "ID":1822944863,
      "Label":"",
      "Position":{
        "x":3.1475,
        "y":-2.625
      },
      "OutputPinColourInfo":[{"PinColour":0,"PinID":251180091}],
      "InternalData":null
    },
    {
      "Name":"8BIT MEM",
      "ID":537398564,
      "Label":"",
      "Position":{
        "x":3.1475,
        "y":-4.0
      },
      "OutputPinColourInfo":[{"PinColour":0,"PinID":251180091}],
      "InternalData":null
    }
  ],
  "Wires":[
    {
      "SourcePinAddress":{
        "PinID":0,
        "PinOwnerID":1891721592
      },
      "TargetPinAddress":{
        "PinID":1651334387,
        "PinOwnerID":1822944863
      },
      "ConnectionType":0,
      "ConnectedWireIndex":-1,
      "ConnectedWireSegmentIndex":-1,
      "Points":[{"x":0.0,"y":0.0},{"x":0.0,"y":0.0}]
    },
    {
      "SourcePinAddress":{
        "PinID":0,
        "PinOwnerID":885419656
      },
      "TargetPinAddress":{
        "PinID":1651334387,
        "PinOwnerID":537398564
      },
      "ConnectionType":0,
      "ConnectedWireIndex":-1,
      "ConnectedWireSegmentIndex":-1,
      "Points":[{"x":0.0,"y":0.0},{"x":0.0,"y":0.0}]
    },
    {
      "SourcePinAddress":{
        "PinID":251180091,
        "PinOwnerID":537398564
      },
      "TargetPinAddress":{
        "PinID":0,
        "PinOwnerID":1590346701
      },
      "ConnectionType":0,
      "ConnectedWireIndex":-1,
      "ConnectedWireSegmentIndex":-1,
      "Points":[{"x":0.0,"y":0.0},{"x":0.0,"y":0.0}]
    },
    {
      "SourcePinAddress":{
        "PinID":251180091,
        "PinOwnerID":1822944863
      },
      "TargetPinAddress":{
        "PinID":0,
        "PinOwnerID":722761987
      },
      "ConnectionType":0,
      "ConnectedWireIndex":-1,
      "ConnectedWireSegmentIndex":-1,
      "Points":[{"x":0.0,"y":0.0},{"x":0.0,"y":0.0}]
    },
    {
      "SourcePinAddress":{
        "PinID":0,
        "PinOwnerID":650032839
      },
      "TargetPinAddress":{
        "PinID":512552352,
        "PinOwnerID":1822944863
      },
      "ConnectionType":0,
      "ConnectedWireIndex":-1,
      "ConnectedWireSegmentIndex":-1,
      "Points":[{"x":0.0,"y":0.0},{"x":2.125,"y":-4.1875},{"x":2.125,"y":-2.625},{"x":0.0,"y":0.0}]
    },
    {
      "SourcePinAddress":{
        "PinID":0,
        "PinOwnerID":650032839
      },
      "TargetPinAddress":{
        "PinID":512552352,
        "PinOwnerID":537398564
      },
      "ConnectionType":1,
      "ConnectedWireIndex":4,
      "ConnectedWireSegmentIndex":1,
      "Points":[{"x":2.125,"y":-4.0},{"x":0.0,"y":0.0}]
    },
    {
      "SourcePinAddress":{
        "PinID":0,
        "PinOwnerID":1977432667
      },
      "TargetPinAddress":{
        "PinID":2138991569,
        "PinOwnerID":1822944863
      },
      "ConnectionType":0,
      "ConnectedWireIndex":-1,
      "ConnectedWireSegmentIndex":-1,
      "Points":[{"x":0.0,"y":0.0},{"x":2.25,"y":-4.6875},{"x":2.25,"y":-2.875},{"x":0.0,"y":0.0}]
    },
    {
      "SourcePinAddress":{
        "PinID":0,
        "PinOwnerID":1977432667
      },
      "TargetPinAddress":{
        "PinID":2138991569,
        "PinOwnerID":537398564
      },
      "ConnectionType":1,
      "ConnectedWireIndex":6,
      "ConnectedWireSegmentIndex":1,
      "Points":[{"x":2.25,"y":-4.25},{"x":0.0,"y":0.0}]
    },
    {
      "SourcePinAddress":{
        "PinID":0,
        "PinOwnerID":639368962
      },
      "TargetPinAddress":{
        "PinID":74804055,
        "PinOwnerID":1822944863
      },
      "ConnectionType":0,
      "ConnectedWireIndex":-1,
      "ConnectedWireSegmentIndex":-1,
      "Points":[{"x":0.0,"y":0.0},{"x":2.375,"y":-5.1875},{"x":2.375,"y":-3.125},{"x":0.0,"y":0.0}]
    },
    {
      "SourcePinAddress":{
        "PinID":0,
        "PinOwnerID":639368962
      },
      "TargetPinAddress":{
        "PinID":74804055,
        "PinOwnerID":537398564
      },
      "ConnectionType":1,
      "ConnectedWireIndex":8,
      "ConnectedWireSegmentIndex":1,
      "Points":[{"x":2.375,"y":-4.5},{"x":0.0,"y":0.0}]
    }
  ]
}