{
  "ChipType": 0,
  "Colour": {
    "r": 0.208802447,
    "g": 0.7912048,
    "b": 0.996711731,
    "a": 1
  },
  "Displays":[],
  "InputPins":[
    {
      "Name":"READ/WRITE",
      "ID":45493680,
      "Position":{
        "x":-17.25,
        "y":7.125
      },
      "BitCount":1,
      "Colour":2,
      "ValueDisplayMode":0
    },
    {
      "Name":"CLOCK",
      "ID":1793723350,
      "Position":{
        "x":-17.25,
        "y":6.625
      },
      "BitCount":1,
      "Colour":1,
      "ValueDisplayMode":0
    },
    {
      "Name":"DATA 8BIT",
      "ID":224849795,
      "Position":{
        "x":-17.25,
        "y":5.25
      },
      "BitCount":8,
      "Colour":0,
      "ValueDisplayMode":1
    },
    {
      "Name":"ADR 8BIT",
      "ID":1554393388,
      "Position":{
        "x":-16.75,
        "y":-5.625
      },
      "BitCount":8,
      "Colour":0,
      "ValueDisplayMode":1
    },
    {
      "Name":"ENABLE",
      "ID":1744754445,
      "Position":{
        "x":-16.75,
        "y":-6.5
      },
      "BitCount":1,
      "Colour":6,
      "ValueDisplayMode":0
    }
  ],
  "Name": "256 BYTE MEM",
  "NameLocation": 0,
  "OutputPins":[
    {
      "Name":"OUT",
      "ID":740734275,
      "Position":{
        "x":2.5,
        "y":-4.5
      },
      "BitCount":8,
      "Colour":0,
      "ValueDisplayMode":0
    },
    {
      "Name":"ENABLED",
      "ID":986266066,
      "Position":{
        "x":-1.0,
        "y":-6.5
      },
      "BitCount":1,
      "Colour":6,
      "ValueDisplayMode":0
    }
  ],
  "Size": {
    "x": 3.2,
    "y": 1.75
  },
  "SubChips":[
    {
      "Name":"256 x 1 BIT MEM",
      "ID":1979936338,
      "Label":"",
      "Position":{
        "x":-6.74,
        "y":6.0
      },
      "OutputPinColourInfo":[{"PinColour":0,"PinID":595857908}],
      "InternalData":null
    },
    {
      "Name":"256 x 1 BIT MEM",
      "ID":192989701,
      "Label":"",
      "Position":{
        "x":-6.74,
        "y":4.375
      },
      "OutputPinColourInfo":[{"PinColour":0,"PinID":595857908}],
      "InternalData":null
    },
    {
      "Name":"256 x 1 BIT MEM",
      "ID":532445219,
      "Label":"",
      "Position":{
        "x":-6.74,
        "y":2.75
      },
      "OutputPinColourInfo":[{"PinColour":0,"PinID":595857908}],
      "InternalData":null
    },
    {
      "Name":"256 x 1 BIT MEM",
      "ID":1326001511,
      "Label":"",
      "Position":{
        "x":-6.74,
        "y":1.125
      },
      "OutputPinColourInfo":[{"PinColour":0,"PinID":595857908}],
      "InternalData":null
    },
    {
      "Name":"256 x 1 BIT MEM",
      "ID":766048866,
      "Label":"",
      "Position":{
        "x":-6.74,
        "y":-0.5
      },
      "OutputPinColourInfo":[{"PinColour":0,"PinID":595857908}],
      "InternalData":null
    },
    {
      "Name":"256 x 1 BIT MEM",
      "ID":153975792,
      "Label":"",
      "Position":{
        "x":-6.74,
        "y":-2.125
      },
      "OutputPinColourInfo":[{"PinColour":0,"PinID":595857908}],
      "InternalData":null
    },
    {
      "Name":"256 x 1 BIT MEM",
      "ID":2028369600,
      "Label":"",
      "Position":{
        "x":-6.74,
        "y":-3.75
      },
      "OutputPinColourInfo":[{"PinColour":0,"PinID":595857908}],
      "InternalData":null
    },
    {
      "Name":"256 x 1 BIT MEM",
      "ID":969245475,
      "Label":"",
      "Position":{
        "x":-6.74,
        "y":-5.375
      },
      "OutputPinColourInfo":[{"PinColour":0,"PinID":595857908}],
      "InternalData":null
    },
    {
      "Name":"1-8BIT",
      "ID":1989989548,
      "Label":"",
      "Position":{
        "x":-3.5525,
        "y":-4.5
      },
      "OutputPinColourInfo":[{"PinColour":0,"PinID":8}],
      "InternalData":null
    },
    {
      "Name":"8-1BIT",
      "ID":1827442167,
      "Label":"",
      "Position":{
        "x":-12.0525,
        "y":5.25
      },
      "OutputPinColourInfo":[{"PinColour":5,"PinID":1},{"PinColour":5,"PinID":2},{"PinColour":5,"PinID":3},{"PinColour":5,"PinID":4},{"PinColour":5,"PinID":5},{"PinColour":5,"PinID":6},{"PinColour":5,"PinID":7},{"PinColour":5,"PinID":8}],
      "InternalData":null
    }
  ],
  "Wires":[
    {
      "SourcePinAddress":{
        "PinID":595857908,
        "PinOwnerID":969245475
      },
      "TargetPinAddress":{
        "PinID":7,
        "PinOwnerID":1989989548
      },
      "ConnectionType":0,
      "ConnectedWireIndex":-1,
      "ConnectedWireSegmentIndex":-1,
      "Points":[{"x":0.0,"y":0.0},{"x":0.0,"y":0.0}]
    },
    {
      "SourcePinAddress":{
        "PinID":595857908,
        "PinOwnerID":2028369600
      },
      "TargetPinAddress":{
        "PinID":6,
        "PinOwnerID":1989989548
      },
      "ConnectionType":0,
      "ConnectedWireIndex":-1,
      "ConnectedWireSegmentIndex":-1,
      "Points":[{"x":0.0,"y":0.0},{"x":-5.875,"y":-3.75},{"x":-5.875,"y":-5.125},{"x":0.0,"y":0.0}]
    },
    {
      "SourcePinAddress":{
        "PinID":595857908,
        "PinOwnerID":153975792
      },
      "TargetPinAddress":{
        "PinID":5,
        "PinOwnerID":1989989548
      },
      "ConnectionType":0,
      "ConnectedWireIndex":-1,
      "ConnectedWireSegmentIndex":-1,
      "Points":[{"x":0.0,"y":0.0},{"x":-5.625,"y":-2.125},{"x":-5.625,"y":-4.875},{"x":0.0,"y":0.0}]
    },
    {
      "SourcePinAddress":{
        "PinID":595857908,
        "PinOwnerID":766048866
      },
      "TargetPinAddress":{
        "PinID":4,
        "PinOwnerID":1989989548
      },
      "ConnectionType":0,
      "ConnectedWireIndex":-1,
      "ConnectedWireSegmentIndex":-1,
      "Points":[{"x":0.0,"y":0.0},{"x":-5.375,"y":-0.5},{"x":-5.375,"y":-4.625},{"x":0.0,"y":0.0}]
    },
    {
      "SourcePinAddress":{
        "PinID":595857908,
        "PinOwnerID":1326001511
      },
      "TargetPinAddress":{
        "PinID":3,
        "PinOwnerID":1989989548
      },
      "ConnectionType":0,
      "ConnectedWireIndex":-1,
      "ConnectedWireSegmentIndex":-1,
      "Points":[{"x":0.0,"y":0.0},{"x":-6.0,"y":1.125},{"x":-5.125,"y":1.125},{"x":-5.125,"y":-4.375},{"x":0.0,"y":0.0}]
    },
    {
      "SourcePinAddress":{
        "PinID":595857908,
        "PinOwnerID":532445219
      },
      "TargetPinAddress":{
        "PinID":2,
        "PinOwnerID":1989989548
      },
      "ConnectionType":0,
      "ConnectedWireIndex":-1,
      "ConnectedWireSegmentIndex":-1,
      "Points":[{"x":0.0,"y":0.0},{"x":-4.875,"y":2.75},{"x":-4.875,"y":-4.125},{"x":0.0,"y":0.0}]
    },
    {
      "SourcePinAddress":{
        "PinID":595857908,
        "PinOwnerID":192989701
      },
      "TargetPinAddress":{
        "PinID":1,
        "PinOwnerID":1989989548
      },
      "ConnectionType":0,
      "ConnectedWireIndex":-1,
      "ConnectedWireSegmentIndex":-1,
      "Points":[{"x":0.0,"y":0.0},{"x":-4.625,"y":4.375},{"x":-4.625,"y":-3.875},{"x":0.0,"y":0.0}]
    },
    {
      "SourcePinAddress":{
        "PinID":595857908,
        "PinOwnerID":1979936338
      },
      "TargetPinAddress":{
        "PinID":0,
        "PinOwnerID":1989989548
      },
      "ConnectionType":0,
      "ConnectedWireIndex":-1,
      "ConnectedWireSegmentIndex":-1,
      "Points":[{"x":0.0,"y":0.0},{"x":-4.375,"y":6.0},{"x":-4.375,"y":-3.625},{"x":0.0,"y":0.0}]
    },
    {
      "SourcePinAddress":{
        "PinID":8,
        "PinOwnerID":1989989548
      },
      "TargetPinAddress":{
        "PinID":0,
        "PinOwnerID":740734275
      },
      "ConnectionType":0,
      "ConnectedWireIndex":-1,
      "ConnectedWireSegmentIndex":-1,
      "Points":[{"x":0.0,"y":0.0},{"x":0.0,"y":0.0}]
    },
    {
      "SourcePinAddress":{
        "PinID":0,
        "PinOwnerID":1744754445
      },
      "TargetPinAddress":{
        "PinID":0,
        "PinOwnerID":986266066
      },
      "ConnectionType":0,
      "ConnectedWireIndex":-1,
      "ConnectedWireSegmentIndex":-1,
      "Points":[{"x":0.0,"y":0.0},{"x":0.0,"y":0.0}]
    },
    {
      "SourcePinAddress":{
        "PinID":0,
        "PinOwnerID":1744754445
      },
      "TargetPinAddress":{
        "PinID":1772749283,
        "PinOwnerID":1979936338
      },
      "ConnectionType":1,
      "ConnectedWireIndex":9,
      "ConnectedWireSegmentIndex":0,
      "Points":[{"x":-7.625,"y":-6.5},{"x":-7.625,"y":5.375},{"x":0.0,"y":0.0}]
    },
    {
      "SourcePinAddress":{
        "PinID":0,
        "PinOwnerID":1744754445
      },
      "TargetPinAddress":{
        "PinID":1772749283,
        "PinOwnerID":192989701
      },
      "ConnectionType":1,
      "ConnectedWireIndex":10,
      "ConnectedWireSegmentIndex":0,
      "Points":[{"x":-7.625,"y":3.75},{"x":0.0,"y":0.0}]
    },
    {
      "SourcePinAddress":{
        "PinID":0,
        "PinOwnerID":1744754445
      },
      "TargetPinAddress":{
        "PinID":1772749283,
        "PinOwnerID":532445219
      },
      "ConnectionType":1,
      "ConnectedWireIndex":10,
      "ConnectedWireSegmentIndex":0,
      "Points":[{"x":-7.625,"y":2.125},{"x":0.0,"y":0.0}]
    },
    {
      "SourcePinAddress":{
        "PinID":0,
        "PinOwnerID":1744754445
      },
      "TargetPinAddress":{
        "PinID":1772749283,
        "PinOwnerID":1326001511
      },
      "ConnectionType":1,
      "ConnectedWireIndex":10,
      "ConnectedWireSegmentIndex":0,
      "Points":[{"x":-7.625,"y":0.5},{"x":0.0,"y":0.0}]
    },
    {
      "SourcePinAddress":{
        "PinID":0,
        "PinOwnerID":1744754445
      },
      "TargetPinAddress":{
        "PinID":1772749283,
        "PinOwnerID":766048866
      },
      "ConnectionType":1,
      "ConnectedWireIndex":10,
      "ConnectedWireSegmentIndex":0,
      "Points":[{"x":-7.625,"y":-1.125},{"x":0.0,"y":0.0}]
    },
    {
      "SourcePinAddress":{
        "PinID":0,
        "PinOwnerID":1744754445
      },
      "TargetPinAddress":{
        "PinID":1772749283,
        "PinOwnerID":153975792
      },
      "ConnectionType":1,
      "ConnectedWireIndex":10,
      "ConnectedWireSegmentIndex":0,
      "Points":[{"x":-7.625,"y":-2.75},{"x":0.0,"y":0.0}]
    },
    {
      "SourcePinAddress":{
        "PinID":0,
        "PinOwnerID":1744754445
      },
      "TargetPinAddress":{
        "PinID":1772749283,
        "PinOwnerID":2028369600
      },
      "ConnectionType":1,
      "ConnectedWireIndex":10,
      "ConnectedWireSegmentIndex":0,
      "Points":[{"x":-7.625,"y":-4.375},{"x":0.0,"y":0.0}]
    },
    {
      "SourcePinAddress":{
        "PinID":0,
        "PinOwnerID":1744754445
      },
      "TargetPinAddress":{
        "PinID":1772749283,
        "PinOwnerID":969245475
      },
      "ConnectionType":1,
      "ConnectedWireIndex":10,
      "ConnectedWireSegmentIndex":0,
      "Points":[{"x":-7.625,"y":-6.0},{"x":0.0,"y":0.0}]
    },
    {
      "SourcePinAddress":{
        "PinID":0,
        "PinOwnerID":1554393388
      },
      "TargetPinAddress":{
        "PinID":877618770,
        "PinOwnerID":969245475
      },
      "ConnectionType":0,
      "ConnectedWireIndex":-1,
      "ConnectedWireSegmentIndex":-1,
      "Points":[{"x":0.0,"y":0.0},{"x":0.0,"y":0.0}]
    },
    {
      "SourcePinAddress":{
        "PinID":0,
        "PinOwnerID":1554393388
      },
      "TargetPinAddress":{
        "PinID":877618770,
        "PinOwnerID":1979936338
      },
      "ConnectionType":1,
      "ConnectedWireIndex":18,
      "ConnectedWireSegmentIndex":0,
      "Points":[{"x":-8.0,"y":-5.625},{"x":-8.0,"y":5.75},{"x":0.0,"y":0.0}]
    },
    {
      "SourcePinAddress":{
        "PinID":0,
        "PinOwnerID":1554393388
      },
      "TargetPinAddress":{
        "PinID":877618770,
        "PinOwnerID":2028369600
      },
      "ConnectionType":1,
      "ConnectedWireIndex":19,
      "ConnectedWireSegmentIndex":0,
      "Points":[{"x":-8.0,"y":-4.0},{"x":0.0,"y":0.0}]
    },
    {
      "SourcePinAddress":{
        "PinID":0,
        "PinOwnerID":1554393388
      },
      "TargetPinAddress":{
        "PinID":877618770,
        "PinOwnerID":153975792
      },
      "ConnectionType":1,
      "ConnectedWireIndex":19,
      "ConnectedWireSegmentIndex":0,
      "Points":[{"x":-8.0,"y":-2.375},{"x":0.0,"y":0.0}]
    },
    {
      "SourcePinAddress":{
        "PinID":0,
        "PinOwnerID":1554393388
      },
      "TargetPinAddress":{
        "PinID":877618770,
        "PinOwnerID":766048866
      },
      "ConnectionType":1,
      "ConnectedWireIndex":19,
      "ConnectedWireSegmentIndex":0,
      "Points":[{"x":-8.0,"y":-0.75},{"x":0.0,"y":0.0}]
    },
    {
      "SourcePinAddress":{
        "PinID":0,
        "PinOwnerID":1554393388
      },
      "TargetPinAddress":{
        "PinID":877618770,
        "PinOwnerID":1326001511
      },
      "ConnectionType":1,
      "ConnectedWireIndex":19,
      "ConnectedWireSegmentIndex":0,
      "Points":[{"x":-8.0,"y":0.875},{"x":0.0,"y":0.0}]
    },
    {
      "SourcePinAddress":{
        "PinID":0,
        "PinOwnerID":1554393388
      },
      "TargetPinAddress":{
        "PinID":877618770,
        "PinOwnerID":532445219
      },
      "ConnectionType":1,
      "ConnectedWireIndex":19,
      "ConnectedWireSegmentIndex":0,
      "Points":[{"x":-8.0,"y":2.5},{"x":0.0,"y":0.0}]
    },
    {
      "SourcePinAddress":{
        "PinID":0,
        "PinOwnerID":1554393388
      },
      "TargetPinAddress":{
        "PinID":877618770,
        "PinOwnerID":192989701
      },
      "ConnectionType":1,
      "ConnectedWireIndex":19,
      "ConnectedWireSegmentIndex":0,
      "Points":[{"x":-8.0,"y":4.125},{"x":0.0,"y":0.0}]
    },
    {
      "SourcePinAddress":{
        "PinID":1,
        "PinOwnerID":1827442167
      },
      "TargetPinAddress":{
        "PinID":739285433,
        "PinOwnerID":1979936338
      },
      "ConnectionType":0,
      "ConnectedWireIndex":-1,
      "ConnectedWireSegmentIndex":-1,
      "Points":[{"x":0.0,"y":0.0},{"x":0.0,"y":0.0}]
    },
    {
      "SourcePinAddress":{
        "PinID":2,
        "PinOwnerID":1827442167
      },
      "TargetPinAddress":{
        "PinID":739285433,
        "PinOwnerID":192989701
      },
      "ConnectionType":0,
      "ConnectedWireIndex":-1,
      "ConnectedWireSegmentIndex":-1,
      "Points":[{"x":0.0,"y":0.0},{"x":-8.375,"y":5.875},{"x":-8.375,"y":4.5},{"x":0.0,"y":0.0}]
    },
    {
      "SourcePinAddress":{
        "PinID":3,
        "PinOwnerID":1827442167
      },
      "TargetPinAddress":{
        "PinID":739285433,
        "PinOwnerID":532445219
      },
      "ConnectionType":0,
      "ConnectedWireIndex":-1,
      "ConnectedWireSegmentIndex":-1,
      "Points":[{"x":0.0,"y":0.0},{"x":-8.625,"y":5.625},{"x":-8.625,"y":2.875},{"x":0.0,"y":0.0}]
    },
    {
      "SourcePinAddress":{
        "PinID":4,
        "PinOwnerID":1827442167
      },
      "TargetPinAddress":{
        "PinID":739285433,
        "PinOwnerID":1326001511
      },
      "ConnectionType":0,
      "ConnectedWireIndex":-1,
      "ConnectedWireSegmentIndex":-1,
      "Points":[{"x":0.0,"y":0.0},{"x":-8.875,"y":5.375},{"x":-8.875,"y":1.25},{"x":0.0,"y":0.0}]
    },
    {
      "SourcePinAddress":{
        "PinID":5,
        "PinOwnerID":1827442167
      },
      "TargetPinAddress":{
        "PinID":739285433,
        "PinOwnerID":766048866
      },
      "ConnectionType":0,
      "ConnectedWireIndex":-1,
      "ConnectedWireSegmentIndex":-1,
      "Points":[{"x":0.0,"y":0.0},{"x":-9.125,"y":5.125},{"x":-9.125,"y":-0.375},{"x":0.0,"y":0.0}]
    },
    {
      "SourcePinAddress":{
        "PinID":6,
        "PinOwnerID":1827442167
      },
      "TargetPinAddress":{
        "PinID":739285433,
        "PinOwnerID":153975792
      },
      "ConnectionType":0,
      "ConnectedWireIndex":-1,
      "ConnectedWireSegmentIndex":-1,
      "Points":[{"x":0.0,"y":0.0},{"x":-9.375,"y":4.875},{"x":-9.375,"y":-2.0},{"x":0.0,"y":0.0}]
    },
    {
      "SourcePinAddress":{
        "PinID":7,
        "PinOwnerID":1827442167
      },
      "TargetPinAddress":{
        "PinID":739285433,
        "PinOwnerID":2028369600
      },
      "ConnectionType":0,
      "ConnectedWireIndex":-1,
      "ConnectedWireSegmentIndex":-1,
      "Points":[{"x":0.0,"y":0.0},{"x":-9.625,"y":4.625},{"x":-9.625,"y":-3.625},{"x":0.0,"y":0.0}]
    },
    {
      "SourcePinAddress":{
        "PinID":8,
        "PinOwnerID":1827442167
      },
      "TargetPinAddress":{
        "PinID":739285433,
        "PinOwnerID":969245475
      },
      "ConnectionType":0,
      "ConnectedWireIndex":-1,
      "ConnectedWireSegmentIndex":-1,
      "Points":[{"x":0.0,"y":0.0},{"x":-9.875,"y":4.375},{"x":-9.875,"y":-5.25},{"x":0.0,"y":0.0}]
    },
    {
      "SourcePinAddress":{
        "PinID":0,
        "PinOwnerID":224849795
      },
      "TargetPinAddress":{
        "PinID":0,
        "PinOwnerID":1827442167
      },
      "ConnectionType":0,
      "ConnectedWireIndex":-1,
      "ConnectedWireSegmentIndex":-1,
      "Points":[{"x":0.0,"y":0.0},{"x":0.0,"y":0.0}]
    },
    {
      "SourcePinAddress":{
        "PinID":0,
        "PinOwnerID":45493680
      },
      "TargetPinAddress":{
        "PinID":795333912,
        "PinOwnerID":1979936338
      },
      "ConnectionType":0,
      "ConnectedWireIndex":-1,
      "ConnectedWireSegmentIndex":-1,
      "Points":[{"x":0.0,"y":0.0},{"x":-10.25,"y":7.125},{"x":-10.25,"y":6.625},{"x":0.0,"y":0.0}]
    },
    {
      "SourcePinAddress":{
        "PinID":0,
        "PinOwnerID":45493680
      },
      "TargetPinAddress":{
        "PinID":795333912,
        "PinOwnerID":969245475
      },
      "ConnectionType":1,
      "ConnectedWireIndex":35,
      "ConnectedWireSegmentIndex":1,
      "Points":[{"x":-10.25,"y":6.625},{"x":-10.25,"y":-4.75},{"x":0.0,"y":0.0}]
    },
    {
      "SourcePinAddress":{
        "PinID":0,
        "PinOwnerID":45493680
      },
      "TargetPinAddress":{
        "PinID":795333912,
        "PinOwnerID":2028369600
      },
      "ConnectionType":1,
      "ConnectedWireIndex":36,
      "ConnectedWireSegmentIndex":0,
      "Points":[{"x":-10.25,"y":-3.125},{"x":0.0,"y":0.0}]
    },
    {
      "SourcePinAddress":{
        "PinID":0,
        "PinOwnerID":45493680
      },
      "TargetPinAddress":{
        "PinID":795333912,
        "PinOwnerID":153975792
      },
      "ConnectionType":1,
      "ConnectedWireIndex":36,
      "ConnectedWireSegmentIndex":0,
      "Points":[{"x":-10.25,"y":-1.5},{"x":0.0,"y":0.0}]
    },
    {
      "SourcePinAddress":{
        "PinID":0,
        "PinOwnerID":45493680
      },
      "TargetPinAddress":{
        "PinID":795333912,
        "PinOwnerID":766048866
      },
      "ConnectionType":1,
      "ConnectedWireIndex":36,
      "ConnectedWireSegmentIndex":0,
      "Points":[{"x":-10.25,"y":0.125},{"x":0.0,"y":0.0}]
    },
    {
      "SourcePinAddress":{
        "PinID":0,
        "PinOwnerID":45493680
      },
      "TargetPinAddress":{
        "PinID":795333912,
        "PinOwnerID":1326001511
      },
      "ConnectionType":1,
      "ConnectedWireIndex":36,
      "ConnectedWireSegmentIndex":0,
      "Points":[{"x":-10.25,"y":1.75},{"x":0.0,"y":0.0}]
    },
    {
      "SourcePinAddress":{
        "PinID":0,
        "PinOwnerID":45493680
      },
      "TargetPinAddress":{
        "PinID":795333912,
        "PinOwnerID":532445219
      },
      "ConnectionType":1,
      "ConnectedWireIndex":36,
      "ConnectedWireSegmentIndex":0,
      "Points":[{"x":-10.25,"y":3.375},{"x":0.0,"y":0.0}]
    },
    {
      "SourcePinAddress":{
        "PinID":0,
        "PinOwnerID":45493680
      },
      "TargetPinAddress":{
        "PinID":795333912,
        "PinOwnerID":192989701
      },
      "ConnectionType":1,
      "ConnectedWireIndex":36,
      "ConnectedWireSegmentIndex":0,
      "Points":[{"x":-10.25,"y":5.0},{"x":0.0,"y":0.0}]
    },
    {
      "SourcePinAddress":{
        "PinID":0,
        "PinOwnerID":1793723350
      },
      "TargetPinAddress":{
        "PinID":1285843405,
        "PinOwnerID":969245475
      },
      "ConnectionType":0,
      "ConnectedWireIndex":-1,
      "ConnectedWireSegmentIndex":-1,
      "Points":[{"x":0.0,"y":0.0},{"x":-10.5,"y":6.625},{"x":-10.5,"y":-5.0},{"x":0.0,"y":0.0}]
    },
    {
      "SourcePinAddress":{
        "PinID":0,
        "PinOwnerID":1793723350
      },
      "TargetPinAddress":{
        "PinID":1285843405,
        "PinOwnerID":2028369600
      },
      "ConnectionType":1,
      "ConnectedWireIndex":43,
      "ConnectedWireSegmentIndex":1,
      "Points":[{"x":-10.5,"y":-3.375},{"x":0.0,"y":0.0}]
    },
    {
      "SourcePinAddress":{
        "PinID":0,
        "PinOwnerID":1793723350
      },
      "TargetPinAddress":{
        "PinID":1285843405,
        "PinOwnerID":153975792
      },
      "ConnectionType":1,
      "ConnectedWireIndex":43,
      "ConnectedWireSegmentIndex":1,
      "Points":[{"x":-10.5,"y":-1.75},{"x":0.0,"y":0.0}]
    },
    {
      "SourcePinAddress":{
        "PinID":0,
        "PinOwnerID":1793723350
      },
      "TargetPinAddress":{
        "PinID":1285843405,
        "PinOwnerID":766048866
      },
      "ConnectionType":1,
      "ConnectedWireIndex":43,
      "ConnectedWireSegmentIndex":1,
      "Points":[{"x":-10.5,"y":-0.125},{"x":0.0,"y":0.0}]
    },
    {
      "SourcePinAddress":{
        "PinID":0,
        "PinOwnerID":1793723350
      },
      "TargetPinAddress":{
        "PinID":1285843405,
        "PinOwnerID":1326001511
      },
      "ConnectionType":1,
      "ConnectedWireIndex":43,
      "ConnectedWireSegmentIndex":1,
      "Points":[{"x":-10.5,"y":1.5},{"x":0.0,"y":0.0}]
    },
    {
      "SourcePinAddress":{
        "PinID":0,
        "PinOwnerID":1793723350
      },
      "TargetPinAddress":{
        "PinID":1285843405,
        "PinOwnerID":532445219
      },
      "ConnectionType":1,
      "ConnectedWireIndex":43,
      "ConnectedWireSegmentIndex":1,
      "Points":[{"x":-10.5,"y":3.125},{"x":0.0,"y":0.0}]
    },
    {
      "SourcePinAddress":{
        "PinID":0,
        "PinOwnerID":1793723350
      },
      "TargetPinAddress":{
        "PinID":1285843405,
        "PinOwnerID":192989701
      },
      "ConnectionType":1,
      "ConnectedWireIndex":43,
      "ConnectedWireSegmentIndex":1,
      "Points":[{"x":-10.5,"y":4.75},{"x":0.0,"y":0.0}]
    },
    {
      "SourcePinAddress":{
        "PinID":0,
        "PinOwnerID":1793723350
      },
      "TargetPinAddress":{
        "PinID":1285843405,
        "PinOwnerID":1979936338
      },
      "ConnectionType":1,
      "ConnectedWireIndex":43,
      "ConnectedWireSegmentIndex":1,
      "Points":[{"x":-10.5,"y":6.375},{"x":0.0,"y":0.0}]
    }
  ]
}