{
  "ChipType": 0,
  "Colour": {
    "r": 0.318962932,
    "g": 0.553350747,
    "b": 0.679014,
    "a": 1
  },
  "Displays": null,
  "InputPins":[
    {
      "Name":"READ/WRITE",
      "ID":795333912,
      "Position":{
        "x":-23.625,
        "y":1.625
      },
      "BitCount":1,
      "Colour":2,
      "ValueDisplayMode":0
    },
    {
      "Name":"CLOCK",
      "ID":1285843405,
      "Position":{
        "x":-23.625,
        "y":1.125
      },
      "BitCount":1,
      "Colour":3,
      "ValueDisplayMode":0
    },
    {
      "Name":"DATA",
      "ID":739285433,
      "Position":{
        "x":-23.625,
        "y":0.625
      },
      "BitCount":1,
      "Colour":5,
      "ValueDisplayMode":0
    },
    {
      "Name":"ADR 8BIT",
      "ID":877618770,
      "Position":{
        "x":-26.125,
        "y":-10.375
      },
      "BitCount":8,
      "Colour":0,
      "ValueDisplayMode":1
    },
    {
      "Name":"ENABLE",
      "ID":1772749283,
      "Position":{
        "x":-26.125,
        "y":-11.625
      },
      "BitCount":1,
      "Colour":6,
      "ValueDisplayMode":0
    }
  ],
  "Name": "256 x 1 BIT MEM",
  "NameLocation": 0,
  "OutputPins":[
    {
      "Name":"OUT",
      "ID":595857908,
      "Position":{
        "x":0.0,
        "y":-0.3125
      },
      "BitCount":1,
      "Colour":0,
      "ValueDisplayMode":0
    }
  ],
  "Size": {
    "x": 1.25,
    "y": 1.5
  },
  "SubChips":[
    {
      "Name":"16 x 1 BIT MEM",
      "ID":1886431926,
      "Label":"",
      "Position":{
        "x":-14.94,
        "y":-0.625
      },
      "OutputPinColourInfo":[{"PinColour":0,"PinID":655267256}],
      "InternalData":null
    },
    {
      "Name":"16 x 1 BIT MEM",
      "ID":610328726,
      "Label":"",
      "Position":{
        "x":-14.94,
        "y":-3.25
      },
      "OutputPinColourInfo":[{"PinColour":0,"PinID":655267256}],
      "InternalData":null
    },
    {
      "Name":"16 x 1 BIT MEM",
      "ID":1179950142,
      "Label":"",
      "Position":{
        "x":-14.94,
        "y":-5.875
      },
      "OutputPinColourInfo":[{"PinColour":0,"PinID":655267256}],
      "InternalData":null
    },
    {
      "Name":"16 x 1 BIT MEM",
      "ID":1709424696,
      "Label":"",
      "Position":{
        "x":-14.94,
        "y":-8.5
      },
      "OutputPinColourInfo":[{"PinColour":0,"PinID":655267256}],
      "InternalData":null
    },
    {
      "Name":"16 x 1 BIT MEM",
      "ID":1967511681,
      "Label":"",
      "Position":{
        "x":-10.94,
        "y":-0.625
      },
      "OutputPinColourInfo":[{"PinColour":0,"PinID":655267256}],
      "InternalData":null
    },
    {
      "Name":"16 x 1 BIT MEM",
      "ID":1691219757,
      "Label":"",
      "Position":{
        "x":-10.94,
        "y":-3.25
      },
      "OutputPinColourInfo":[{"PinColour":0,"PinID":655267256}],
      "InternalData":null
    },
    {
      "Name":"16 x 1 BIT MEM",
      "ID":192692676,
      "Label":"",
      "Position":{
        "x":-10.94,
        "y":-5.875
      },
      "OutputPinColourInfo":[{"PinColour":0,"PinID":655267256}],
      "InternalData":null
    },
    {
      "Name":"16 x 1 BIT MEM",
      "ID":387683898,
      "Label":"",
      "Position":{
        "x":-10.94,
        "y":-8.5
      },
      "OutputPinColourInfo":[{"PinColour":0,"PinID":655267256}],
      "InternalData":null
    },
    {
      "Name":"16 x 1 BIT MEM",
      "ID":1752694037,
      "Label":"",
      "Position":{
        "x":-6.94,
        "y":-0.625
      },
      "OutputPinColourInfo":[{"PinColour":0,"PinID":655267256}],
      "InternalData":null
    },
    {
      "Name":"16 x 1 BIT MEM",
      "ID":1572315612,
      "Label":"",
      "Position":{
        "x":-6.94,
        "y":-3.25
      },
      "OutputPinColourInfo":[{"PinColour":0,"PinID":655267256}],
      "InternalData":null
    },
    {
      "Name":"16 x 1 BIT MEM",
      "ID":1124074971,
      "Label":"",
      "Position":{
        "x":-6.94,
        "y":-5.875
      },
      "OutputPinColourInfo":[{"PinColour":0,"PinID":655267256}],
      "InternalData":null
    },
    {
      "Name":"16 x 1 BIT MEM",
      "ID":2019671729,
      "Label":"",
      "Position":{
        "x":-6.94,
        "y":-8.5
      },
      "OutputPinColourInfo":[{"PinColour":0,"PinID":655267256}],
      "InternalData":null
    },
    {
      "Name":"16 x 1 BIT MEM",
      "ID":183400204,
      "Label":"",
      "Position":{
        "x":-2.94,
        "y":-0.625
      },
      "OutputPinColourInfo":[{"PinColour":0,"PinID":655267256}],
      "InternalData":null
    },
    {
      "Name":"16 x 1 BIT MEM",
      "ID":1785828918,
      "Label":"",
      "Position":{
        "x":-2.94,
        "y":-3.25
      },
      "OutputPinColourInfo":[{"PinColour":0,"PinID":655267256}],
      "InternalData":null
    },
    {
      "Name":"16 x 1 BIT MEM",
      "ID":1517021244,
      "Label":"",
      "Position":{
        "x":-2.94,
        "y":-5.875
      },
      "OutputPinColourInfo":[{"PinColour":0,"PinID":655267256}],
      "InternalData":null
    },
    {
      "Name":"16 x 1 BIT MEM",
      "ID":1062288744,
      "Label":"",
      "Position":{
        "x":-2.94,
        "y":-8.5
      },
      "OutputPinColourInfo":[{"PinColour":0,"PinID":655267256}],
      "InternalData":null
    },
    {
      "Name":"BUS-1",
      "ID":2110436163,
      "Label":"",
      "Position":{
        "x":-14.24,
        "y":0.3125
      },
      "OutputPinColourInfo":[{"PinColour":0,"PinID":1}],
      "InternalData":[2017418878,0]
    },
    {
      "Name":"BUS-TERMINUS-1",
      "ID":2017418878,
      "Label":"",
      "Position":{
        "x":-0.365,
        "y":0.3125
      },
      "OutputPinColourInfo":[],
      "InternalData":[2110436163,0]
    },
    {
      "Name":"8-4BIT",
      "ID":2048375041,
      "Label":"",
      "Position":{
        "x":-23.3025,
        "y":-10.375
      },
      "OutputPinColourInfo":[{"PinColour":0,"PinID":1},{"PinColour":0,"PinID":2}],
      "InternalData":null
    },
    {
      "Name":"4-1BIT",
      "ID":1362885888,
      "Label":"",
      "Position":{
        "x":-21.5525,
        "y":-10.5625
      },
      "OutputPinColourInfo":[{"PinColour":0,"PinID":1},{"PinColour":0,"PinID":2},{"PinColour":0,"PinID":3},{"PinColour":0,"PinID":4}],
      "InternalData":null
    },
    {
      "Name":"2 BIT DECODER",
      "ID":676648,
      "Label":"",
      "Position":{
        "x":-18.2775,
        "y":-10.5625
      },
      "OutputPinColourInfo":[{"PinColour":0,"PinID":1402873771},{"PinColour":0,"PinID":169939261},{"PinColour":0,"PinID":107447609},{"PinColour":0,"PinID":1420861428}],
      "InternalData":null
    },
    {
      "Name":"2 BIT DECODER",
      "ID":1763571966,
      "Label":"",
      "Position":{
        "x":-19.6525,
        "y":-9.375
      },
      "OutputPinColourInfo":[{"PinColour":1,"PinID":1402873771},{"PinColour":1,"PinID":169939261},{"PinColour":1,"PinID":107447609},{"PinColour":1,"PinID":1420861428}],
      "InternalData":null
    }
  ],
  "Wires":[
    {
      "SourcePinAddress":{
        "PinID":1,
        "PinOwnerID":2110436163
      },
      "TargetPinAddress":{
        "PinID":0,
        "PinOwnerID":2017418878
      },
      "ConnectionType":0,
      "ConnectedWireIndex":-1,
      "ConnectedWireSegmentIndex":-1,
      "Points":[{"x":0.0,"y":0.0},{"x":0.0,"y":0.0}]
    },
    {
      "SourcePinAddress":{
        "PinID":655267256,
        "PinOwnerID":1886431926
      },
      "TargetPinAddress":{
        "PinID":0,
        "PinOwnerID":2110436163
      },
      "ConnectionType":2,
      "ConnectedWireIndex":0,
      "ConnectedWireSegmentIndex":0,
      "Points":[{"x":0.0,"y":0.0},{"x":-13.75,"y":-0.625},{"x":-13.75,"y":0.3125}]
    },
    {
      "SourcePinAddress":{
        "PinID":655267256,
        "PinOwnerID":610328726
      },
      "TargetPinAddress":{
        "PinID":0,
        "PinOwnerID":2110436163
      },
      "ConnectionType":2,
      "ConnectedWireIndex":0,
      "ConnectedWireSegmentIndex":0,
      "Points":[{"x":0.0,"y":0.0},{"x":-13.625,"y":-3.25},{"x":-13.625,"y":0.3125}]
    },
    {
      "SourcePinAddress":{
        "PinID":655267256,
        "PinOwnerID":1179950142
      },
      "TargetPinAddress":{
        "PinID":0,
        "PinOwnerID":2110436163
      },
      "ConnectionType":2,
      "ConnectedWireIndex":0,
      "ConnectedWireSegmentIndex":0,
      "Points":[{"x":0.0,"y":0.0},{"x":-13.5,"y":-5.875},{"x":-13.5,"y":0.3125}]
    },
    {
      "SourcePinAddress":{
        "PinID":655267256,
        "PinOwnerID":1709424696
      },
      "TargetPinAddress":{
        "PinID":0,
        "PinOwnerID":2110436163
      },
      "ConnectionType":2,
      "ConnectedWireIndex":0,
      "ConnectedWireSegmentIndex":0,
      "Points":[{"x":0.0,"y":0.0},{"x":-13.375,"y":-8.5},{"x":-13.375,"y":0.3125}]
    },
    {
      "SourcePinAddress":{
        "PinID":655267256,
        "PinOwnerID":1967511681
      },
      "TargetPinAddress":{
        "PinID":0,
        "PinOwnerID":2110436163
      },
      "ConnectionType":2,
      "ConnectedWireIndex":0,
      "ConnectedWireSegmentIndex":0,
      "Points":[{"x":0.0,"y":0.0},{"x":-9.75,"y":-0.625},{"x":-9.75,"y":0.3125}]
    },
    {
      "SourcePinAddress":{
        "PinID":655267256,
        "PinOwnerID":1691219757
      },
      "TargetPinAddress":{
        "PinID":0,
        "PinOwnerID":2110436163
      },
      "ConnectionType":2,
      "ConnectedWireIndex":0,
      "ConnectedWireSegmentIndex":0,
      "Points":[{"x":0.0,"y":0.0},{"x":-9.625,"y":-3.25},{"x":-9.625,"y":0.3125}]
    },
    {
      "SourcePinAddress":{
        "PinID":655267256,
        "PinOwnerID":192692676
      },
      "TargetPinAddress":{
        "PinID":0,
        "PinOwnerID":2110436163
      },
      "ConnectionType":2,
      "ConnectedWireIndex":0,
      "ConnectedWireSegmentIndex":0,
      "Points":[{"x":0.0,"y":0.0},{"x":-9.5,"y":-5.875},{"x":-9.5,"y":0.3125}]
    },
    {
      "SourcePinAddress":{
        "PinID":655267256,
        "PinOwnerID":387683898
      },
      "TargetPinAddress":{
        "PinID":0,
        "PinOwnerID":2110436163
      },
      "ConnectionType":2,
      "ConnectedWireIndex":0,
      "ConnectedWireSegmentIndex":0,
      "Points":[{"x":0.0,"y":0.0},{"x":-9.375,"y":-8.5},{"x":-9.375,"y":0.3125}]
    },
    {
      "SourcePinAddress":{
        "PinID":655267256,
        "PinOwnerID":1752694037
      },
      "TargetPinAddress":{
        "PinID":0,
        "PinOwnerID":2110436163
      },
      "ConnectionType":2,
      "ConnectedWireIndex":0,
      "ConnectedWireSegmentIndex":0,
      "Points":[{"x":0.0,"y":0.0},{"x":-5.75,"y":-0.625},{"x":-5.75,"y":0.3125}]
    },
    {
      "SourcePinAddress":{
        "PinID":655267256,
        "PinOwnerID":1572315612
      },
      "TargetPinAddress":{
        "PinID":0,
        "PinOwnerID":2110436163
      },
      "ConnectionType":2,
      "ConnectedWireIndex":0,
      "ConnectedWireSegmentIndex":0,
      "Points":[{"x":0.0,"y":0.0},{"x":-5.625,"y":-3.25},{"x":-5.625,"y":0.3125}]
    },
    {
      "SourcePinAddress":{
        "PinID":655267256,
        "PinOwnerID":1124074971
      },
      "TargetPinAddress":{
        "PinID":0,
        "PinOwnerID":2110436163
      },
      "ConnectionType":2,
      "ConnectedWireIndex":0,
      "ConnectedWireSegmentIndex":0,
      "Points":[{"x":0.0,"y":0.0},{"x":-5.5,"y":-5.875},{"x":-5.5,"y":0.3125}]
    },
    {
      "SourcePinAddress":{
        "PinID":655267256,
        "PinOwnerID":2019671729
      },
      "TargetPinAddress":{
        "PinID":0,
        "PinOwnerID":2110436163
      },
      "ConnectionType":2,
      "ConnectedWireIndex":0,
      "ConnectedWireSegmentIndex":0,
      "Points":[{"x":0.0,"y":0.0},{"x":-5.375,"y":-8.5},{"x":-5.375,"y":0.3125}]
    },
    {
      "SourcePinAddress":{
        "PinID":655267256,
        "PinOwnerID":183400204
      },
      "TargetPinAddress":{
        "PinID":0,
        "PinOwnerID":2110436163
      },
      "ConnectionType":2,
      "ConnectedWireIndex":0,
      "ConnectedWireSegmentIndex":0,
      "Points":[{"x":0.0,"y":0.0},{"x":-1.75,"y":-0.625},{"x":-1.75,"y":0.3125}]
    },
    {
      "SourcePinAddress":{
        "PinID":655267256,
        "PinOwnerID":1785828918
      },
      "TargetPinAddress":{
        "PinID":0,
        "PinOwnerID":2110436163
      },
      "ConnectionType":2,
      "ConnectedWireIndex":0,
      "ConnectedWireSegmentIndex":0,
      "Points":[{"x":0.0,"y":0.0},{"x":-1.625,"y":-3.25},{"x":-1.625,"y":0.3125}]
    },
    {
      "SourcePinAddress":{
        "PinID":655267256,
        "PinOwnerID":1517021244
      },
      "TargetPinAddress":{
        "PinID":0,
        "PinOwnerID":2110436163
      },
      "ConnectionType":2,
      "ConnectedWireIndex":0,
      "ConnectedWireSegmentIndex":0,
      "Points":[{"x":0.0,"y":0.0},{"x":-1.5,"y":-5.875},{"x":-1.5,"y":0.3125}]
    },
    {
      "SourcePinAddress":{
        "PinID":655267256,
        "PinOwnerID":1062288744
      },
      "TargetPinAddress":{
        "PinID":0,
        "PinOwnerID":2110436163
      },
      "ConnectionType":2,
      "ConnectedWireIndex":0,
      "ConnectedWireSegmentIndex":0,
      "Points":[{"x":0.0,"y":0.0},{"x":-1.375,"y":-8.5},{"x":-1.375,"y":0.3125}]
    },
    {
      "SourcePinAddress":{
        "PinID":1,
        "PinOwnerID":2110436163
      },
      "TargetPinAddress":{
        "PinID":0,
        "PinOwnerID":595857908
      },
      "ConnectionType":1,
      "ConnectedWireIndex":0,
      "ConnectedWireSegmentIndex":0,
      "Points":[{"x":-1.125,"y":0.3125},{"x":-1.125,"y":-0.3125},{"x":0.0,"y":0.0}]
    },
    {
      "SourcePinAddress":{
        "PinID":1402873771,
        "PinOwnerID":676648
      },
      "TargetPinAddress":{
        "PinID":665028949,
        "PinOwnerID":1886431926
      },
      "ConnectionType":0,
      "ConnectedWireIndex":-1,
      "ConnectedWireSegmentIndex":-1,
      "Points":[{"x":0.0,"y":0.0},{"x":-16.125,"y":-10.1875},{"x":-16.125,"y":-1.0625},{"x":0.0,"y":0.0}]
    },
    {
      "SourcePinAddress":{
        "PinID":1402873771,
        "PinOwnerID":676648
      },
      "TargetPinAddress":{
        "PinID":665028949,
        "PinOwnerID":610328726
      },
      "ConnectionType":1,
      "ConnectedWireIndex":18,
      "ConnectedWireSegmentIndex":1,
      "Points":[{"x":-16.125,"y":-3.6875},{"x":0.0,"y":0.0}]
    },
    {
      "SourcePinAddress":{
        "PinID":1402873771,
        "PinOwnerID":676648
      },
      "TargetPinAddress":{
        "PinID":665028949,
        "PinOwnerID":1179950142
      },
      "ConnectionType":1,
      "ConnectedWireIndex":18,
      "ConnectedWireSegmentIndex":1,
      "Points":[{"x":-16.125,"y":-6.3125},{"x":0.0,"y":0.0}]
    },
    {
      "SourcePinAddress":{
        "PinID":1402873771,
        "PinOwnerID":676648
      },
      "TargetPinAddress":{
        "PinID":665028949,
        "PinOwnerID":1709424696
      },
      "ConnectionType":1,
      "ConnectedWireIndex":18,
      "ConnectedWireSegmentIndex":1,
      "Points":[{"x":-16.125,"y":-8.9375},{"x":0.0,"y":0.0}]
    },
    {
      "SourcePinAddress":{
        "PinID":169939261,
        "PinOwnerID":676648
      },
      "TargetPinAddress":{
        "PinID":665028949,
        "PinOwnerID":1967511681
      },
      "ConnectionType":0,
      "ConnectedWireIndex":-1,
      "ConnectedWireSegmentIndex":-1,
      "Points":[{"x":0.0,"y":0.0},{"x":-12.125,"y":-10.4375},{"x":-12.125,"y":-1.0625},{"x":0.0,"y":0.0}]
    },
    {
      "SourcePinAddress":{
        "PinID":169939261,
        "PinOwnerID":676648
      },
      "TargetPinAddress":{
        "PinID":665028949,
        "PinOwnerID":1691219757
      },
      "ConnectionType":1,
      "ConnectedWireIndex":22,
      "ConnectedWireSegmentIndex":1,
      "Points":[{"x":-12.125,"y":-3.6875},{"x":0.0,"y":0.0}]
    },
    {
      "SourcePinAddress":{
        "PinID":169939261,
        "PinOwnerID":676648
      },
      "TargetPinAddress":{
        "PinID":665028949,
        "PinOwnerID":192692676
      },
      "ConnectionType":1,
      "ConnectedWireIndex":22,
      "ConnectedWireSegmentIndex":1,
      "Points":[{"x":-12.125,"y":-6.3125},{"x":0.0,"y":0.0}]
    },
    {
      "SourcePinAddress":{
        "PinID":169939261,
        "PinOwnerID":676648
      },
      "TargetPinAddress":{
        "PinID":665028949,
        "PinOwnerID":387683898
      },
      "ConnectionType":1,
      "ConnectedWireIndex":22,
      "ConnectedWireSegmentIndex":1,
      "Points":[{"x":-12.125,"y":-8.9375},{"x":0.0,"y":0.0}]
    },
    {
      "SourcePinAddress":{
        "PinID":107447609,
        "PinOwnerID":676648
      },
      "TargetPinAddress":{
        "PinID":665028949,
        "PinOwnerID":1752694037
      },
      "ConnectionType":0,
      "ConnectedWireIndex":-1,
      "ConnectedWireSegmentIndex":-1,
      "Points":[{"x":0.0,"y":0.0},{"x":-8.125,"y":-10.6875},{"x":-8.125,"y":-1.0625},{"x":0.0,"y":0.0}]
    },
    {
      "SourcePinAddress":{
        "PinID":107447609,
        "PinOwnerID":676648
      },
      "TargetPinAddress":{
        "PinID":665028949,
        "PinOwnerID":1572315612
      },
      "ConnectionType":1,
      "ConnectedWireIndex":26,
      "ConnectedWireSegmentIndex":1,
      "Points":[{"x":-8.125,"y":-3.6875},{"x":0.0,"y":0.0}]
    },
    {
      "SourcePinAddress":{
        "PinID":107447609,
        "PinOwnerID":676648
      },
      "TargetPinAddress":{
        "PinID":665028949,
        "PinOwnerID":1124074971
      },
      "ConnectionType":1,
      "ConnectedWireIndex":26,
      "ConnectedWireSegmentIndex":1,
      "Points":[{"x":-8.125,"y":-6.3125},{"x":0.0,"y":0.0}]
    },
    {
      "SourcePinAddress":{
        "PinID":107447609,
        "PinOwnerID":676648
      },
      "TargetPinAddress":{
        "PinID":665028949,
        "PinOwnerID":2019671729
      },
      "ConnectionType":1,
      "ConnectedWireIndex":26,
      "ConnectedWireSegmentIndex":1,
      "Points":[{"x":-8.125,"y":-8.9375},{"x":0.0,"y":0.0}]
    },
    {
      "SourcePinAddress":{
        "PinID":1420861428,
        "PinOwnerID":676648
      },
      "TargetPinAddress":{
        "PinID":665028949,
        "PinOwnerID":183400204
      },
      "ConnectionType":0,
      "ConnectedWireIndex":-1,
      "ConnectedWireSegmentIndex":-1,
      "Points":[{"x":0.0,"y":0.0},{"x":-4.125,"y":-10.9375},{"x":-4.125,"y":-1.0625},{"x":0.0,"y":0.0}]
    },
    {
      "SourcePinAddress":{
        "PinID":1420861428,
        "PinOwnerID":676648
      },
      "TargetPinAddress":{
        "PinID":665028949,
        "PinOwnerID":1785828918
      },
      "ConnectionType":1,
      "ConnectedWireIndex":30,
      "ConnectedWireSegmentIndex":1,
      "Points":[{"x":-4.125,"y":-3.6875},{"x":0.0,"y":0.0}]
    },
    {
      "SourcePinAddress":{
        "PinID":1420861428,
        "PinOwnerID":676648
      },
      "TargetPinAddress":{
        "PinID":665028949,
        "PinOwnerID":1517021244
      },
      "ConnectionType":1,
      "ConnectedWireIndex":30,
      "ConnectedWireSegmentIndex":1,
      "Points":[{"x":-4.125,"y":-6.3125},{"x":0.0,"y":0.0}]
    },
    {
      "SourcePinAddress":{
        "PinID":1420861428,
        "PinOwnerID":676648
      },
      "TargetPinAddress":{
        "PinID":665028949,
        "PinOwnerID":1062288744
      },
      "ConnectionType":1,
      "ConnectedWireIndex":30,
      "ConnectedWireSegmentIndex":1,
      "Points":[{"x":-4.125,"y":-8.9375},{"x":0.0,"y":0.0}]
    },
    {
      "SourcePinAddress":{
        "PinID":4,
        "PinOwnerID":1362885888
      },
      "TargetPinAddress":{
        "PinID":1927916884,
        "PinOwnerID":676648
      },
      "ConnectionType":0,
      "ConnectedWireIndex":-1,
      "ConnectedWireSegmentIndex":-1,
      "Points":[{"x":0.0,"y":0.0},{"x":-20.125,"y":-10.9375},{"x":-20.125,"y":-10.5625},{"x":0.0,"y":0.0}]
    },
    {
      "SourcePinAddress":{
        "PinID":3,
        "PinOwnerID":1362885888
      },
      "TargetPinAddress":{
        "PinID":558982316,
        "PinOwnerID":676648
      },
      "ConnectionType":0,
      "ConnectedWireIndex":-1,
      "ConnectedWireSegmentIndex":-1,
      "Points":[{"x":0.0,"y":0.0},{"x":-19.75,"y":-10.6875},{"x":-19.75,"y":-10.9375},{"x":0.0,"y":0.0}]
    },
    {
      "SourcePinAddress":{
        "PinID":2,
        "PinOwnerID":1362885888
      },
      "TargetPinAddress":{
        "PinID":1927916884,
        "PinOwnerID":1763571966
      },
      "ConnectionType":0,
      "ConnectedWireIndex":-1,
      "ConnectedWireSegmentIndex":-1,
      "Points":[{"x":0.0,"y":0.0},{"x":-20.5625,"y":-10.4375},{"x":-20.5625,"y":-9.375},{"x":0.0,"y":0.0}]
    },
    {
      "SourcePinAddress":{
        "PinID":1,
        "PinOwnerID":1362885888
      },
      "TargetPinAddress":{
        "PinID":558982316,
        "PinOwnerID":1763571966
      },
      "ConnectionType":0,
      "ConnectedWireIndex":-1,
      "ConnectedWireSegmentIndex":-1,
      "Points":[{"x":0.0,"y":0.0},{"x":-20.6875,"y":-10.1875},{"x":-20.6875,"y":-9.75},{"x":0.0,"y":0.0}]
    },
    {
      "SourcePinAddress":{
        "PinID":2,
        "PinOwnerID":2048375041
      },
      "TargetPinAddress":{
        "PinID":0,
        "PinOwnerID":1362885888
      },
      "ConnectionType":0,
      "ConnectedWireIndex":-1,
      "ConnectedWireSegmentIndex":-1,
      "Points":[{"x":0.0,"y":0.0},{"x":0.0,"y":0.0}]
    },
    {
      "SourcePinAddress":{
        "PinID":1,
        "PinOwnerID":2048375041
      },
      "TargetPinAddress":{
        "PinID":944531204,
        "PinOwnerID":1062288744
      },
      "ConnectionType":0,
      "ConnectedWireIndex":-1,
      "ConnectedWireSegmentIndex":-1,
      "Points":[{"x":0.0,"y":0.0},{"x":-22.375,"y":-10.1875},{"x":-22.3125,"y":1.9375},{"x":-4.5,"y":1.9375},{"x":-4.5,"y":-8.625},{"x":0.0,"y":0.0}]
    },
    {
      "SourcePinAddress":{
        "PinID":1,
        "PinOwnerID":2048375041
      },
      "TargetPinAddress":{
        "PinID":944531204,
        "PinOwnerID":2019671729
      },
      "ConnectionType":1,
      "ConnectedWireIndex":39,
      "ConnectedWireSegmentIndex":2,
      "Points":[{"x":-8.5625,"y":1.9375},{"x":-8.5625,"y":-8.625},{"x":0.0,"y":0.0}]
    },
    {
      "SourcePinAddress":{
        "PinID":1,
        "PinOwnerID":2048375041
      },
      "TargetPinAddress":{
        "PinID":944531204,
        "PinOwnerID":387683898
      },
      "ConnectionType":1,
      "ConnectedWireIndex":39,
      "ConnectedWireSegmentIndex":2,
      "Points":[{"x":-12.5625,"y":1.9375},{"x":-12.5625,"y":-8.625},{"x":0.0,"y":0.0}]
    },
    {
      "SourcePinAddress":{
        "PinID":1,
        "PinOwnerID":2048375041
      },
      "TargetPinAddress":{
        "PinID":944531204,
        "PinOwnerID":1709424696
      },
      "ConnectionType":1,
      "ConnectedWireIndex":39,
      "ConnectedWireSegmentIndex":2,
      "Points":[{"x":-16.5625,"y":1.9375},{"x":-16.5625,"y":-8.625},{"x":0.0,"y":0.0}]
    },
    {
      "SourcePinAddress":{
        "PinID":1,
        "PinOwnerID":2048375041
      },
      "TargetPinAddress":{
        "PinID":944531204,
        "PinOwnerID":1517021244
      },
      "ConnectionType":1,
      "ConnectedWireIndex":39,
      "ConnectedWireSegmentIndex":3,
      "Points":[{"x":-4.5,"y":-6.0},{"x":0.0,"y":0.0}]
    },
    {
      "SourcePinAddress":{
        "PinID":1,
        "PinOwnerID":2048375041
      },
      "TargetPinAddress":{
        "PinID":944531204,
        "PinOwnerID":1785828918
      },
      "ConnectionType":1,
      "ConnectedWireIndex":39,
      "ConnectedWireSegmentIndex":3,
      "Points":[{"x":-4.5,"y":-3.375},{"x":0.0,"y":0.0}]
    },
    {
      "SourcePinAddress":{
        "PinID":1,
        "PinOwnerID":2048375041
      },
      "TargetPinAddress":{
        "PinID":944531204,
        "PinOwnerID":183400204
      },
      "ConnectionType":1,
      "ConnectedWireIndex":39,
      "ConnectedWireSegmentIndex":3,
      "Points":[{"x":-4.5,"y":-0.75},{"x":0.0,"y":0.0}]
    },
    {
      "SourcePinAddress":{
        "PinID":1,
        "PinOwnerID":2048375041
      },
      "TargetPinAddress":{
        "PinID":944531204,
        "PinOwnerID":1752694037
      },
      "ConnectionType":1,
      "ConnectedWireIndex":40,
      "ConnectedWireSegmentIndex":0,
      "Points":[{"x":-8.5625,"y":-0.75},{"x":0.0,"y":0.0}]
    },
    {
      "SourcePinAddress":{
        "PinID":1,
        "PinOwnerID":2048375041
      },
      "TargetPinAddress":{
        "PinID":944531204,
        "PinOwnerID":1572315612
      },
      "ConnectionType":1,
      "ConnectedWireIndex":40,
      "ConnectedWireSegmentIndex":0,
      "Points":[{"x":-8.5625,"y":-3.375},{"x":0.0,"y":0.0}]
    },
    {
      "SourcePinAddress":{
        "PinID":1,
        "PinOwnerID":2048375041
      },
      "TargetPinAddress":{
        "PinID":944531204,
        "PinOwnerID":1124074971
      },
      "ConnectionType":1,
      "ConnectedWireIndex":40,
      "ConnectedWireSegmentIndex":0,
      "Points":[{"x":-8.5625,"y":-6.0},{"x":0.0,"y":0.0}]
    },
    {
      "SourcePinAddress":{
        "PinID":1,
        "PinOwnerID":2048375041
      },
      "TargetPinAddress":{
        "PinID":944531204,
        "PinOwnerID":192692676
      },
      "ConnectionType":1,
      "ConnectedWireIndex":41,
      "ConnectedWireSegmentIndex":0,
      "Points":[{"x":-12.5625,"y":-6.0},{"x":0.0,"y":0.0}]
    },
    {
      "SourcePinAddress":{
        "PinID":1,
        "PinOwnerID":2048375041
      },
      "TargetPinAddress":{
        "PinID":944531204,
        "PinOwnerID":1691219757
      },
      "ConnectionType":1,
      "ConnectedWireIndex":41,
      "ConnectedWireSegmentIndex":0,
      "Points":[{"x":-12.5625,"y":-3.375},{"x":0.0,"y":0.0}]
    },
    {
      "SourcePinAddress":{
        "PinID":1,
        "PinOwnerID":2048375041
      },
      "TargetPinAddress":{
        "PinID":944531204,
        "PinOwnerID":1967511681
      },
      "ConnectionType":1,
      "ConnectedWireIndex":41,
      "ConnectedWireSegmentIndex":0,
      "Points":[{"x":-12.5625,"y":-0.75},{"x":0.0,"y":0.0}]
    },
    {
      "SourcePinAddress":{
        "PinID":1,
        "PinOwnerID":2048375041
      },
      "TargetPinAddress":{
        "PinID":944531204,
        "PinOwnerID":1886431926
      },
      "ConnectionType":1,
      "ConnectedWireIndex":42,
      "ConnectedWireSegmentIndex":0,
      "Points":[{"x":-16.5625,"y":-0.75},{"x":0.0,"y":0.0}]
    },
    {
      "SourcePinAddress":{
        "PinID":1,
        "PinOwnerID":2048375041
      },
      "TargetPinAddress":{
        "PinID":944531204,
        "PinOwnerID":610328726
      },
      "ConnectionType":1,
      "ConnectedWireIndex":42,
      "ConnectedWireSegmentIndex":0,
      "Points":[{"x":-16.5625,"y":-3.375},{"x":0.0,"y":0.0}]
    },
    {
      "SourcePinAddress":{
        "PinID":1,
        "PinOwnerID":2048375041
      },
      "TargetPinAddress":{
        "PinID":944531204,
        "PinOwnerID":1179950142
      },
      "ConnectionType":1,
      "ConnectedWireIndex":42,
      "ConnectedWireSegmentIndex":0,
      "Points":[{"x":-16.5625,"y":-6.0},{"x":0.0,"y":0.0}]
    },
    {
      "SourcePinAddress":{
        "PinID":0,
        "PinOwnerID":877618770
      },
      "TargetPinAddress":{
        "PinID":0,
        "PinOwnerID":2048375041
      },
      "ConnectionType":0,
      "ConnectedWireIndex":-1,
      "ConnectedWireSegmentIndex":-1,
      "Points":[{"x":0.0,"y":0.0},{"x":0.0,"y":0.0}]
    },
    {
      "SourcePinAddress":{
        "PinID":0,
        "PinOwnerID":1772749283
      },
      "TargetPinAddress":{
        "PinID":1086842282,
        "PinOwnerID":1763571966
      },
      "ConnectionType":0,
      "ConnectedWireIndex":-1,
      "ConnectedWireSegmentIndex":-1,
      "Points":[{"x":0.0,"y":0.0},{"x":-20.4375,"y":-11.625},{"x":-20.4375,"y":-9.0},{"x":0.0,"y":0.0}]
    },
    {
      "SourcePinAddress":{
        "PinID":0,
        "PinOwnerID":1772749283
      },
      "TargetPinAddress":{
        "PinID":1086842282,
        "PinOwnerID":676648
      },
      "ConnectionType":1,
      "ConnectedWireIndex":56,
      "ConnectedWireSegmentIndex":1,
      "Points":[{"x":-20.4375,"y":-10.1875},{"x":0.0,"y":0.0}]
    },
    {
      "SourcePinAddress":{
        "PinID":0,
        "PinOwnerID":795333912
      },
      "TargetPinAddress":{
        "PinID":578701813,
        "PinOwnerID":1062288744
      },
      "ConnectionType":0,
      "ConnectedWireIndex":-1,
      "ConnectedWireSegmentIndex":-1,
      "Points":[{"x":0.0,"y":0.0},{"x":-4.75,"y":1.625},{"x":-4.75,"y":-7.8125},{"x":0.0,"y":0.0}]
    },
    {
      "SourcePinAddress":{
        "PinID":0,
        "PinOwnerID":795333912
      },
      "TargetPinAddress":{
        "PinID":578701813,
        "PinOwnerID":1517021244
      },
      "ConnectionType":1,
      "ConnectedWireIndex":58,
      "ConnectedWireSegmentIndex":1,
      "Points":[{"x":-4.75,"y":-5.1875},{"x":0.0,"y":0.0}]
    },
    {
      "SourcePinAddress":{
        "PinID":0,
        "PinOwnerID":795333912
      },
      "TargetPinAddress":{
        "PinID":578701813,
        "PinOwnerID":1785828918
      },
      "ConnectionType":1,
      "ConnectedWireIndex":58,
      "ConnectedWireSegmentIndex":1,
      "Points":[{"x":-4.75,"y":-2.5625},{"x":0.0,"y":0.0}]
    },
    {
      "SourcePinAddress":{
        "PinID":0,
        "PinOwnerID":795333912
      },
      "TargetPinAddress":{
        "PinID":578701813,
        "PinOwnerID":183400204
      },
      "ConnectionType":1,
      "ConnectedWireIndex":58,
      "ConnectedWireSegmentIndex":1,
      "Points":[{"x":-4.75,"y":0.0625},{"x":0.0,"y":0.0}]
    },
    {
      "SourcePinAddress":{
        "PinID":0,
        "PinOwnerID":795333912
      },
      "TargetPinAddress":{
        "PinID":578701813,
        "PinOwnerID":2019671729
      },
      "ConnectionType":1,
      "ConnectedWireIndex":58,
      "ConnectedWireSegmentIndex":0,
      "Points":[{"x":-8.75,"y":1.625},{"x":-8.75,"y":-7.8125},{"x":0.0,"y":0.0}]
    },
    {
      "SourcePinAddress":{
        "PinID":0,
        "PinOwnerID":795333912
      },
      "TargetPinAddress":{
        "PinID":578701813,
        "PinOwnerID":387683898
      },
      "ConnectionType":1,
      "ConnectedWireIndex":58,
      "ConnectedWireSegmentIndex":0,
      "Points":[{"x":-12.75,"y":1.625},{"x":-12.75,"y":-7.8125},{"x":0.0,"y":0.0}]
    },
    {
      "SourcePinAddress":{
        "PinID":0,
        "PinOwnerID":795333912
      },
      "TargetPinAddress":{
        "PinID":578701813,
        "PinOwnerID":1709424696
      },
      "ConnectionType":1,
      "ConnectedWireIndex":58,
      "ConnectedWireSegmentIndex":0,
      "Points":[{"x":-16.75,"y":1.625},{"x":-16.75,"y":-7.8125},{"x":0.0,"y":0.0}]
    },
    {
      "SourcePinAddress":{
        "PinID":0,
        "PinOwnerID":795333912
      },
      "TargetPinAddress":{
        "PinID":578701813,
        "PinOwnerID":1124074971
      },
      "ConnectionType":1,
      "ConnectedWireIndex":62,
      "ConnectedWireSegmentIndex":0,
      "Points":[{"x":-8.75,"y":-5.1875},{"x":0.0,"y":0.0}]
    },
    {
      "SourcePinAddress":{
        "PinID":0,
        "PinOwnerID":795333912
      },
      "TargetPinAddress":{
        "PinID":578701813,
        "PinOwnerID":192692676
      },
      "ConnectionType":1,
      "ConnectedWireIndex":63,
      "ConnectedWireSegmentIndex":0,
      "Points":[{"x":-12.75,"y":-5.1875},{"x":0.0,"y":0.0}]
    },
    {
      "SourcePinAddress":{
        "PinID":0,
        "PinOwnerID":795333912
      },
      "TargetPinAddress":{
        "PinID":578701813,
        "PinOwnerID":1179950142
      },
      "ConnectionType":1,
      "ConnectedWireIndex":64,
      "ConnectedWireSegmentIndex":0,
      "Points":[{"x":-16.75,"y":-5.1875},{"x":0.0,"y":0.0}]
    },
    {
      "SourcePinAddress":{
        "PinID":0,
        "PinOwnerID":795333912
      },
      "TargetPinAddress":{
        "PinID":578701813,
        "PinOwnerID":610328726
      },
      "ConnectionType":1,
      "ConnectedWireIndex":64,
      "ConnectedWireSegmentIndex":0,
      "Points":[{"x":-16.75,"y":-2.5625},{"x":0.0,"y":0.0}]
    },
    {
      "SourcePinAddress":{
        "PinID":0,
        "PinOwnerID":795333912
      },
      "TargetPinAddress":{
        "PinID":578701813,
        "PinOwnerID":1691219757
      },
      "ConnectionType":1,
      "ConnectedWireIndex":63,
      "ConnectedWireSegmentIndex":0,
      "Points":[{"x":-12.75,"y":-2.5625},{"x":0.0,"y":0.0}]
    },
    {
      "SourcePinAddress":{
        "PinID":0,
        "PinOwnerID":795333912
      },
      "TargetPinAddress":{
        "PinID":578701813,
        "PinOwnerID":1572315612
      },
      "ConnectionType":1,
      "ConnectedWireIndex":62,
      "ConnectedWireSegmentIndex":0,
      "Points":[{"x":-8.75,"y":-2.5625},{"x":0.0,"y":0.0}]
    },
    {
      "SourcePinAddress":{
        "PinID":0,
        "PinOwnerID":795333912
      },
      "TargetPinAddress":{
        "PinID":578701813,
        "PinOwnerID":1752694037
      },
      "ConnectionType":1,
      "ConnectedWireIndex":62,
      "ConnectedWireSegmentIndex":0,
      "Points":[{"x":-8.75,"y":0.0625},{"x":0.0,"y":0.0}]
    },
    {
      "SourcePinAddress":{
        "PinID":0,
        "PinOwnerID":795333912
      },
      "TargetPinAddress":{
        "PinID":578701813,
        "PinOwnerID":1967511681
      },
      "ConnectionType":1,
      "ConnectedWireIndex":63,
      "ConnectedWireSegmentIndex":0,
      "Points":[{"x":-12.75,"y":0.0625},{"x":0.0,"y":0.0}]
    },
    {
      "SourcePinAddress":{
        "PinID":0,
        "PinOwnerID":795333912
      },
      "TargetPinAddress":{
        "PinID":578701813,
        "PinOwnerID":1886431926
      },
      "ConnectionType":1,
      "ConnectedWireIndex":64,
      "ConnectedWireSegmentIndex":0,
      "Points":[{"x":-16.75,"y":0.0625},{"x":0.0,"y":0.0}]
    },
    {
      "SourcePinAddress":{
        "PinID":0,
        "PinOwnerID":1285843405
      },
      "TargetPinAddress":{
        "PinID":9427812,
        "PinOwnerID":1062288744
      },
      "ConnectionType":0,
      "ConnectedWireIndex":-1,
      "ConnectedWireSegmentIndex":-1,
      "Points":[{"x":0.0,"y":0.0},{"x":-4.875,"y":1.125},{"x":-4.875,"y":-8.0625},{"x":0.0,"y":0.0}]
    },
    {
      "SourcePinAddress":{
        "PinID":0,
        "PinOwnerID":1285843405
      },
      "TargetPinAddress":{
        "PinID":9427812,
        "PinOwnerID":2019671729
      },
      "ConnectionType":1,
      "ConnectedWireIndex":74,
      "ConnectedWireSegmentIndex":0,
      "Points":[{"x":-8.875,"y":1.125},{"x":-8.875,"y":-8.0625},{"x":0.0,"y":0.0}]
    },
    {
      "SourcePinAddress":{
        "PinID":0,
        "PinOwnerID":1285843405
      },
      "TargetPinAddress":{
        "PinID":9427812,
        "PinOwnerID":387683898
      },
      "ConnectionType":1,
      "ConnectedWireIndex":74,
      "ConnectedWireSegmentIndex":0,
      "Points":[{"x":-12.875,"y":1.125},{"x":-12.875,"y":-8.0625},{"x":0.0,"y":0.0}]
    },
    {
      "SourcePinAddress":{
        "PinID":0,
        "PinOwnerID":1285843405
      },
      "TargetPinAddress":{
        "PinID":9427812,
        "PinOwnerID":1709424696
      },
      "ConnectionType":1,
      "ConnectedWireIndex":74,
      "ConnectedWireSegmentIndex":0,
      "Points":[{"x":-16.875,"y":1.125},{"x":-16.875,"y":-8.0625},{"x":0.0,"y":0.0}]
    },
    {
      "SourcePinAddress":{
        "PinID":0,
        "PinOwnerID":1285843405
      },
      "TargetPinAddress":{
        "PinID":9427812,
        "PinOwnerID":1517021244
      },
      "ConnectionType":1,
      "ConnectedWireIndex":74,
      "ConnectedWireSegmentIndex":1,
      "Points":[{"x":-4.875,"y":-5.4375},{"x":0.0,"y":0.0}]
    },
    {
      "SourcePinAddress":{
        "PinID":0,
        "PinOwnerID":1285843405
      },
      "TargetPinAddress":{
        "PinID":9427812,
        "PinOwnerID":1124074971
      },
      "ConnectionType":1,
      "ConnectedWireIndex":75,
      "ConnectedWireSegmentIndex":0,
      "Points":[{"x":-8.875,"y":-5.4375},{"x":0.0,"y":0.0}]
    },
    {
      "SourcePinAddress":{
        "PinID":0,
        "PinOwnerID":1285843405
      },
      "TargetPinAddress":{
        "PinID":9427812,
        "PinOwnerID":192692676
      },
      "ConnectionType":1,
      "ConnectedWireIndex":76,
      "ConnectedWireSegmentIndex":0,
      "Points":[{"x":-12.875,"y":-5.4375},{"x":0.0,"y":0.0}]
    },
    {
      "SourcePinAddress":{
        "PinID":0,
        "PinOwnerID":1285843405
      },
      "TargetPinAddress":{
        "PinID":9427812,
        "PinOwnerID":1179950142
      },
      "ConnectionType":1,
      "ConnectedWireIndex":77,
      "ConnectedWireSegmentIndex":0,
      "Points":[{"x":-16.875,"y":-5.4375},{"x":0.0,"y":0.0}]
    },
    {
      "SourcePinAddress":{
        "PinID":0,
        "PinOwnerID":1285843405
      },
      "TargetPinAddress":{
        "PinID":9427812,
        "PinOwnerID":610328726
      },
      "ConnectionType":1,
      "ConnectedWireIndex":77,
      "ConnectedWireSegmentIndex":0,
      "Points":[{"x":-16.875,"y":-2.8125},{"x":0.0,"y":0.0}]
    },
    {
      "SourcePinAddress":{
        "PinID":0,
        "PinOwnerID":1285843405
      },
      "TargetPinAddress":{
        "PinID":9427812,
        "PinOwnerID":1691219757
      },
      "ConnectionType":1,
      "ConnectedWireIndex":76,
      "ConnectedWireSegmentIndex":0,
      "Points":[{"x":-12.875,"y":-2.8125},{"x":0.0,"y":0.0}]
    },
    {
      "SourcePinAddress":{
        "PinID":0,
        "PinOwnerID":1285843405
      },
      "TargetPinAddress":{
        "PinID":9427812,
        "PinOwnerID":1572315612
      },
      "ConnectionType":1,
      "ConnectedWireIndex":75,
      "ConnectedWireSegmentIndex":0,
      "Points":[{"x":-8.875,"y":-2.8125},{"x":0.0,"y":0.0}]
    },
    {
      "SourcePinAddress":{
        "PinID":0,
        "PinOwnerID":1285843405
      },
      "TargetPinAddress":{
        "PinID":9427812,
        "PinOwnerID":1785828918
      },
      "ConnectionType":1,
      "ConnectedWireIndex":74,
      "ConnectedWireSegmentIndex":1,
      "Points":[{"x":-4.875,"y":-2.8125},{"x":0.0,"y":0.0}]
    },
    {
      "SourcePinAddress":{
        "PinID":0,
        "PinOwnerID":1285843405
      },
      "TargetPinAddress":{
        "PinID":9427812,
        "PinOwnerID":183400204
      },
      "ConnectionType":1,
      "ConnectedWireIndex":74,
      "ConnectedWireSegmentIndex":1,
      "Points":[{"x":-4.875,"y":-0.1875},{"x":0.0,"y":0.0}]
    },
    {
      "SourcePinAddress":{
        "PinID":0,
        "PinOwnerID":1285843405
      },
      "TargetPinAddress":{
        "PinID":9427812,
        "PinOwnerID":1752694037
      },
      "ConnectionType":1,
      "ConnectedWireIndex":75,
      "ConnectedWireSegmentIndex":0,
      "Points":[{"x":-8.875,"y":-0.1875},{"x":0.0,"y":0.0}]
    },
    {
      "SourcePinAddress":{
        "PinID":0,
        "PinOwnerID":1285843405
      },
      "TargetPinAddress":{
        "PinID":9427812,
        "PinOwnerID":1967511681
      },
      "ConnectionType":1,
      "ConnectedWireIndex":76,
      "ConnectedWireSegmentIndex":0,
      "Points":[{"x":-12.875,"y":-0.1875},{"x":0.0,"y":0.0}]
    },
    {
      "SourcePinAddress":{
        "PinID":0,
        "PinOwnerID":1285843405
      },
      "TargetPinAddress":{
        "PinID":9427812,
        "PinOwnerID":1886431926
      },
      "ConnectionType":1,
      "ConnectedWireIndex":77,
      "ConnectedWireSegmentIndex":0,
      "Points":[{"x":-16.875,"y":-0.1875},{"x":0.0,"y":0.0}]
    },
    {
      "SourcePinAddress":{
        "PinID":0,
        "PinOwnerID":739285433
      },
      "TargetPinAddress":{
        "PinID":622343759,
        "PinOwnerID":1062288744
      },
      "ConnectionType":0,
      "ConnectedWireIndex":-1,
      "ConnectedWireSegmentIndex":-1,
      "Points":[{"x":0.0,"y":0.0},{"x":-5.0,"y":0.625},{"x":-5.0,"y":-8.3125},{"x":0.0,"y":0.0}]
    },
    {
      "SourcePinAddress":{
        "PinID":0,
        "PinOwnerID":739285433
      },
      "TargetPinAddress":{
        "PinID":622343759,
        "PinOwnerID":1517021244
      },
      "ConnectionType":1,
      "ConnectedWireIndex":90,
      "ConnectedWireSegmentIndex":1,
      "Points":[{"x":-5.0,"y":-5.6875},{"x":0.0,"y":0.0}]
    },
    {
      "SourcePinAddress":{
        "PinID":0,
        "PinOwnerID":739285433
      },
      "TargetPinAddress":{
        "PinID":622343759,
        "PinOwnerID":1785828918
      },
      "ConnectionType":1,
      "ConnectedWireIndex":90,
      "ConnectedWireSegmentIndex":1,
      "Points":[{"x":-5.0,"y":-3.0625},{"x":0.0,"y":0.0}]
    },
    {
      "SourcePinAddress":{
        "PinID":0,
        "PinOwnerID":739285433
      },
      "TargetPinAddress":{
        "PinID":622343759,
        "PinOwnerID":183400204
      },
      "ConnectionType":1,
      "ConnectedWireIndex":90,
      "ConnectedWireSegmentIndex":1,
      "Points":[{"x":-5.0,"y":-0.4375},{"x":0.0,"y":0.0}]
    },
    {
      "SourcePinAddress":{
        "PinID":0,
        "PinOwnerID":739285433
      },
      "TargetPinAddress":{
        "PinID":622343759,
        "PinOwnerID":2019671729
      },
      "ConnectionType":1,
      "ConnectedWireIndex":90,
      "ConnectedWireSegmentIndex":0,
      "Points":[{"x":-9.0,"y":0.625},{"x":-9.0,"y":-8.3125},{"x":0.0,"y":0.0}]
    },
    {
      "SourcePinAddress":{
        "PinID":0,
        "PinOwnerID":739285433
      },
      "TargetPinAddress":{
        "PinID":622343759,
        "PinOwnerID":1124074971
      },
      "ConnectionType":1,
      "ConnectedWireIndex":94,
      "ConnectedWireSegmentIndex":0,
      "Points":[{"x":-9.0,"y":-5.6875},{"x":0.0,"y":0.0}]
    },
    {
      "SourcePinAddress":{
        "PinID":0,
        "PinOwnerID":739285433
      },
      "TargetPinAddress":{
        "PinID":622343759,
        "PinOwnerID":1572315612
      },
      "ConnectionType":1,
      "ConnectedWireIndex":94,
      "ConnectedWireSegmentIndex":0,
      "Points":[{"x":-9.0,"y":-3.0625},{"x":0.0,"y":0.0}]
    },
    {
      "SourcePinAddress":{
        "PinID":0,
        "PinOwnerID":739285433
      },
      "TargetPinAddress":{
        "PinID":622343759,
        "PinOwnerID":1752694037
      },
      "ConnectionType":1,
      "ConnectedWireIndex":94,
      "ConnectedWireSegmentIndex":0,
      "Points":[{"x":-9.0,"y":-0.4375},{"x":0.0,"y":0.0}]
    },
    {
      "SourcePinAddress":{
        "PinID":0,
        "PinOwnerID":739285433
      },
      "TargetPinAddress":{
        "PinID":622343759,
        "PinOwnerID":387683898
      },
      "ConnectionType":1,
      "ConnectedWireIndex":90,
      "ConnectedWireSegmentIndex":0,
      "Points":[{"x":-13.0,"y":0.625},{"x":-13.0,"y":-8.3125},{"x":0.0,"y":0.0}]
    },
    {
      "SourcePinAddress":{
        "PinID":0,
        "PinOwnerID":739285433
      },
      "TargetPinAddress":{
        "PinID":622343759,
        "PinOwnerID":1709424696
      },
      "ConnectionType":1,
      "ConnectedWireIndex":90,
      "ConnectedWireSegmentIndex":0,
      "Points":[{"x":-17.0,"y":0.625},{"x":-17.0,"y":-8.3125},{"x":0.0,"y":0.0}]
    },
    {
      "SourcePinAddress":{
        "PinID":0,
        "PinOwnerID":739285433
      },
      "TargetPinAddress":{
        "PinID":622343759,
        "PinOwnerID":1179950142
      },
      "ConnectionType":1,
      "ConnectedWireIndex":99,
      "ConnectedWireSegmentIndex":0,
      "Points":[{"x":-17.0,"y":-5.6875},{"x":0.0,"y":0.0}]
    },
    {
      "SourcePinAddress":{
        "PinID":0,
        "PinOwnerID":739285433
      },
      "TargetPinAddress":{
        "PinID":622343759,
        "PinOwnerID":610328726
      },
      "ConnectionType":1,
      "ConnectedWireIndex":99,
      "ConnectedWireSegmentIndex":0,
      "Points":[{"x":-17.0,"y":-3.0625},{"x":0.0,"y":0.0}]
    },
    {
      "SourcePinAddress":{
        "PinID":0,
        "PinOwnerID":739285433
      },
      "TargetPinAddress":{
        "PinID":622343759,
        "PinOwnerID":1886431926
      },
      "ConnectionType":1,
      "ConnectedWireIndex":99,
      "ConnectedWireSegmentIndex":0,
      "Points":[{"x":-17.0,"y":-0.4375},{"x":0.0,"y":0.0}]
    },
    {
      "SourcePinAddress":{
        "PinID":0,
        "PinOwnerID":739285433
      },
      "TargetPinAddress":{
        "PinID":622343759,
        "PinOwnerID":1967511681
      },
      "ConnectionType":1,
      "ConnectedWireIndex":98,
      "ConnectedWireSegmentIndex":0,
      "Points":[{"x":-13.0,"y":-0.4375},{"x":0.0,"y":0.0}]
    },
    {
      "SourcePinAddress":{
        "PinID":0,
        "PinOwnerID":739285433
      },
      "TargetPinAddress":{
        "PinID":622343759,
        "PinOwnerID":1691219757
      },
      "ConnectionType":1,
      "ConnectedWireIndex":98,
      "ConnectedWireSegmentIndex":0,
      "Points":[{"x":-13.0,"y":-3.0625},{"x":0.0,"y":0.0}]
    },
    {
      "SourcePinAddress":{
        "PinID":0,
        "PinOwnerID":739285433
      },
      "TargetPinAddress":{
        "PinID":622343759,
        "PinOwnerID":192692676
      },
      "ConnectionType":1,
      "ConnectedWireIndex":98,
      "ConnectedWireSegmentIndex":0,
      "Points":[{"x":-13.0,"y":-5.6875},{"x":0.0,"y":0.0}]
    },
    {
      "SourcePinAddress":{
        "PinID":1402873771,
        "PinOwnerID":1763571966
      },
      "TargetPinAddress":{
        "PinID":1951728392,
        "PinOwnerID":183400204
      },
      "ConnectionType":0,
      "ConnectedWireIndex":-1,
      "ConnectedWireSegmentIndex":-1,
      "Points":[{"x":0.0,"y":0.0},{"x":-17.625,"y":-9.0},{"x":-17.625,"y":-1.625},{"x":-3.875,"y":-1.625},{"x":0.0,"y":0.0}]
    },
    {
      "SourcePinAddress":{
        "PinID":1402873771,
        "PinOwnerID":1763571966
      },
      "TargetPinAddress":{
        "PinID":1951728392,
        "PinOwnerID":1752694037
      },
      "ConnectionType":1,
      "ConnectedWireIndex":106,
      "ConnectedWireSegmentIndex":2,
      "Points":[{"x":-7.875,"y":-1.625},{"x":0.0,"y":0.0}]
    },
    {
      "SourcePinAddress":{
        "PinID":1402873771,
        "PinOwnerID":1763571966
      },
      "TargetPinAddress":{
        "PinID":1951728392,
        "PinOwnerID":1967511681
      },
      "ConnectionType":1,
      "ConnectedWireIndex":106,
      "ConnectedWireSegmentIndex":2,
      "Points":[{"x":-11.875,"y":-1.625},{"x":0.0,"y":0.0}]
    },
    {
      "SourcePinAddress":{
        "PinID":1402873771,
        "PinOwnerID":1763571966
      },
      "TargetPinAddress":{
        "PinID":1951728392,
        "PinOwnerID":1886431926
      },
      "ConnectionType":1,
      "ConnectedWireIndex":106,
      "ConnectedWireSegmentIndex":2,
      "Points":[{"x":-15.875,"y":-1.625},{"x":0.0,"y":0.0}]
    },
    {
      "SourcePinAddress":{
        "PinID":169939261,
        "PinOwnerID":1763571966
      },
      "TargetPinAddress":{
        "PinID":1951728392,
        "PinOwnerID":1785828918
      },
      "ConnectionType":0,
      "ConnectedWireIndex":-1,
      "ConnectedWireSegmentIndex":-1,
      "Points":[{"x":0.0,"y":0.0},{"x":-17.5,"y":-9.25},{"x":-17.5,"y":-4.25},{"x":-3.875,"y":-4.25},{"x":0.0,"y":0.0}]
    },
    {
      "SourcePinAddress":{
        "PinID":169939261,
        "PinOwnerID":1763571966
      },
      "TargetPinAddress":{
        "PinID":1951728392,
        "PinOwnerID":1572315612
      },
      "ConnectionType":1,
      "ConnectedWireIndex":110,
      "ConnectedWireSegmentIndex":2,
      "Points":[{"x":-7.875,"y":-4.25},{"x":0.0,"y":0.0}]
    },
    {
      "SourcePinAddress":{
        "PinID":169939261,
        "PinOwnerID":1763571966
      },
      "TargetPinAddress":{
        "PinID":1951728392,
        "PinOwnerID":1691219757
      },
      "ConnectionType":1,
      "ConnectedWireIndex":110,
      "ConnectedWireSegmentIndex":2,
      "Points":[{"x":-11.875,"y":-4.25},{"x":0.0,"y":0.0}]
    },
    {
      "SourcePinAddress":{
        "PinID":169939261,
        "PinOwnerID":1763571966
      },
      "TargetPinAddress":{
        "PinID":1951728392,
        "PinOwnerID":610328726
      },
      "ConnectionType":1,
      "ConnectedWireIndex":110,
      "ConnectedWireSegmentIndex":2,
      "Points":[{"x":-15.875,"y":-4.25},{"x":0.0,"y":0.0}]
    },
    {
      "SourcePinAddress":{
        "PinID":107447609,
        "PinOwnerID":1763571966
      },
      "TargetPinAddress":{
        "PinID":1951728392,
        "PinOwnerID":1517021244
      },
      "ConnectionType":0,
      "ConnectedWireIndex":-1,
      "ConnectedWireSegmentIndex":-1,
      "Points":[{"x":0.0,"y":0.0},{"x":-17.375,"y":-9.5},{"x":-17.375,"y":-6.875},{"x":-3.875,"y":-6.875},{"x":0.0,"y":0.0}]
    },
    {
      "SourcePinAddress":{
        "PinID":107447609,
        "PinOwnerID":1763571966
      },
      "TargetPinAddress":{
        "PinID":1951728392,
        "PinOwnerID":1124074971
      },
      "ConnectionType":1,
      "ConnectedWireIndex":114,
      "ConnectedWireSegmentIndex":2,
      "Points":[{"x":-7.875,"y":-6.875},{"x":0.0,"y":0.0}]
    },
    {
      "SourcePinAddress":{
        "PinID":107447609,
        "PinOwnerID":1763571966
      },
      "TargetPinAddress":{
        "PinID":1951728392,
        "PinOwnerID":192692676
      },
      "ConnectionType":1,
      "ConnectedWireIndex":114,
      "ConnectedWireSegmentIndex":2,
      "Points":[{"x":-11.875,"y":-6.875},{"x":0.0,"y":0.0}]
    },
    {
      "SourcePinAddress":{
        "PinID":107447609,
        "PinOwnerID":1763571966
      },
      "TargetPinAddress":{
        "PinID":1951728392,
        "PinOwnerID":1179950142
      },
      "ConnectionType":1,
      "ConnectedWireIndex":114,
      "ConnectedWireSegmentIndex":2,
      "Points":[{"x":-15.875,"y":-6.875},{"x":0.0,"y":0.0}]
    },
    {
      "SourcePinAddress":{
        "PinID":1420861428,
        "PinOwnerID":1763571966
      },
      "TargetPinAddress":{
        "PinID":1951728392,
        "PinOwnerID":1062288744
      },
      "ConnectionType":0,
      "ConnectedWireIndex":-1,
      "ConnectedWireSegmentIndex":-1,
      "Points":[{"x":0.0,"y":0.0},{"x":-17.25,"y":-9.75},{"x":-17.25,"y":-9.5},{"x":-3.875,"y":-9.5},{"x":0.0,"y":0.0}]
    },
    {
      "SourcePinAddress":{
        "PinID":1420861428,
        "PinOwnerID":1763571966
      },
      "TargetPinAddress":{
        "PinID":1951728392,
        "PinOwnerID":2019671729
      },
      "ConnectionType":1,
      "ConnectedWireIndex":118,
      "ConnectedWireSegmentIndex":2,
      "Points":[{"x":-7.875,"y":-9.5},{"x":0.0,"y":0.0}]
    },
    {
      "SourcePinAddress":{
        "PinID":1420861428,
        "PinOwnerID":1763571966
      },
      "TargetPinAddress":{
        "PinID":1951728392,
        "PinOwnerID":387683898
      },
      "ConnectionType":1,
      "ConnectedWireIndex":118,
      "ConnectedWireSegmentIndex":2,
      "Points":[{"x":-11.875,"y":-9.5},{"x":0.0,"y":0.0}]
    },
    {
      "SourcePinAddress":{
        "PinID":1420861428,
        "PinOwnerID":1763571966
      },
      "TargetPinAddress":{
        "PinID":1951728392,
        "PinOwnerID":1709424696
      },
      "ConnectionType":1,
      "ConnectedWireIndex":118,
      "ConnectedWireSegmentIndex":2,
      "Points":[{"x":-15.875,"y":-9.5},{"x":0.0,"y":0.0}]
    }
  ]
}