{
  "ChipType": 0,
  "Colour": {
    "r": 0.558927536,
    "g": 0.45597285,
    "b": 0.3629172,
    "a": 1
  },
  "Displays": null,
  "InputPins":[
    {
      "Name":"IN",
      "ID":189521041,
      "Position":{
        "x":0.625,
        "y":-0.125
      },
      "BitCount":8,
      "Colour":0,
      "ValueDisplayMode":0
    },
    {
      "Name":"IN",
      "ID":204689138,
      "Position":{
        "x":0.625,
        "y":-1.0
      },
      "BitCount":8,
      "Colour":0,
      "ValueDisplayMode":0
    },
    {
      "Name":"IN",
      "ID":2087175006,
      "Position":{
        "x":0.625,
        "y":-1.625
      },
      "BitCount":1,
      "Colour":0,
      "ValueDisplayMode":0
    }
  ],
  "Name": "2x8BIT AND",
  "NameLocation": 0,
  "OutputPins":[
    {
      "Name":"OUT",
      "ID":1962200244,
      "Position":{
        "x":5.125,
        "y":-0.25
      },
      "BitCount":8,
      "Colour":0,
      "ValueDisplayMode":0
    },
    {
      "Name":"OUT",
      "ID":2145002103,
      "Position":{
        "x":5.125,
        "y":-1.125
      },
      "BitCount":8,
      "Colour":0,
      "ValueDisplayMode":0
    }
  ],
  "Size": {
    "x": 1.1,
    "y": 1.25
  },
  "SubChips":[
    {
      "Name":"8BIT AND",
      "ID":361112398,
      "Label":"",
      "Position":{
        "x":2.8975,
        "y":-0.25
      },
      "OutputPinColourInfo":[{"PinColour":0,"PinID":784645988}],
      "InternalData":null
    },
    {
      "Name":"8BIT AND",
      "ID":2141853252,
      "Label":"",
      "Position":{
        "x":2.8975,
        "y":-1.125
      },
      "OutputPinColourInfo":[{"PinColour":0,"PinID":784645988}],
      "InternalData":null
    }
  ],
  "Wires":[
    {
      "SourcePinAddress":{
        "PinID":0,
        "PinOwnerID":2087175006
      },
      "TargetPinAddress":{
        "PinID":1720693614,
        "PinOwnerID":361112398
      },
      "ConnectionType":0,
      "ConnectedWireIndex":-1,
      "ConnectedWireSegmentIndex":-1,
      "Points":[{"x":0.0,"y":0.0},{"x":2.125,"y":-1.625},{"x":2.125,"y":-0.5},{"x":0.0,"y":0.0}]
    },
    {
      "SourcePinAddress":{
        "PinID":0,
        "PinOwnerID":2087175006
      },
      "TargetPinAddress":{
        "PinID":1720693614,
        "PinOwnerID":2141853252
      },
      "ConnectionType":1,
      "ConnectedWireIndex":0,
      "ConnectedWireSegmentIndex":1,
      "Points":[{"x":2.125,"y":-1.375},{"x":0.0,"y":0.0}]
    },
    {
      "SourcePinAddress":{
        "PinID":0,
        "PinOwnerID":204689138
      },
      "TargetPinAddress":{
        "PinID":617130315,
        "PinOwnerID":2141853252
      },
      "ConnectionType":0,
      "ConnectedWireIndex":-1,
      "ConnectedWireSegmentIndex":-1,
      "Points":[{"x":0.0,"y":0.0},{"x":0.0,"y":0.0}]
    },
    {
      "SourcePinAddress":{
        "PinID":0,
        "PinOwnerID":189521041
      },
      "TargetPinAddress":{
        "PinID":617130315,
        "PinOwnerID":361112398
      },
      "ConnectionType":0,
      "ConnectedWireIndex":-1,
      "ConnectedWireSegmentIndex":-1,
      "Points":[{"x":0.0,"y":0.0},{"x":0.0,"y":0.0}]
    },
    {
      "SourcePinAddress":{
        "PinID":784645988,
        "PinOwnerID":2141853252
      },
      "TargetPinAddress":{
        "PinID":0,
        "PinOwnerID":2145002103
      },
      "ConnectionType":0,
      "ConnectedWireIndex":-1,
      "ConnectedWireSegmentIndex":-1,
      "Points":[{"x":0.0,"y":0.0},{"x":0.0,"y":0.0}]
    },
    {
      "SourcePinAddress":{
        "PinID":784645988,
        "PinOwnerID":361112398
      },
      "TargetPinAddress":{
        "PinID":0,
        "PinOwnerID":1962200244
      },
      "ConnectionType":0,
      "ConnectedWireIndex":-1,
      "ConnectedWireSegmentIndex":-1,
      "Points":[{"x":0.0,"y":0.0},{"x":0.0,"y":0.0}]
    }
  ]
}