{
  "ChipType": 0,
  "Colour": {
    "r": 0.51934123,
    "g": 0.814709544,
    "b": 0.285342932,
    "a": 1
  },
  "Displays": null,
  "InputPins":[
    {
      "Name":"IN",
      "ID":1518242757,
      "Position":{
        "x":-1.5,
        "y":-0.3125
      },
      "BitCount":1,
      "Colour":0,
      "ValueDisplayMode":0
    },
    {
      "Name":"IN",
      "ID":1087959590,
      "Position":{
        "x":-1.5,
        "y":-0.875
      },
      "BitCount":1,
      "Colour":0,
      "ValueDisplayMode":0
    },
    {
      "Name":"IN",
      "ID":1552051872,
      "Position":{
        "x":-1.5,
        "y":-1.375
      },
      "BitCount":1,
      "Colour":0,
      "ValueDisplayMode":0
    }
  ],
  "Name": "3 AND",
  "NameLocation": 0,
  "OutputPins":[
    {
      "Name":"OUT",
      "ID":585411462,
      "Position":{
        "x":3.125,
        "y":-1.0
      },
      "BitCount":1,
      "Colour":0,
      "ValueDisplayMode":0
    }
  ],
  "Size": {
    "x": 1.025,
    "y": 0.75
  },
  "SubChips":[
    {
      "Name":"AND",
      "ID":656909345,
      "Label":"",
      "Position":{
        "x":0.4225,
        "y":-0.5625
      },
      "OutputPinColourInfo":[{"PinColour":0,"PinID":2083071430}],
      "InternalData":null
    },
    {
      "Name":"AND",
      "ID":980876280,
      "Label":"",
      "Position":{
        "x":1.5475,
        "y":-1.0
      },
      "OutputPinColourInfo":[{"PinColour":0,"PinID":2083071430}],
      "InternalData":null
    }
  ],
  "Wires":[
    {
      "SourcePinAddress":{
        "PinID":2083071430,
        "PinOwnerID":656909345
      },
      "TargetPinAddress":{
        "PinID":897348161,
        "PinOwnerID":980876280
      },
      "ConnectionType":0,
      "ConnectedWireIndex":-1,
      "ConnectedWireSegmentIndex":-1,
      "Points":[{"x":0.0,"y":0.0},{"x":1.0,"y":-0.5625},{"x":1.0,"y":-0.875},{"x":0.0,"y":0.0}]
    },
    {
      "SourcePinAddress":{
        "PinID":0,
        "PinOwnerID":1552051872
      },
      "TargetPinAddress":{
        "PinID":543772438,
        "PinOwnerID":980876280
      },
      "ConnectionType":0,
      "ConnectedWireIndex":-1,
      "ConnectedWireSegmentIndex":-1,
      "Points":[{"x":0.0,"y":0.0},{"x":0.125,"y":-1.375},{"x":0.125,"y":-1.125},{"x":0.0,"y":0.0}]
    },
    {
      "SourcePinAddress":{
        "PinID":0,
        "PinOwnerID":1087959590
      },
      "TargetPinAddress":{
        "PinID":543772438,
        "PinOwnerID":656909345
      },
      "ConnectionType":0,
      "ConnectedWireIndex":-1,
      "ConnectedWireSegmentIndex":-1,
      "Points":[{"x":0.0,"y":0.0},{"x":-0.75,"y":-0.6875},{"x":0.0,"y":0.0}]
    },
    {
      "SourcePinAddress":{
        "PinID":0,
        "PinOwnerID":1518242757
      },
      "TargetPinAddress":{
        "PinID":897348161,
        "PinOwnerID":656909345
      },
      "ConnectionType":0,
      "ConnectedWireIndex":-1,
      "ConnectedWireSegmentIndex":-1,
      "Points":[{"x":0.0,"y":0.0},{"x":-0.75,"y":-0.4375},{"x":0.0,"y":0.0}]
    },
    {
      "SourcePinAddress":{
        "PinID":2083071430,
        "PinOwnerID":980876280
      },
      "TargetPinAddress":{
        "PinID":0,
        "PinOwnerID":585411462
      },
      "ConnectionType":0,
      "ConnectedWireIndex":-1,
      "ConnectedWireSegmentIndex":-1,
      "Points":[{"x":0.0,"y":0.0},{"x":0.0,"y":0.0}]
    }
  ]
}