{
  "ChipType": 0,
  "Colour": {
    "r": 0.5873194,
    "g": 0.424008,
    "b": 0.8338541,
    "a": 1
  },
  "Displays": null,
  "InputPins":[
    {
      "Name":"IN",
      "ID":104665276,
      "Position":{
        "x":-6.98398,
        "y":3.35535
      },
      "BitCount":1,
      "Colour":0,
      "ValueDisplayMode":0
    },
    {
      "Name":"IN",
      "ID":1965759189,
      "Position":{
        "x":-6.98398,
        "y":2.84035
      },
      "BitCount":1,
      "Colour":0,
      "ValueDisplayMode":0
    },
    {
      "Name":"IN",
      "ID":1389066023,
      "Position":{
        "x":-6.98398,
        "y":2.32535
      },
      "BitCount":1,
      "Colour":0,
      "ValueDisplayMode":0
    },
    {
      "Name":"IN",
      "ID":120396874,
      "Position":{
        "x":-6.98398,
        "y":1.81035
      },
      "BitCount":1,
      "Colour":0,
      "ValueDisplayMode":0
    }
  ],
  "Name": "4 AND",
  "NameLocation": 0,
  "OutputPins":[
    {
      "Name":"OUT",
      "ID":1610031752,
      "Position":{
        "x":-0.71725,
        "y":2.50389
      },
      "BitCount":1,
      "Colour":0,
      "ValueDisplayMode":0
    }
  ],
  "Size": {
    "x": 0.875,
    "y": 1.0
  },
  "SubChips":[
    {
      "Name":"AND",
      "ID":1040363893,
      "Label":"",
      "Position":{
        "x":-4.1912,
        "y":3.23046
      },
      "OutputPinColourInfo":[{"PinColour":0,"PinID":2083071430}],
      "InternalData":null
    },
    {
      "Name":"AND",
      "ID":1462694230,
      "Label":"",
      "Position":{
        "x":-3.13539,
        "y":2.50964
      },
      "OutputPinColourInfo":[{"PinColour":0,"PinID":2083071430}],
      "InternalData":null
    },
    {
      "Name":"AND",
      "ID":593674207,
      "Label":"",
      "Position":{
        "x":-4.1912,
        "y":1.97046
      },
      "OutputPinColourInfo":[{"PinColour":0,"PinID":2083071430}],
      "InternalData":null
    }
  ],
  "Wires":[
    {
      "SourcePinAddress":{
        "PinID":2083071430,
        "PinOwnerID":593674207
      },
      "TargetPinAddress":{
        "PinID":543772438,
        "PinOwnerID":1462694230
      },
      "ConnectionType":0,
      "ConnectedWireIndex":-1,
      "ConnectedWireSegmentIndex":-1,
      "Points":[{"x":0.0,"y":0.0},{"x":0.0,"y":0.0}]
    },
    {
      "SourcePinAddress":{
        "PinID":2083071430,
        "PinOwnerID":1040363893
      },
      "TargetPinAddress":{
        "PinID":897348161,
        "PinOwnerID":1462694230
      },
      "ConnectionType":0,
      "ConnectedWireIndex":-1,
      "ConnectedWireSegmentIndex":-1,
      "Points":[{"x":0.0,"y":0.0},{"x":0.0,"y":0.0}]
    },
    {
      "SourcePinAddress":{
        "PinID":2083071430,
        "PinOwnerID":1462694230
      },
      "TargetPinAddress":{
        "PinID":0,
        "PinOwnerID":1610031752
      },
      "ConnectionType":0,
      "ConnectedWireIndex":-1,
      "ConnectedWireSegmentIndex":-1,
      "Points":[{"x":0.0,"y":0.0},{"x":0.0,"y":0.0}]
    },
    {
      "SourcePinAddress":{
        "PinID":0,
        "PinOwnerID":120396874
      },
      "TargetPinAddress":{
        "PinID":543772438,
        "PinOwnerID":593674207
      },
      "ConnectionType":0,
      "ConnectedWireIndex":-1,
      "ConnectedWireSegmentIndex":-1,
      "Points":[{"x":0.0,"y":0.0},{"x":0.0,"y":0.0}]
    },
    {
      "SourcePinAddress":{
        "PinID":0,
        "PinOwnerID":1389066023
      },
      "TargetPinAddress":{
        "PinID":897348161,
        "PinOwnerID":593674207
      },
      "ConnectionType":0,
      "ConnectedWireIndex":-1,
      "ConnectedWireSegmentIndex":-1,
      "Points":[{"x":0.0,"y":0.0},{"x":0.0,"y":0.0}]
    },
    {
      "SourcePinAddress":{
        "PinID":0,
        "PinOwnerID":1965759189
      },
      "TargetPinAddress":{
        "PinID":543772438,
        "PinOwnerID":1040363893
      },
      "ConnectionType":0,
      "ConnectedWireIndex":-1,
      "ConnectedWireSegmentIndex":-1,
      "Points":[{"x":0.0,"y":0.0},{"x":0.0,"y":0.0}]
    },
    {
      "SourcePinAddress":{
        "PinID":0,
        "PinOwnerID":104665276
      },
      "TargetPinAddress":{
        "PinID":897348161,
        "PinOwnerID":1040363893
      },
      "ConnectionType":0,
      "ConnectedWireIndex":-1,
      "ConnectedWireSegmentIndex":-1,
      "Points":[{"x":0.0,"y":0.0},{"x":0.0,"y":0.0}]
    }
  ]
}