{
  "ChipType": 0,
  "Colour": {
    "r": 0.5359703,
    "g": 0.449443847,
    "b": 0.419331849,
    "a": 1
  },
  "Displays": null,
  "InputPins":[
    {
      "Name":"IN",
      "ID":915249036,
      "Position":{
        "x":-11.66376,
        "y":1.89487
      },
      "BitCount":1,
      "Colour":0,
      "ValueDisplayMode":0
    },
    {
      "Name":"IN",
      "ID":1968681037,
      "Position":{
        "x":-11.66376,
        "y":1.37987
      },
      "BitCount":1,
      "Colour":0,
      "ValueDisplayMode":0
    },
    {
      "Name":"IN",
      "ID":102764739,
      "Position":{
        "x":-11.66376,
        "y":0.86487
      },
      "BitCount":1,
      "Colour":0,
      "ValueDisplayMode":0
    },
    {
      "Name":"IN",
      "ID":1190476421,
      "Position":{
        "x":-11.66376,
        "y":0.34987
      },
      "BitCount":1,
      "Colour":0,
      "ValueDisplayMode":0
    }
  ],
  "Name": "4 OR",
  "NameLocation": 0,
  "OutputPins":[
    {
      "Name":"OUT",
      "ID":435790458,
      "Position":{
        "x":-5.81225,
        "y":1.01715
      },
      "BitCount":1,
      "Colour":0,
      "ValueDisplayMode":0
    }
  ],
  "Size": {
    "x": 0.725,
    "y": 1.0
  },
  "SubChips":[
    {
      "Name":"OR",
      "ID":1785668768,
      "Label":"",
      "Position":{
        "x":-9.3545,
        "y":1.73814
      },
      "OutputPinColourInfo":[{"PinColour":0,"PinID":716179921}],
      "InternalData":null
    },
    {
      "Name":"OR",
      "ID":1310408011,
      "Label":"",
      "Position":{
        "x":-8.37229,
        "y":1.13948
      },
      "OutputPinColourInfo":[{"PinColour":0,"PinID":716179921}],
      "InternalData":null
    },
    {
      "Name":"OR",
      "ID":686286534,
      "Label":"",
      "Position":{
        "x":-9.3545,
        "y":0.47814
      },
      "OutputPinColourInfo":[{"PinColour":0,"PinID":716179921}],
      "InternalData":null
    }
  ],
  "Wires":[
    {
      "SourcePinAddress":{
        "PinID":716179921,
        "PinOwnerID":686286534
      },
      "TargetPinAddress":{
        "PinID":916803389,
        "PinOwnerID":1310408011
      },
      "ConnectionType":0,
      "ConnectedWireIndex":-1,
      "ConnectedWireSegmentIndex":-1,
      "Points":[{"x":0.0,"y":0.0},{"x":0.0,"y":0.0}]
    },
    {
      "SourcePinAddress":{
        "PinID":716179921,
        "PinOwnerID":1785668768
      },
      "TargetPinAddress":{
        "PinID":1552709902,
        "PinOwnerID":1310408011
      },
      "ConnectionType":0,
      "ConnectedWireIndex":-1,
      "ConnectedWireSegmentIndex":-1,
      "Points":[{"x":0.0,"y":0.0},{"x":0.0,"y":0.0}]
    },
    {
      "SourcePinAddress":{
        "PinID":716179921,
        "PinOwnerID":1310408011
      },
      "TargetPinAddress":{
        "PinID":0,
        "PinOwnerID":435790458
      },
      "ConnectionType":0,
      "ConnectedWireIndex":-1,
      "ConnectedWireSegmentIndex":-1,
      "Points":[{"x":0.0,"y":0.0},{"x":0.0,"y":0.0}]
    },
    {
      "SourcePinAddress":{
        "PinID":0,
        "PinOwnerID":1190476421
      },
      "TargetPinAddress":{
        "PinID":916803389,
        "PinOwnerID":686286534
      },
      "ConnectionType":0,
      "ConnectedWireIndex":-1,
      "ConnectedWireSegmentIndex":-1,
      "Points":[{"x":0.0,"y":0.0},{"x":0.0,"y":0.0}]
    },
    {
      "SourcePinAddress":{
        "PinID":0,
        "PinOwnerID":102764739
      },
      "TargetPinAddress":{
        "PinID":1552709902,
        "PinOwnerID":686286534
      },
      "ConnectionType":0,
      "ConnectedWireIndex":-1,
      "ConnectedWireSegmentIndex":-1,
      "Points":[{"x":0.0,"y":0.0},{"x":0.0,"y":0.0}]
    },
    {
      "SourcePinAddress":{
        "PinID":0,
        "PinOwnerID":1968681037
      },
      "TargetPinAddress":{
        "PinID":916803389,
        "PinOwnerID":1785668768
      },
      "ConnectionType":0,
      "ConnectedWireIndex":-1,
      "ConnectedWireSegmentIndex":-1,
      "Points":[{"x":0.0,"y":0.0},{"x":0.0,"y":0.0}]
    },
    {
      "SourcePinAddress":{
        "PinID":0,
        "PinOwnerID":915249036
      },
      "TargetPinAddress":{
        "PinID":1552709902,
        "PinOwnerID":1785668768
      },
      "ConnectionType":0,
      "ConnectedWireIndex":-1,
      "ConnectedWireSegmentIndex":-1,
      "Points":[{"x":0.0,"y":0.0},{"x":0.0,"y":0.0}]
    }
  ]
}