{
  "ChipType": 0,
  "Colour": {
    "r": 0.548232257,
    "g": 0.33790344,
    "b": 0.130495772,
    "a": 1
  },
  "Displays": null,
  "InputPins":[
    {
      "Name":"READ/WRITE",
      "ID":1655581797,
      "Position":{
        "x":-3.45489,
        "y":1.18915
      },
      "BitCount":1,
      "Colour":2,
      "ValueDisplayMode":0
    },
    {
      "Name":"CLOCK",
      "ID":110347310,
      "Position":{
        "x":-3.45489,
        "y":0.67415
      },
      "BitCount":1,
      "Colour":5,
      "ValueDisplayMode":0
    },
    {
      "Name":"DATA",
      "ID":1504887130,
      "Position":{
        "x":-3.45489,
        "y":0.15915
      },
      "BitCount":1,
      "Colour":1,
      "ValueDisplayMode":0
    },
    {
      "Name":"ADR 1",
      "ID":555858228,
      "Position":{
        "x":-3.51383,
        "y":-6.27684
      },
      "BitCount":1,
      "Colour":0,
      "ValueDisplayMode":0
    },
    {
      "Name":"ADR 2",
      "ID":1177466314,
      "Position":{
        "x":-3.53961,
        "y":-7.07538
      },
      "BitCount":1,
      "Colour":0,
      "ValueDisplayMode":0
    },
    {
      "Name":"ENABLE",
      "ID":1770526593,
      "Position":{
        "x":-3.53961,
        "y":-7.59038
      },
      "BitCount":1,
      "Colour":6,
      "ValueDisplayMode":0
    }
  ],
  "Name": "4 x 1 BIT MEM LOCATION",
  "NameLocation": 0,
  "OutputPins":[
    {
      "Name":"OUT",
      "ID":292283023,
      "Position":{
        "x":10.72473,
        "y":-3.32482
      },
      "BitCount":1,
      "Colour":0,
      "ValueDisplayMode":0
    }
  ],
  "Size": {
    "x": 2.0,
    "y": 1.5
  },
  "SubChips":[
    {
      "Name":"1 BIT MEM LOCATION",
      "ID":1006143615,
      "Label":"",
      "Position":{
        "x":2.58925,
        "y":-1.12931
      },
      "OutputPinColourInfo":[{"PinColour":0,"PinID":2042961238}],
      "InternalData":null
    },
    {
      "Name":"1 BIT MEM LOCATION",
      "ID":246423472,
      "Label":"",
      "Position":{
        "x":2.58925,
        "y":-2.50931
      },
      "OutputPinColourInfo":[{"PinColour":0,"PinID":2042961238}],
      "InternalData":null
    },
    {
      "Name":"1 BIT MEM LOCATION",
      "ID":1864613993,
      "Label":"",
      "Position":{
        "x":2.58925,
        "y":-3.88931
      },
      "OutputPinColourInfo":[{"PinColour":0,"PinID":2042961238}],
      "InternalData":null
    },
    {
      "Name":"1 BIT MEM LOCATION",
      "ID":626015613,
      "Label":"",
      "Position":{
        "x":2.58925,
        "y":-5.26931
      },
      "OutputPinColourInfo":[{"PinColour":0,"PinID":2042961238}],
      "InternalData":null
    },
    {
      "Name":"3-STATE BUFFER",
      "ID":539308053,
      "Label":"",
      "Position":{
        "x":7.83219,
        "y":-1.32877
      },
      "OutputPinColourInfo":[{"PinColour":0,"PinID":2}],
      "InternalData":null
    },
    {
      "Name":"3-STATE BUFFER",
      "ID":1210045526,
      "Label":"",
      "Position":{
        "x":7.83219,
        "y":-2.70877
      },
      "OutputPinColourInfo":[{"PinColour":0,"PinID":2}],
      "InternalData":null
    },
    {
      "Name":"3-STATE BUFFER",
      "ID":925814264,
      "Label":"",
      "Position":{
        "x":7.83219,
        "y":-4.08877
      },
      "OutputPinColourInfo":[{"PinColour":0,"PinID":2}],
      "InternalData":null
    },
    {
      "Name":"3-STATE BUFFER",
      "ID":813896650,
      "Label":"",
      "Position":{
        "x":7.83219,
        "y":-5.46877
      },
      "OutputPinColourInfo":[{"PinColour":0,"PinID":2}],
      "InternalData":null
    },
    {
      "Name":"BUS-1",
      "ID":361009952,
      "Label":"",
      "Position":{
        "x":8.68635,
        "y":-0.38742
      },
      "OutputPinColourInfo":[{"PinColour":0,"PinID":1}],
      "InternalData":[945591417,0]
    },
    {
      "Name":"BUS-TERMINUS-1",
      "ID":945591417,
      "Label":"",
      "Position":{
        "x":9.55867,
        "y":-6.15541
      },
      "OutputPinColourInfo":[],
      "InternalData":[361009952,0]
    },
    {
      "Name":"2 BIT DECODER",
      "ID":448821388,
      "Label":"",
      "Position":{
        "x":-1.12777,
        "y":-6.68462
      },
      "OutputPinColourInfo":[{"PinColour":0,"PinID":1402873771},{"PinColour":0,"PinID":169939261},{"PinColour":0,"PinID":107447609},{"PinColour":0,"PinID":1420861428}],
      "InternalData":null
    },
    {
      "Name":"AND",
      "ID":63948639,
      "Label":"",
      "Position":{
        "x":5.20855,
        "y":-1.52106
      },
      "OutputPinColourInfo":[{"PinColour":0,"PinID":2083071430}],
      "InternalData":null
    },
    {
      "Name":"AND",
      "ID":2123260996,
      "Label":"",
      "Position":{
        "x":5.24943,
        "y":-2.87202
      },
      "OutputPinColourInfo":[{"PinColour":0,"PinID":2083071430}],
      "InternalData":null
    },
    {
      "Name":"AND",
      "ID":711542852,
      "Label":"",
      "Position":{
        "x":5.22386,
        "y":-4.2435
      },
      "OutputPinColourInfo":[{"PinColour":0,"PinID":2083071430}],
      "InternalData":null
    },
    {
      "Name":"AND",
      "ID":601132855,
      "Label":"",
      "Position":{
        "x":5.26648,
        "y":-5.61498
      },
      "OutputPinColourInfo":[{"PinColour":0,"PinID":2083071430}],
      "InternalData":null
    }
  ],
  "Wires":[
    {
      "SourcePinAddress":{
        "PinID":2042961238,
        "PinOwnerID":626015613
      },
      "TargetPinAddress":{
        "PinID":0,
        "PinOwnerID":813896650
      },
      "ConnectionType":0,
      "ConnectedWireIndex":-1,
      "ConnectedWireSegmentIndex":-1,
      "Points":[{"x":0.0,"y":0.0},{"x":0.0,"y":0.0}]
    },
    {
      "SourcePinAddress":{
        "PinID":2042961238,
        "PinOwnerID":1864613993
      },
      "TargetPinAddress":{
        "PinID":0,
        "PinOwnerID":925814264
      },
      "ConnectionType":0,
      "ConnectedWireIndex":-1,
      "ConnectedWireSegmentIndex":-1,
      "Points":[{"x":0.0,"y":0.0},{"x":0.0,"y":0.0}]
    },
    {
      "SourcePinAddress":{
        "PinID":2042961238,
        "PinOwnerID":246423472
      },
      "TargetPinAddress":{
        "PinID":0,
        "PinOwnerID":1210045526
      },
      "ConnectionType":0,
      "ConnectedWireIndex":-1,
      "ConnectedWireSegmentIndex":-1,
      "Points":[{"x":0.0,"y":0.0},{"x":0.0,"y":0.0}]
    },
    {
      "SourcePinAddress":{
        "PinID":2042961238,
        "PinOwnerID":1006143615
      },
      "TargetPinAddress":{
        "PinID":0,
        "PinOwnerID":539308053
      },
      "ConnectionType":0,
      "ConnectedWireIndex":-1,
      "ConnectedWireSegmentIndex":-1,
      "Points":[{"x":0.0,"y":0.0},{"x":0.0,"y":0.0}]
    },
    {
      "SourcePinAddress":{
        "PinID":1,
        "PinOwnerID":361009952
      },
      "TargetPinAddress":{
        "PinID":0,
        "PinOwnerID":945591417
      },
      "ConnectionType":0,
      "ConnectedWireIndex":-1,
      "ConnectedWireSegmentIndex":-1,
      "Points":[{"x":0.0,"y":0.0},{"x":9.17592,"y":-0.38742},{"x":9.17592,"y":-6.15541},{"x":0.0,"y":0.0}]
    },
    {
      "SourcePinAddress":{
        "PinID":2,
        "PinOwnerID":539308053
      },
      "TargetPinAddress":{
        "PinID":0,
        "PinOwnerID":361009952
      },
      "ConnectionType":2,
      "ConnectedWireIndex":4,
      "ConnectedWireSegmentIndex":1,
      "Points":[{"x":0.0,"y":0.0},{"x":9.17592,"y":-1.32877}]
    },
    {
      "SourcePinAddress":{
        "PinID":2,
        "PinOwnerID":1210045526
      },
      "TargetPinAddress":{
        "PinID":0,
        "PinOwnerID":361009952
      },
      "ConnectionType":2,
      "ConnectedWireIndex":4,
      "ConnectedWireSegmentIndex":1,
      "Points":[{"x":0.0,"y":0.0},{"x":9.17592,"y":-2.70877}]
    },
    {
      "SourcePinAddress":{
        "PinID":2,
        "PinOwnerID":925814264
      },
      "TargetPinAddress":{
        "PinID":0,
        "PinOwnerID":361009952
      },
      "ConnectionType":2,
      "ConnectedWireIndex":4,
      "ConnectedWireSegmentIndex":1,
      "Points":[{"x":0.0,"y":0.0},{"x":9.17592,"y":-4.08877}]
    },
    {
      "SourcePinAddress":{
        "PinID":2,
        "PinOwnerID":813896650
      },
      "TargetPinAddress":{
        "PinID":0,
        "PinOwnerID":361009952
      },
      "ConnectionType":2,
      "ConnectedWireIndex":4,
      "ConnectedWireSegmentIndex":1,
      "Points":[{"x":0.0,"y":0.0},{"x":9.17592,"y":-5.46877}]
    },
    {
      "SourcePinAddress":{
        "PinID":1,
        "PinOwnerID":361009952
      },
      "TargetPinAddress":{
        "PinID":0,
        "PinOwnerID":292283023
      },
      "ConnectionType":1,
      "ConnectedWireIndex":4,
      "ConnectedWireSegmentIndex":1,
      "Points":[{"x":9.17592,"y":-3.32482},{"x":0.0,"y":0.0}]
    },
    {
      "SourcePinAddress":{
        "PinID":0,
        "PinOwnerID":1770526593
      },
      "TargetPinAddress":{
        "PinID":1086842282,
        "PinOwnerID":448821388
      },
      "ConnectionType":0,
      "ConnectedWireIndex":-1,
      "ConnectedWireSegmentIndex":-1,
      "Points":[{"x":0.0,"y":0.0},{"x":-2.1846,"y":-7.59038},{"x":-2.1846,"y":-6.30962},{"x":0.0,"y":0.0}]
    },
    {
      "SourcePinAddress":{
        "PinID":0,
        "PinOwnerID":1177466314
      },
      "TargetPinAddress":{
        "PinID":558982316,
        "PinOwnerID":448821388
      },
      "ConnectionType":0,
      "ConnectedWireIndex":-1,
      "ConnectedWireSegmentIndex":-1,
      "Points":[{"x":0.0,"y":0.0},{"x":0.0,"y":0.0}]
    },
    {
      "SourcePinAddress":{
        "PinID":0,
        "PinOwnerID":555858228
      },
      "TargetPinAddress":{
        "PinID":1927916884,
        "PinOwnerID":448821388
      },
      "ConnectionType":0,
      "ConnectedWireIndex":-1,
      "ConnectedWireSegmentIndex":-1,
      "Points":[{"x":0.0,"y":0.0},{"x":-2.76383,"y":-6.67603},{"x":0.0,"y":0.0}]
    },
    {
      "SourcePinAddress":{
        "PinID":0,
        "PinOwnerID":1770526593
      },
      "TargetPinAddress":{
        "PinID":1660780117,
        "PinOwnerID":1006143615
      },
      "ConnectionType":0,
      "ConnectedWireIndex":-1,
      "ConnectedWireSegmentIndex":-1,
      "Points":[{"x":0.0,"y":0.0},{"x":1.45166,"y":-7.59038},{"x":1.45166,"y":-1.62931},{"x":0.0,"y":0.0}]
    },
    {
      "SourcePinAddress":{
        "PinID":0,
        "PinOwnerID":1770526593
      },
      "TargetPinAddress":{
        "PinID":1660780117,
        "PinOwnerID":246423472
      },
      "ConnectionType":1,
      "ConnectedWireIndex":13,
      "ConnectedWireSegmentIndex":1,
      "Points":[{"x":1.45166,"y":-3.00931},{"x":0.0,"y":0.0}]
    },
    {
      "SourcePinAddress":{
        "PinID":0,
        "PinOwnerID":1770526593
      },
      "TargetPinAddress":{
        "PinID":1660780117,
        "PinOwnerID":1864613993
      },
      "ConnectionType":1,
      "ConnectedWireIndex":13,
      "ConnectedWireSegmentIndex":1,
      "Points":[{"x":1.45166,"y":-4.38931},{"x":0.0,"y":0.0}]
    },
    {
      "SourcePinAddress":{
        "PinID":0,
        "PinOwnerID":1770526593
      },
      "TargetPinAddress":{
        "PinID":1660780117,
        "PinOwnerID":626015613
      },
      "ConnectionType":1,
      "ConnectedWireIndex":13,
      "ConnectedWireSegmentIndex":1,
      "Points":[{"x":1.45166,"y":-5.76931},{"x":0.0,"y":0.0}]
    },
    {
      "SourcePinAddress":{
        "PinID":1420861428,
        "PinOwnerID":448821388
      },
      "TargetPinAddress":{
        "PinID":1192895989,
        "PinOwnerID":626015613
      },
      "ConnectionType":0,
      "ConnectedWireIndex":-1,
      "ConnectedWireSegmentIndex":-1,
      "Points":[{"x":0.0,"y":0.0},{"x":1.21355,"y":-7.04727},{"x":1.21355,"y":-5.51931},{"x":0.0,"y":0.0}]
    },
    {
      "SourcePinAddress":{
        "PinID":169939261,
        "PinOwnerID":448821388
      },
      "TargetPinAddress":{
        "PinID":1192895989,
        "PinOwnerID":246423472
      },
      "ConnectionType":0,
      "ConnectedWireIndex":-1,
      "ConnectedWireSegmentIndex":-1,
      "Points":[{"x":0.0,"y":0.0},{"x":0.68806,"y":-6.5382},{"x":0.69627,"y":-2.75931},{"x":0.0,"y":0.0}]
    },
    {
      "SourcePinAddress":{
        "PinID":107447609,
        "PinOwnerID":448821388
      },
      "TargetPinAddress":{
        "PinID":1192895989,
        "PinOwnerID":1864613993
      },
      "ConnectionType":0,
      "ConnectedWireIndex":-1,
      "ConnectedWireSegmentIndex":-1,
      "Points":[{"x":0.0,"y":0.0},{"x":0.9508,"y":-6.80094},{"x":0.9508,"y":-4.13931},{"x":0.0,"y":0.0}]
    },
    {
      "SourcePinAddress":{
        "PinID":1402873771,
        "PinOwnerID":448821388
      },
      "TargetPinAddress":{
        "PinID":1192895989,
        "PinOwnerID":1006143615
      },
      "ConnectionType":0,
      "ConnectedWireIndex":-1,
      "ConnectedWireSegmentIndex":-1,
      "Points":[{"x":0.0,"y":0.0},{"x":0.43353,"y":-6.30008},{"x":0.40889,"y":-1.37361},{"x":0.0,"y":0.0}]
    },
    {
      "SourcePinAddress":{
        "PinID":0,
        "PinOwnerID":1655581797
      },
      "TargetPinAddress":{
        "PinID":942039200,
        "PinOwnerID":626015613
      },
      "ConnectionType":0,
      "ConnectedWireIndex":-1,
      "ConnectedWireSegmentIndex":-1,
      "Points":[{"x":0.0,"y":0.0},{"x":0.02145,"y":1.18915},{"x":0.02145,"y":-4.76421},{"x":0.0,"y":0.0}]
    },
    {
      "SourcePinAddress":{
        "PinID":0,
        "PinOwnerID":1655581797
      },
      "TargetPinAddress":{
        "PinID":942039200,
        "PinOwnerID":1864613993
      },
      "ConnectionType":1,
      "ConnectedWireIndex":21,
      "ConnectedWireSegmentIndex":1,
      "Points":[{"x":0.02145,"y":-3.38931},{"x":0.0,"y":0.0}]
    },
    {
      "SourcePinAddress":{
        "PinID":0,
        "PinOwnerID":1655581797
      },
      "TargetPinAddress":{
        "PinID":942039200,
        "PinOwnerID":246423472
      },
      "ConnectionType":1,
      "ConnectedWireIndex":21,
      "ConnectedWireSegmentIndex":1,
      "Points":[{"x":0.02145,"y":-2.00931},{"x":0.0,"y":0.0}]
    },
    {
      "SourcePinAddress":{
        "PinID":0,
        "PinOwnerID":1655581797
      },
      "TargetPinAddress":{
        "PinID":942039200,
        "PinOwnerID":1006143615
      },
      "ConnectionType":1,
      "ConnectedWireIndex":21,
      "ConnectedWireSegmentIndex":1,
      "Points":[{"x":0.02145,"y":-0.62931},{"x":0.0,"y":0.0}]
    },
    {
      "SourcePinAddress":{
        "PinID":0,
        "PinOwnerID":110347310
      },
      "TargetPinAddress":{
        "PinID":1814865224,
        "PinOwnerID":626015613
      },
      "ConnectionType":0,
      "ConnectedWireIndex":-1,
      "ConnectedWireSegmentIndex":-1,
      "Points":[{"x":0.0,"y":0.0},{"x":-0.31874,"y":0.67415},{"x":-0.31874,"y":-5.02999},{"x":0.0,"y":0.0}]
    },
    {
      "SourcePinAddress":{
        "PinID":0,
        "PinOwnerID":110347310
      },
      "TargetPinAddress":{
        "PinID":1814865224,
        "PinOwnerID":1864613993
      },
      "ConnectionType":1,
      "ConnectedWireIndex":25,
      "ConnectedWireSegmentIndex":1,
      "Points":[{"x":-0.31874,"y":-3.63931},{"x":0.0,"y":0.0}]
    },
    {
      "SourcePinAddress":{
        "PinID":0,
        "PinOwnerID":110347310
      },
      "TargetPinAddress":{
        "PinID":1814865224,
        "PinOwnerID":246423472
      },
      "ConnectionType":1,
      "ConnectedWireIndex":25,
      "ConnectedWireSegmentIndex":1,
      "Points":[{"x":-0.31874,"y":-2.25931},{"x":0.0,"y":0.0}]
    },
    {
      "SourcePinAddress":{
        "PinID":0,
        "PinOwnerID":110347310
      },
      "TargetPinAddress":{
        "PinID":1814865224,
        "PinOwnerID":1006143615
      },
      "ConnectionType":1,
      "ConnectedWireIndex":25,
      "ConnectedWireSegmentIndex":1,
      "Points":[{"x":-0.31874,"y":-0.87931},{"x":0.0,"y":0.0}]
    },
    {
      "SourcePinAddress":{
        "PinID":0,
        "PinOwnerID":1504887130
      },
      "TargetPinAddress":{
        "PinID":527740920,
        "PinOwnerID":626015613
      },
      "ConnectionType":0,
      "ConnectedWireIndex":-1,
      "ConnectedWireSegmentIndex":-1,
      "Points":[{"x":0.0,"y":0.0},{"x":-0.65894,"y":0.15915},{"x":-0.65894,"y":-5.25324},{"x":0.0,"y":0.0}]
    },
    {
      "SourcePinAddress":{
        "PinID":0,
        "PinOwnerID":1504887130
      },
      "TargetPinAddress":{
        "PinID":527740920,
        "PinOwnerID":1864613993
      },
      "ConnectionType":1,
      "ConnectedWireIndex":29,
      "ConnectedWireSegmentIndex":1,
      "Points":[{"x":-0.65894,"y":-3.88931},{"x":0.0,"y":0.0}]
    },
    {
      "SourcePinAddress":{
        "PinID":0,
        "PinOwnerID":1504887130
      },
      "TargetPinAddress":{
        "PinID":527740920,
        "PinOwnerID":246423472
      },
      "ConnectionType":1,
      "ConnectedWireIndex":29,
      "ConnectedWireSegmentIndex":1,
      "Points":[{"x":-0.65894,"y":-2.50931},{"x":0.0,"y":0.0}]
    },
    {
      "SourcePinAddress":{
        "PinID":0,
        "PinOwnerID":1504887130
      },
      "TargetPinAddress":{
        "PinID":527740920,
        "PinOwnerID":1006143615
      },
      "ConnectionType":1,
      "ConnectedWireIndex":29,
      "ConnectedWireSegmentIndex":1,
      "Points":[{"x":-0.65894,"y":-1.12931},{"x":0.0,"y":0.0}]
    },
    {
      "SourcePinAddress":{
        "PinID":0,
        "PinOwnerID":1770526593
      },
      "TargetPinAddress":{
        "PinID":897348161,
        "PinOwnerID":63948639
      },
      "ConnectionType":1,
      "ConnectedWireIndex":13,
      "ConnectedWireSegmentIndex":0,
      "Points":[{"x":1.43062,"y":-7.59038},{"x":4.06662,"y":-7.59038},{"x":4.06694,"y":-1.39754},{"x":0.0,"y":0.0}]
    },
    {
      "SourcePinAddress":{
        "PinID":0,
        "PinOwnerID":1770526593
      },
      "TargetPinAddress":{
        "PinID":897348161,
        "PinOwnerID":2123260996
      },
      "ConnectionType":1,
      "ConnectedWireIndex":33,
      "ConnectedWireSegmentIndex":1,
      "Points":[{"x":4.06687,"y":-2.74703},{"x":0.0,"y":0.0}]
    },
    {
      "SourcePinAddress":{
        "PinID":0,
        "PinOwnerID":1770526593
      },
      "TargetPinAddress":{
        "PinID":897348161,
        "PinOwnerID":711542852
      },
      "ConnectionType":1,
      "ConnectedWireIndex":33,
      "ConnectedWireSegmentIndex":1,
      "Points":[{"x":4.0668,"y":-4.1185},{"x":0.0,"y":0.0}]
    },
    {
      "SourcePinAddress":{
        "PinID":0,
        "PinOwnerID":1770526593
      },
      "TargetPinAddress":{
        "PinID":897348161,
        "PinOwnerID":601132855
      },
      "ConnectionType":1,
      "ConnectedWireIndex":33,
      "ConnectedWireSegmentIndex":1,
      "Points":[{"x":4.06673,"y":-5.48998},{"x":0.0,"y":0.0}]
    },
    {
      "SourcePinAddress":{
        "PinID":107447609,
        "PinOwnerID":448821388
      },
      "TargetPinAddress":{
        "PinID":543772438,
        "PinOwnerID":711542852
      },
      "ConnectionType":1,
      "ConnectedWireIndex":19,
      "ConnectedWireSegmentIndex":2,
      "Points":[{"x":1.62716,"y":-4.13931},{"x":1.62716,"y":-4.56932},{"x":3.49776,"y":-4.56932},{"x":3.49776,"y":-4.35606},{"x":0.0,"y":0.0}]
    },
    {
      "SourcePinAddress":{
        "PinID":1420861428,
        "PinOwnerID":448821388
      },
      "TargetPinAddress":{
        "PinID":543772438,
        "PinOwnerID":601132855
      },
      "ConnectionType":1,
      "ConnectedWireIndex":17,
      "ConnectedWireSegmentIndex":2,
      "Points":[{"x":1.61583,"y":-5.51931},{"x":1.61583,"y":-5.94648},{"x":3.48881,"y":-5.94648},{"x":3.48881,"y":-5.71946},{"x":0.0,"y":0.0}]
    },
    {
      "SourcePinAddress":{
        "PinID":169939261,
        "PinOwnerID":448821388
      },
      "TargetPinAddress":{
        "PinID":543772438,
        "PinOwnerID":2123260996
      },
      "ConnectionType":1,
      "ConnectedWireIndex":18,
      "ConnectedWireSegmentIndex":2,
      "Points":[{"x":1.60381,"y":-2.75931},{"x":1.60381,"y":-3.18092},{"x":3.52219,"y":-3.18092},{"x":3.52219,"y":-2.99368},{"x":0.0,"y":0.0}]
    },
    {
      "SourcePinAddress":{
        "PinID":1402873771,
        "PinOwnerID":448821388
      },
      "TargetPinAddress":{
        "PinID":543772438,
        "PinOwnerID":63948639
      },
      "ConnectionType":1,
      "ConnectedWireIndex":20,
      "ConnectedWireSegmentIndex":2,
      "Points":[{"x":1.66152,"y":-1.37873},{"x":1.66152,"y":-1.84021},{"x":3.52609,"y":-1.84021},{"x":3.52982,"y":-1.62403},{"x":0.0,"y":0.0}]
    },
    {
      "SourcePinAddress":{
        "PinID":2083071430,
        "PinOwnerID":63948639
      },
      "TargetPinAddress":{
        "PinID":1,
        "PinOwnerID":539308053
      },
      "ConnectionType":0,
      "ConnectedWireIndex":-1,
      "ConnectedWireSegmentIndex":-1,
      "Points":[{"x":0.0,"y":0.0},{"x":0.0,"y":0.0}]
    },
    {
      "SourcePinAddress":{
        "PinID":2083071430,
        "PinOwnerID":2123260996
      },
      "TargetPinAddress":{
        "PinID":1,
        "PinOwnerID":1210045526
      },
      "ConnectionType":0,
      "ConnectedWireIndex":-1,
      "ConnectedWireSegmentIndex":-1,
      "Points":[{"x":0.0,"y":0.0},{"x":0.0,"y":0.0}]
    },
    {
      "SourcePinAddress":{
        "PinID":2083071430,
        "PinOwnerID":711542852
      },
      "TargetPinAddress":{
        "PinID":1,
        "PinOwnerID":925814264
      },
      "ConnectionType":0,
      "ConnectedWireIndex":-1,
      "ConnectedWireSegmentIndex":-1,
      "Points":[{"x":0.0,"y":0.0},{"x":0.0,"y":0.0}]
    },
    {
      "SourcePinAddress":{
        "PinID":2083071430,
        "PinOwnerID":601132855
      },
      "TargetPinAddress":{
        "PinID":1,
        "PinOwnerID":813896650
      },
      "ConnectionType":0,
      "ConnectedWireIndex":-1,
      "ConnectedWireSegmentIndex":-1,
      "Points":[{"x":0.0,"y":0.0},{"x":0.0,"y":0.0}]
    }
  ]
}