{
  "ChipType": 0,
  "Colour": {
    "r": 0.607911,
    "g": 0.8484389,
    "b": 0.744453967,
    "a": 1
  },
  "Displays": null,
  "InputPins":[
    {
      "Name":"DATA 4",
      "ID":1607745484,
      "Position":{
        "x":3.625,
        "y":4.6875
      },
      "BitCount":8,
      "Colour":0,
      "ValueDisplayMode":1
    },
    {
      "Name":"DATA 3",
      "ID":1668718273,
      "Position":{
        "x":3.625,
        "y":3.3125
      },
      "BitCount":8,
      "Colour":0,
      "ValueDisplayMode":1
    },
    {
      "Name":"DATA 2",
      "ID":302507651,
      "Position":{
        "x":3.625,
        "y":1.9375
      },
      "BitCount":8,
      "Colour":0,
      "ValueDisplayMode":1
    },
    {
      "Name":"DATA 1",
      "ID":1474179181,
      "Position":{
        "x":3.625,
        "y":0.5625
      },
      "BitCount":8,
      "Colour":0,
      "ValueDisplayMode":1
    },
    {
      "Name":"READ/WRITE",
      "ID":2027559358,
      "Position":{
        "x":3.625,
        "y":-0.625
      },
      "BitCount":1,
      "Colour":0,
      "ValueDisplayMode":0
    },
    {
      "Name":"CLOCK",
      "ID":1139287227,
      "Position":{
        "x":3.625,
        "y":-1.125
      },
      "BitCount":1,
      "Colour":0,
      "ValueDisplayMode":0
    },
    {
      "Name":"ENABLE",
      "ID":1104947810,
      "Position":{
        "x":3.625,
        "y":-1.625
      },
      "BitCount":1,
      "Colour":0,
      "ValueDisplayMode":0
    }
  ],
  "Name": "4 x 8BIT",
  "NameLocation": 0,
  "OutputPins":[
    {
      "Name":"DATA 4",
      "ID":505573893,
      "Position":{
        "x":9.25,
        "y":4.3125
      },
      "BitCount":8,
      "Colour":0,
      "ValueDisplayMode":1
    },
    {
      "Name":"DATA 3",
      "ID":1846732228,
      "Position":{
        "x":9.25,
        "y":2.9375
      },
      "BitCount":8,
      "Colour":0,
      "ValueDisplayMode":1
    },
    {
      "Name":"DATA 2",
      "ID":290743238,
      "Position":{
        "x":9.25,
        "y":1.5625
      },
      "BitCount":8,
      "Colour":0,
      "ValueDisplayMode":1
    },
    {
      "Name":"DATA 1",
      "ID":610698709,
      "Position":{
        "x":9.25,
        "y":0.1875
      },
      "BitCount":8,
      "Colour":0,
      "ValueDisplayMode":1
    }
  ],
  "Size": {
    "x": 1.025,
    "y": 2.75
  },
  "SubChips":[
    {
      "Name":"8BIT MEM",
      "ID":908708831,
      "Label":"",
      "Position":{
        "x":6.3975,
        "y":4.3125
      },
      "OutputPinColourInfo":[{"PinColour":0,"PinID":251180091}],
      "InternalData":null
    },
    {
      "Name":"8BIT MEM",
      "ID":126379663,
      "Label":"",
      "Position":{
        "x":6.3975,
        "y":2.9375
      },
      "OutputPinColourInfo":[{"PinColour":0,"PinID":251180091}],
      "InternalData":null
    },
    {
      "Name":"8BIT MEM",
      "ID":1554699192,
      "Label":"",
      "Position":{
        "x":6.3975,
        "y":1.5625
      },
      "OutputPinColourInfo":[{"PinColour":0,"PinID":251180091}],
      "InternalData":null
    },
    {
      "Name":"8BIT MEM",
      "ID":893403733,
      "Label":"",
      "Position":{
        "x":6.3975,
        "y":0.1875
      },
      "OutputPinColourInfo":[{"PinColour":0,"PinID":251180091}],
      "InternalData":null
    }
  ],
  "Wires":[
    {
      "SourcePinAddress":{
        "PinID":0,
        "PinOwnerID":1607745484
      },
      "TargetPinAddress":{
        "PinID":1651334387,
        "PinOwnerID":908708831
      },
      "ConnectionType":0,
      "ConnectedWireIndex":-1,
      "ConnectedWireSegmentIndex":-1,
      "Points":[{"x":0.0,"y":0.0},{"x":0.0,"y":0.0}]
    },
    {
      "SourcePinAddress":{
        "PinID":0,
        "PinOwnerID":1668718273
      },
      "TargetPinAddress":{
        "PinID":1651334387,
        "PinOwnerID":126379663
      },
      "ConnectionType":0,
      "ConnectedWireIndex":-1,
      "ConnectedWireSegmentIndex":-1,
      "Points":[{"x":0.0,"y":0.0},{"x":0.0,"y":0.0}]
    },
    {
      "SourcePinAddress":{
        "PinID":0,
        "PinOwnerID":302507651
      },
      "TargetPinAddress":{
        "PinID":1651334387,
        "PinOwnerID":1554699192
      },
      "ConnectionType":0,
      "ConnectedWireIndex":-1,
      "ConnectedWireSegmentIndex":-1,
      "Points":[{"x":0.0,"y":0.0},{"x":0.0,"y":0.0}]
    },
    {
      "SourcePinAddress":{
        "PinID":0,
        "PinOwnerID":1474179181
      },
      "TargetPinAddress":{
        "PinID":1651334387,
        "PinOwnerID":893403733
      },
      "ConnectionType":0,
      "ConnectedWireIndex":-1,
      "ConnectedWireSegmentIndex":-1,
      "Points":[{"x":0.0,"y":0.0},{"x":0.0,"y":0.0}]
    },
    {
      "SourcePinAddress":{
        "PinID":0,
        "PinOwnerID":2027559358
      },
      "TargetPinAddress":{
        "PinID":512552352,
        "PinOwnerID":908708831
      },
      "ConnectionType":0,
      "ConnectedWireIndex":-1,
      "ConnectedWireSegmentIndex":-1,
      "Points":[{"x":0.0,"y":0.0},{"x":5.125,"y":-0.625},{"x":5.125,"y":4.3125},{"x":0.0,"y":0.0}]
    },
    {
      "SourcePinAddress":{
        "PinID":0,
        "PinOwnerID":1139287227
      },
      "TargetPinAddress":{
        "PinID":2138991569,
        "PinOwnerID":908708831
      },
      "ConnectionType":0,
      "ConnectedWireIndex":-1,
      "ConnectedWireSegmentIndex":-1,
      "Points":[{"x":0.0,"y":0.0},{"x":5.25,"y":-1.125},{"x":5.25,"y":4.0625},{"x":0.0,"y":0.0}]
    },
    {
      "SourcePinAddress":{
        "PinID":0,
        "PinOwnerID":1104947810
      },
      "TargetPinAddress":{
        "PinID":74804055,
        "PinOwnerID":908708831
      },
      "ConnectionType":0,
      "ConnectedWireIndex":-1,
      "ConnectedWireSegmentIndex":-1,
      "Points":[{"x":0.0,"y":0.0},{"x":5.375,"y":-1.625},{"x":5.375,"y":3.8125},{"x":0.0,"y":0.0}]
    },
    {
      "SourcePinAddress":{
        "PinID":0,
        "PinOwnerID":2027559358
      },
      "TargetPinAddress":{
        "PinID":512552352,
        "PinOwnerID":126379663
      },
      "ConnectionType":1,
      "ConnectedWireIndex":4,
      "ConnectedWireSegmentIndex":1,
      "Points":[{"x":5.125,"y":2.9375},{"x":0.0,"y":0.0}]
    },
    {
      "SourcePinAddress":{
        "PinID":0,
        "PinOwnerID":1139287227
      },
      "TargetPinAddress":{
        "PinID":2138991569,
        "PinOwnerID":126379663
      },
      "ConnectionType":1,
      "ConnectedWireIndex":5,
      "ConnectedWireSegmentIndex":1,
      "Points":[{"x":5.25,"y":2.6875},{"x":0.0,"y":0.0}]
    },
    {
      "SourcePinAddress":{
        "PinID":0,
        "PinOwnerID":1104947810
      },
      "TargetPinAddress":{
        "PinID":74804055,
        "PinOwnerID":126379663
      },
      "ConnectionType":1,
      "ConnectedWireIndex":6,
      "ConnectedWireSegmentIndex":1,
      "Points":[{"x":5.375,"y":2.4375},{"x":0.0,"y":0.0}]
    },
    {
      "SourcePinAddress":{
        "PinID":0,
        "PinOwnerID":2027559358
      },
      "TargetPinAddress":{
        "PinID":512552352,
        "PinOwnerID":1554699192
      },
      "ConnectionType":1,
      "ConnectedWireIndex":4,
      "ConnectedWireSegmentIndex":1,
      "Points":[{"x":5.125,"y":1.5625},{"x":0.0,"y":0.0}]
    },
    {
      "SourcePinAddress":{
        "PinID":0,
        "PinOwnerID":1139287227
      },
      "TargetPinAddress":{
        "PinID":2138991569,
        "PinOwnerID":1554699192
      },
      "ConnectionType":1,
      "ConnectedWireIndex":5,
      "ConnectedWireSegmentIndex":1,
      "Points":[{"x":5.25,"y":1.3125},{"x":0.0,"y":0.0}]
    },
    {
      "SourcePinAddress":{
        "PinID":0,
        "PinOwnerID":1104947810
      },
      "TargetPinAddress":{
        "PinID":74804055,
        "PinOwnerID":1554699192
      },
      "ConnectionType":1,
      "ConnectedWireIndex":6,
      "ConnectedWireSegmentIndex":1,
      "Points":[{"x":5.375,"y":1.0625},{"x":0.0,"y":0.0}]
    },
    {
      "SourcePinAddress":{
        "PinID":0,
        "PinOwnerID":2027559358
      },
      "TargetPinAddress":{
        "PinID":512552352,
        "PinOwnerID":893403733
      },
      "ConnectionType":1,
      "ConnectedWireIndex":4,
      "ConnectedWireSegmentIndex":1,
      "Points":[{"x":5.125,"y":0.1875},{"x":0.0,"y":0.0}]
    },
    {
      "SourcePinAddress":{
        "PinID":0,
        "PinOwnerID":1139287227
      },
      "TargetPinAddress":{
        "PinID":2138991569,
        "PinOwnerID":893403733
      },
      "ConnectionType":1,
      "ConnectedWireIndex":5,
      "ConnectedWireSegmentIndex":1,
      "Points":[{"x":5.25,"y":-0.0625},{"x":0.0,"y":0.0}]
    },
    {
      "SourcePinAddress":{
        "PinID":0,
        "PinOwnerID":1104947810
      },
      "TargetPinAddress":{
        "PinID":74804055,
        "PinOwnerID":893403733
      },
      "ConnectionType":1,
      "ConnectedWireIndex":6,
      "ConnectedWireSegmentIndex":1,
      "Points":[{"x":5.375,"y":-0.3125},{"x":0.0,"y":0.0}]
    },
    {
      "SourcePinAddress":{
        "PinID":251180091,
        "PinOwnerID":908708831
      },
      "TargetPinAddress":{
        "PinID":0,
        "PinOwnerID":505573893
      },
      "ConnectionType":0,
      "ConnectedWireIndex":-1,
      "ConnectedWireSegmentIndex":-1,
      "Points":[{"x":0.0,"y":0.0},{"x":0.0,"y":0.0}]
    },
    {
      "SourcePinAddress":{
        "PinID":251180091,
        "PinOwnerID":126379663
      },
      "TargetPinAddress":{
        "PinID":0,
        "PinOwnerID":1846732228
      },
      "ConnectionType":0,
      "ConnectedWireIndex":-1,
      "ConnectedWireSegmentIndex":-1,
      "Points":[{"x":0.0,"y":0.0},{"x":0.0,"y":0.0}]
    },
    {
      "SourcePinAddress":{
        "PinID":251180091,
        "PinOwnerID":1554699192
      },
      "TargetPinAddress":{
        "PinID":0,
        "PinOwnerID":290743238
      },
      "ConnectionType":0,
      "ConnectedWireIndex":-1,
      "ConnectedWireSegmentIndex":-1,
      "Points":[{"x":0.0,"y":0.0},{"x":0.0,"y":0.0}]
    },
    {
      "SourcePinAddress":{
        "PinID":251180091,
        "PinOwnerID":893403733
      },
      "TargetPinAddress":{
        "PinID":0,
        "PinOwnerID":610698709
      },
      "ConnectionType":0,
      "ConnectedWireIndex":-1,
      "ConnectedWireSegmentIndex":-1,
      "Points":[{"x":0.0,"y":0.0},{"x":0.0,"y":0.0}]
    }
  ]
}