{
  "Name": "4BIT x1 AND",
  "NameLocation": 0,
  "ChipType": 0,
  "Size": {
    "x": 1.025,
    "y": 0.5
  },
  "Colour": {
    "r": 0.725422,
    "g": 0.4639836,
    "b": 0.48402378,
    "a": 1
  },
  "InputPins":[
    {
      "Name":"IN",
      "ID":2046304086,
      "Position":{
        "x":8.5,
        "y":-8.0
      },
      "BitCount":4,
      "Colour":0,
      "ValueDisplayMode":0
    }
  ],
  "OutputPins":[
    {
      "Name":"OUT",
      "ID":933171434,
      "Position":{
        "x":13.875,
        "y":-8.0
      },
      "BitCount":1,
      "Colour":0,
      "ValueDisplayMode":0
    }
  ],
  "SubChips":[
    {
      "Name":"4-1BIT",
      "ID":1049462448,
      "Label":"",
      "Position":{
        "x":10.5725,
        "y":-8.0
      },
      "OutputPinColourInfo":[{"PinColour":0,"PinID":1},{"PinColour":0,"PinID":2},{"PinColour":0,"PinID":3},{"PinColour":0,"PinID":4}],
      "InternalData":null
    },
    {
      "Name":"4 AND",
      "ID":1355286875,
      "Label":"",
      "Position":{
        "x":11.9475,
        "y":-8.0
      },
      "OutputPinColourInfo":[{"PinColour":0,"PinID":1610031752}],
      "InternalData":null
    }
  ],
  "Wires":[
    {
      "SourcePinAddress":{
        "PinID":0,
        "PinOwnerID":2046304086
      },
      "TargetPinAddress":{
        "PinID":0,
        "PinOwnerID":1049462448
      },
      "ConnectionType":0,
      "ConnectedWireIndex":-1,
      "ConnectedWireSegmentIndex":-1,
      "Points":[{"x":0.0,"y":0.0},{"x":0.0,"y":0.0}]
    },
    {
      "SourcePinAddress":{
        "PinID":4,
        "PinOwnerID":1049462448
      },
      "TargetPinAddress":{
        "PinID":120396874,
        "PinOwnerID":1355286875
      },
      "ConnectionType":0,
      "ConnectedWireIndex":-1,
      "ConnectedWireSegmentIndex":-1,
      "Points":[{"x":0.0,"y":0.0},{"x":0.0,"y":0.0}]
    },
    {
      "SourcePinAddress":{
        "PinID":3,
        "PinOwnerID":1049462448
      },
      "TargetPinAddress":{
        "PinID":1389066023,
        "PinOwnerID":1355286875
      },
      "ConnectionType":0,
      "ConnectedWireIndex":-1,
      "ConnectedWireSegmentIndex":-1,
      "Points":[{"x":0.0,"y":0.0},{"x":0.0,"y":0.0}]
    },
    {
      "SourcePinAddress":{
        "PinID":2,
        "PinOwnerID":1049462448
      },
      "TargetPinAddress":{
        "PinID":1965759189,
        "PinOwnerID":1355286875
      },
      "ConnectionType":0,
      "ConnectedWireIndex":-1,
      "ConnectedWireSegmentIndex":-1,
      "Points":[{"x":0.0,"y":0.0},{"x":0.0,"y":0.0}]
    },
    {
      "SourcePinAddress":{
        "PinID":1,
        "PinOwnerID":1049462448
      },
      "TargetPinAddress":{
        "PinID":104665276,
        "PinOwnerID":1355286875
      },
      "ConnectionType":0,
      "ConnectedWireIndex":-1,
      "ConnectedWireSegmentIndex":-1,
      "Points":[{"x":0.0,"y":0.0},{"x":0.0,"y":0.0}]
    },
    {
      "SourcePinAddress":{
        "PinID":1610031752,
        "PinOwnerID":1355286875
      },
      "TargetPinAddress":{
        "PinID":0,
        "PinOwnerID":933171434
      },
      "ConnectionType":0,
      "ConnectedWireIndex":-1,
      "ConnectedWireSegmentIndex":-1,
      "Points":[{"x":0.0,"y":0.0},{"x":0.0,"y":0.0}]
    }
  ],
  "Displays": null
}