{
  "Name": "4BIT x2 XNOR",
  "NameLocation": 0,
  "ChipType": 0,
  "Size": {
    "x": 1.25,
    "y": 0.75
  },
  "Colour": {
    "r": 0.898698032,
    "g": 0.8270081,
    "b": 0.140166476,
    "a": 1
  },
  "InputPins":[
    {
      "Name":"IN",
      "ID":1546009888,
      "Position":{
        "x":6.25,
        "y":-6.875
      },
      "BitCount":4,
      "Colour":0,
      "ValueDisplayMode":0
    },
    {
      "Name":"IN",
      "ID":1771514258,
      "Position":{
        "x":6.25,
        "y":-10.25
      },
      "BitCount":4,
      "Colour":0,
      "ValueDisplayMode":0
    }
  ],
  "OutputPins":[
    {
      "Name":"OUT",
      "ID":1773724041,
      "Position":{
        "x":14.25,
        "y":-8.5625
      },
      "BitCount":4,
      "Colour":0,
      "ValueDisplayMode":0
    }
  ],
  "SubChips":[
    {
      "Name":"4-1BIT",
      "ID":1636668983,
      "Label":"",
      "Position":{
        "x":8.4475,
        "y":-6.875
      },
      "OutputPinColourInfo":[{"PinColour":0,"PinID":1},{"PinColour":0,"PinID":2},{"PinColour":0,"PinID":3},{"PinColour":0,"PinID":4}],
      "InternalData":null
    },
    {
      "Name":"4-1BIT",
      "ID":910529395,
      "Label":"",
      "Position":{
        "x":8.4475,
        "y":-10.25
      },
      "OutputPinColourInfo":[{"PinColour":0,"PinID":1},{"PinColour":0,"PinID":2},{"PinColour":0,"PinID":3},{"PinColour":0,"PinID":4}],
      "InternalData":null
    },
    {
      "Name":"1-4BIT",
      "ID":763540401,
      "Label":"",
      "Position":{
        "x":12.0725,
        "y":-8.5625
      },
      "OutputPinColourInfo":[{"PinColour":0,"PinID":4}],
      "InternalData":null
    },
    {
      "Name":"XNOR",
      "ID":944191400,
      "Label":"",
      "Position":{
        "x":10.6225,
        "y":-7.625
      },
      "OutputPinColourInfo":[{"PinColour":0,"PinID":1787120482}],
      "InternalData":null
    },
    {
      "Name":"XNOR",
      "ID":861940493,
      "Label":"",
      "Position":{
        "x":10.6225,
        "y":-8.25
      },
      "OutputPinColourInfo":[{"PinColour":0,"PinID":1787120482}],
      "InternalData":null
    },
    {
      "Name":"XNOR",
      "ID":1459252286,
      "Label":"",
      "Position":{
        "x":10.6225,
        "y":-8.875
      },
      "OutputPinColourInfo":[{"PinColour":0,"PinID":1787120482}],
      "InternalData":null
    },
    {
      "Name":"XNOR",
      "ID":750075042,
      "Label":"",
      "Position":{
        "x":10.6225,
        "y":-9.5
      },
      "OutputPinColourInfo":[{"PinColour":0,"PinID":1787120482}],
      "InternalData":null
    }
  ],
  "Wires":[
    {
      "SourcePinAddress":{
        "PinID":0,
        "PinOwnerID":1771514258
      },
      "TargetPinAddress":{
        "PinID":0,
        "PinOwnerID":910529395
      },
      "ConnectionType":0,
      "ConnectedWireIndex":-1,
      "ConnectedWireSegmentIndex":-1,
      "Points":[{"x":0.0,"y":0.0},{"x":0.0,"y":0.0}]
    },
    {
      "SourcePinAddress":{
        "PinID":0,
        "PinOwnerID":1546009888
      },
      "TargetPinAddress":{
        "PinID":0,
        "PinOwnerID":1636668983
      },
      "ConnectionType":0,
      "ConnectedWireIndex":-1,
      "ConnectedWireSegmentIndex":-1,
      "Points":[{"x":0.0,"y":0.0},{"x":0.0,"y":0.0}]
    },
    {
      "SourcePinAddress":{
        "PinID":4,
        "PinOwnerID":763540401
      },
      "TargetPinAddress":{
        "PinID":0,
        "PinOwnerID":1773724041
      },
      "ConnectionType":0,
      "ConnectedWireIndex":-1,
      "ConnectedWireSegmentIndex":-1,
      "Points":[{"x":0.0,"y":0.0},{"x":0.0,"y":0.0}]
    },
    {
      "SourcePinAddress":{
        "PinID":1,
        "PinOwnerID":1636668983
      },
      "TargetPinAddress":{
        "PinID":495429701,
        "PinOwnerID":944191400
      },
      "ConnectionType":0,
      "ConnectedWireIndex":-1,
      "ConnectedWireSegmentIndex":-1,
      "Points":[{"x":0.0,"y":0.0},{"x":10.0,"y":-6.5},{"x":10.0,"y":-7.5},{"x":0.0,"y":0.0}]
    },
    {
      "SourcePinAddress":{
        "PinID":1,
        "PinOwnerID":910529395
      },
      "TargetPinAddress":{
        "PinID":724379196,
        "PinOwnerID":944191400
      },
      "ConnectionType":0,
      "ConnectedWireIndex":-1,
      "ConnectedWireSegmentIndex":-1,
      "Points":[{"x":0.0,"y":0.0},{"x":10.0,"y":-9.875},{"x":10.0,"y":-7.75},{"x":0.0,"y":0.0}]
    },
    {
      "SourcePinAddress":{
        "PinID":2,
        "PinOwnerID":910529395
      },
      "TargetPinAddress":{
        "PinID":724379196,
        "PinOwnerID":861940493
      },
      "ConnectionType":0,
      "ConnectedWireIndex":-1,
      "ConnectedWireSegmentIndex":-1,
      "Points":[{"x":0.0,"y":0.0},{"x":9.875,"y":-10.125},{"x":9.875,"y":-8.375},{"x":0.0,"y":0.0}]
    },
    {
      "SourcePinAddress":{
        "PinID":3,
        "PinOwnerID":910529395
      },
      "TargetPinAddress":{
        "PinID":724379196,
        "PinOwnerID":1459252286
      },
      "ConnectionType":0,
      "ConnectedWireIndex":-1,
      "ConnectedWireSegmentIndex":-1,
      "Points":[{"x":0.0,"y":0.0},{"x":9.75,"y":-10.375},{"x":9.75,"y":-9.0},{"x":0.0,"y":0.0}]
    },
    {
      "SourcePinAddress":{
        "PinID":4,
        "PinOwnerID":910529395
      },
      "TargetPinAddress":{
        "PinID":724379196,
        "PinOwnerID":750075042
      },
      "ConnectionType":0,
      "ConnectedWireIndex":-1,
      "ConnectedWireSegmentIndex":-1,
      "Points":[{"x":0.0,"y":0.0},{"x":9.625,"y":-10.625},{"x":9.625,"y":-9.625},{"x":0.0,"y":0.0}]
    },
    {
      "SourcePinAddress":{
        "PinID":4,
        "PinOwnerID":1636668983
      },
      "TargetPinAddress":{
        "PinID":495429701,
        "PinOwnerID":750075042
      },
      "ConnectionType":0,
      "ConnectedWireIndex":-1,
      "ConnectedWireSegmentIndex":-1,
      "Points":[{"x":0.0,"y":0.0},{"x":9.625,"y":-7.25},{"x":9.625,"y":-9.375},{"x":0.0,"y":0.0}]
    },
    {
      "SourcePinAddress":{
        "PinID":3,
        "PinOwnerID":1636668983
      },
      "TargetPinAddress":{
        "PinID":495429701,
        "PinOwnerID":1459252286
      },
      "ConnectionType":0,
      "ConnectedWireIndex":-1,
      "ConnectedWireSegmentIndex":-1,
      "Points":[{"x":0.0,"y":0.0},{"x":9.75,"y":-7.0},{"x":9.75,"y":-8.75},{"x":0.0,"y":0.0}]
    },
    {
      "SourcePinAddress":{
        "PinID":2,
        "PinOwnerID":1636668983
      },
      "TargetPinAddress":{
        "PinID":495429701,
        "PinOwnerID":861940493
      },
      "ConnectionType":0,
      "ConnectedWireIndex":-1,
      "ConnectedWireSegmentIndex":-1,
      "Points":[{"x":0.0,"y":0.0},{"x":9.875,"y":-6.75},{"x":9.875,"y":-8.125},{"x":0.0,"y":0.0}]
    },
    {
      "SourcePinAddress":{
        "PinID":1787120482,
        "PinOwnerID":1459252286
      },
      "TargetPinAddress":{
        "PinID":2,
        "PinOwnerID":763540401
      },
      "ConnectionType":0,
      "ConnectedWireIndex":-1,
      "ConnectedWireSegmentIndex":-1,
      "Points":[{"x":0.0,"y":0.0},{"x":11.1875,"y":-8.875},{"x":11.1875,"y":-8.6875},{"x":0.0,"y":0.0}]
    },
    {
      "SourcePinAddress":{
        "PinID":1787120482,
        "PinOwnerID":861940493
      },
      "TargetPinAddress":{
        "PinID":1,
        "PinOwnerID":763540401
      },
      "ConnectionType":0,
      "ConnectedWireIndex":-1,
      "ConnectedWireSegmentIndex":-1,
      "Points":[{"x":0.0,"y":0.0},{"x":11.1875,"y":-8.25},{"x":11.1875,"y":-8.4375},{"x":0.0,"y":0.0}]
    },
    {
      "SourcePinAddress":{
        "PinID":1787120482,
        "PinOwnerID":944191400
      },
      "TargetPinAddress":{
        "PinID":0,
        "PinOwnerID":763540401
      },
      "ConnectionType":0,
      "ConnectedWireIndex":-1,
      "ConnectedWireSegmentIndex":-1,
      "Points":[{"x":0.0,"y":0.0},{"x":11.1875,"y":-7.625},{"x":11.1875,"y":-8.1875},{"x":0.0,"y":0.0}]
    },
    {
      "SourcePinAddress":{
        "PinID":1787120482,
        "PinOwnerID":750075042
      },
      "TargetPinAddress":{
        "PinID":3,
        "PinOwnerID":763540401
      },
      "ConnectionType":0,
      "ConnectedWireIndex":-1,
      "ConnectedWireSegmentIndex":-1,
      "Points":[{"x":0.0,"y":0.0},{"x":11.1875,"y":-9.5},{"x":11.1875,"y":-8.9375},{"x":0.0,"y":0.0}]
    }
  ],
  "Displays": null
}