{
  "ChipType": 0,
  "Colour": {
    "r": 0.5999007,
    "g": 0.0258461386,
    "b": 0.07960109,
    "a": 1
  },
  "Displays": null,
  "InputPins":[
    {
      "Name":"IN",
      "ID":1440621589,
      "Position":{
        "x":-0.875,
        "y":-5.0
      },
      "BitCount":4,
      "Colour":0,
      "ValueDisplayMode":0
    }
  ],
  "Name": "4BIT OR",
  "NameLocation": 0,
  "OutputPins":[
    {
      "Name":"OUT",
      "ID":72886740,
      "Position":{
        "x":3.875,
        "y":-5.0
      },
      "BitCount":1,
      "Colour":0,
      "ValueDisplayMode":0
    }
  ],
  "Size": {
    "x": 1.025,
    "y": 0.5
  },
  "SubChips":[
    {
      "Name":"4-1BIT",
      "ID":983015085,
      "Label":"",
      "Position":{
        "x":1.0725,
        "y":-5.0
      },
      "OutputPinColourInfo":[{"PinColour":0,"PinID":1},{"PinColour":0,"PinID":2},{"PinColour":0,"PinID":3},{"PinColour":0,"PinID":4}],
      "InternalData":null
    },
    {
      "Name":"4 OR",
      "ID":474447799,
      "Label":"",
      "Position":{
        "x":2.3725,
        "y":-5.0
      },
      "OutputPinColourInfo":[{"PinColour":0,"PinID":435790458}],
      "InternalData":null
    }
  ],
  "Wires":[
    {
      "SourcePinAddress":{
        "PinID":0,
        "PinOwnerID":1440621589
      },
      "TargetPinAddress":{
        "PinID":0,
        "PinOwnerID":983015085
      },
      "ConnectionType":0,
      "ConnectedWireIndex":-1,
      "ConnectedWireSegmentIndex":-1,
      "Points":[{"x":0.0,"y":0.0},{"x":0.0,"y":0.0}]
    },
    {
      "SourcePinAddress":{
        "PinID":4,
        "PinOwnerID":983015085
      },
      "TargetPinAddress":{
        "PinID":1190476421,
        "PinOwnerID":474447799
      },
      "ConnectionType":0,
      "ConnectedWireIndex":-1,
      "ConnectedWireSegmentIndex":-1,
      "Points":[{"x":0.0,"y":0.0},{"x":0.0,"y":0.0}]
    },
    {
      "SourcePinAddress":{
        "PinID":3,
        "PinOwnerID":983015085
      },
      "TargetPinAddress":{
        "PinID":102764739,
        "PinOwnerID":474447799
      },
      "ConnectionType":0,
      "ConnectedWireIndex":-1,
      "ConnectedWireSegmentIndex":-1,
      "Points":[{"x":0.0,"y":0.0},{"x":0.0,"y":0.0}]
    },
    {
      "SourcePinAddress":{
        "PinID":2,
        "PinOwnerID":983015085
      },
      "TargetPinAddress":{
        "PinID":1968681037,
        "PinOwnerID":474447799
      },
      "ConnectionType":0,
      "ConnectedWireIndex":-1,
      "ConnectedWireSegmentIndex":-1,
      "Points":[{"x":0.0,"y":0.0},{"x":0.0,"y":0.0}]
    },
    {
      "SourcePinAddress":{
        "PinID":1,
        "PinOwnerID":983015085
      },
      "TargetPinAddress":{
        "PinID":915249036,
        "PinOwnerID":474447799
      },
      "ConnectionType":0,
      "ConnectedWireIndex":-1,
      "ConnectedWireSegmentIndex":-1,
      "Points":[{"x":0.0,"y":0.0},{"x":0.0,"y":0.0}]
    },
    {
      "SourcePinAddress":{
        "PinID":435790458,
        "PinOwnerID":474447799
      },
      "TargetPinAddress":{
        "PinID":0,
        "PinOwnerID":72886740
      },
      "ConnectionType":0,
      "ConnectedWireIndex":-1,
      "ConnectedWireSegmentIndex":-1,
      "Points":[{"x":0.0,"y":0.0},{"x":0.0,"y":0.0}]
    }
  ]
}