{
  "ChipType": 0,
  "Colour": {
    "r": 0.674735248,
    "g": 0.842929,
    "b": 0.1330143,
    "a": 1
  },
  "Displays": null,
  "InputPins":[
    {
      "Name":"IN",
      "ID":904559807,
      "Position":{
        "x":5.5,
        "y":1.625
      },
      "BitCount":4,
      "Colour":0,
      "ValueDisplayMode":0
    },
    {
      "Name":"IN",
      "ID":943212059,
      "Position":{
        "x":5.5,
        "y":-0.125
      },
      "BitCount":1,
      "Colour":0,
      "ValueDisplayMode":0
    }
  ],
  "Name": "4BIT AND",
  "NameLocation": 0,
  "OutputPins":[
    {
      "Name":"OUT",
      "ID":338143613,
      "Position":{
        "x":13.125,
        "y":1.5
      },
      "BitCount":4,
      "Colour":0,
      "ValueDisplayMode":0
    }
  ],
  "Size": {
    "x": 1.025,
    "y": 0.625
  },
  "SubChips":[
    {
      "Name":"4-1BIT",
      "ID":1492045395,
      "Label":"",
      "Position":{
        "x":7.5725,
        "y":1.625
      },
      "OutputPinColourInfo":[{"PinColour":0,"PinID":1},{"PinColour":0,"PinID":2},{"PinColour":0,"PinID":3},{"PinColour":0,"PinID":4}],
      "InternalData":null
    },
    {
      "Name":"AND",
      "ID":702191735,
      "Label":"",
      "Position":{
        "x":9.4225,
        "y":1.875
      },
      "OutputPinColourInfo":[{"PinColour":0,"PinID":2083071430}],
      "InternalData":null
    },
    {
      "Name":"AND",
      "ID":583892105,
      "Label":"",
      "Position":{
        "x":9.4225,
        "y":1.25
      },
      "OutputPinColourInfo":[{"PinColour":0,"PinID":2083071430}],
      "InternalData":null
    },
    {
      "Name":"AND",
      "ID":1994969772,
      "Label":"",
      "Position":{
        "x":9.4225,
        "y":0.625
      },
      "OutputPinColourInfo":[{"PinColour":0,"PinID":2083071430}],
      "InternalData":null
    },
    {
      "Name":"AND",
      "ID":439820818,
      "Label":"",
      "Position":{
        "x":9.4225,
        "y":0.0
      },
      "OutputPinColourInfo":[{"PinColour":0,"PinID":2083071430}],
      "InternalData":null
    },
    {
      "Name":"1-4BIT",
      "ID":527446106,
      "Label":"",
      "Position":{
        "x":10.9475,
        "y":1.5
      },
      "OutputPinColourInfo":[{"PinColour":0,"PinID":4}],
      "InternalData":null
    }
  ],
  "Wires":[
    {
      "SourcePinAddress":{
        "PinID":0,
        "PinOwnerID":904559807
      },
      "TargetPinAddress":{
        "PinID":0,
        "PinOwnerID":1492045395
      },
      "ConnectionType":0,
      "ConnectedWireIndex":-1,
      "ConnectedWireSegmentIndex":-1,
      "Points":[{"x":0.0,"y":0.0},{"x":0.0,"y":0.0}]
    },
    {
      "SourcePinAddress":{
        "PinID":1,
        "PinOwnerID":1492045395
      },
      "TargetPinAddress":{
        "PinID":897348161,
        "PinOwnerID":702191735
      },
      "ConnectionType":0,
      "ConnectedWireIndex":-1,
      "ConnectedWireSegmentIndex":-1,
      "Points":[{"x":0.0,"y":0.0},{"x":0.0,"y":0.0}]
    },
    {
      "SourcePinAddress":{
        "PinID":2,
        "PinOwnerID":1492045395
      },
      "TargetPinAddress":{
        "PinID":897348161,
        "PinOwnerID":583892105
      },
      "ConnectionType":0,
      "ConnectedWireIndex":-1,
      "ConnectedWireSegmentIndex":-1,
      "Points":[{"x":0.0,"y":0.0},{"x":8.75,"y":1.75},{"x":8.75,"y":1.375},{"x":0.0,"y":0.0}]
    },
    {
      "SourcePinAddress":{
        "PinID":4,
        "PinOwnerID":1492045395
      },
      "TargetPinAddress":{
        "PinID":897348161,
        "PinOwnerID":439820818
      },
      "ConnectionType":0,
      "ConnectedWireIndex":-1,
      "ConnectedWireSegmentIndex":-1,
      "Points":[{"x":0.0,"y":0.0},{"x":8.5,"y":1.25},{"x":8.5,"y":0.125},{"x":0.0,"y":0.0}]
    },
    {
      "SourcePinAddress":{
        "PinID":3,
        "PinOwnerID":1492045395
      },
      "TargetPinAddress":{
        "PinID":897348161,
        "PinOwnerID":1994969772
      },
      "ConnectionType":0,
      "ConnectedWireIndex":-1,
      "ConnectedWireSegmentIndex":-1,
      "Points":[{"x":0.0,"y":0.0},{"x":8.625,"y":1.5},{"x":8.625,"y":0.75},{"x":0.0,"y":0.0}]
    },
    {
      "SourcePinAddress":{
        "PinID":0,
        "PinOwnerID":943212059
      },
      "TargetPinAddress":{
        "PinID":543772438,
        "PinOwnerID":439820818
      },
      "ConnectionType":0,
      "ConnectedWireIndex":-1,
      "ConnectedWireSegmentIndex":-1,
      "Points":[{"x":0.0,"y":0.0},{"x":0.0,"y":0.0}]
    },
    {
      "SourcePinAddress":{
        "PinID":0,
        "PinOwnerID":943212059
      },
      "TargetPinAddress":{
        "PinID":543772438,
        "PinOwnerID":702191735
      },
      "ConnectionType":1,
      "ConnectedWireIndex":5,
      "ConnectedWireSegmentIndex":0,
      "Points":[{"x":8.875,"y":-0.125},{"x":8.875,"y":1.75},{"x":0.0,"y":0.0}]
    },
    {
      "SourcePinAddress":{
        "PinID":0,
        "PinOwnerID":943212059
      },
      "TargetPinAddress":{
        "PinID":543772438,
        "PinOwnerID":1994969772
      },
      "ConnectionType":1,
      "ConnectedWireIndex":6,
      "ConnectedWireSegmentIndex":0,
      "Points":[{"x":8.875,"y":0.5},{"x":0.0,"y":0.0}]
    },
    {
      "SourcePinAddress":{
        "PinID":0,
        "PinOwnerID":943212059
      },
      "TargetPinAddress":{
        "PinID":543772438,
        "PinOwnerID":583892105
      },
      "ConnectionType":1,
      "ConnectedWireIndex":6,
      "ConnectedWireSegmentIndex":0,
      "Points":[{"x":8.875,"y":1.125},{"x":0.0,"y":0.0}]
    },
    {
      "SourcePinAddress":{
        "PinID":2083071430,
        "PinOwnerID":702191735
      },
      "TargetPinAddress":{
        "PinID":0,
        "PinOwnerID":527446106
      },
      "ConnectionType":0,
      "ConnectedWireIndex":-1,
      "ConnectedWireSegmentIndex":-1,
      "Points":[{"x":0.0,"y":0.0},{"x":0.0,"y":0.0}]
    },
    {
      "SourcePinAddress":{
        "PinID":2083071430,
        "PinOwnerID":583892105
      },
      "TargetPinAddress":{
        "PinID":1,
        "PinOwnerID":527446106
      },
      "ConnectionType":0,
      "ConnectedWireIndex":-1,
      "ConnectedWireSegmentIndex":-1,
      "Points":[{"x":0.0,"y":0.0},{"x":9.875,"y":1.25},{"x":9.875,"y":1.625},{"x":0.0,"y":0.0}]
    },
    {
      "SourcePinAddress":{
        "PinID":2083071430,
        "PinOwnerID":1994969772
      },
      "TargetPinAddress":{
        "PinID":2,
        "PinOwnerID":527446106
      },
      "ConnectionType":0,
      "ConnectedWireIndex":-1,
      "ConnectedWireSegmentIndex":-1,
      "Points":[{"x":0.0,"y":0.0},{"x":10.0,"y":0.625},{"x":10.0,"y":1.375},{"x":0.0,"y":0.0}]
    },
    {
      "SourcePinAddress":{
        "PinID":2083071430,
        "PinOwnerID":439820818
      },
      "TargetPinAddress":{
        "PinID":3,
        "PinOwnerID":527446106
      },
      "ConnectionType":0,
      "ConnectedWireIndex":-1,
      "ConnectedWireSegmentIndex":-1,
      "Points":[{"x":0.0,"y":0.0},{"x":10.125,"y":0.0},{"x":10.125,"y":1.125},{"x":0.0,"y":0.0}]
    },
    {
      "SourcePinAddress":{
        "PinID":4,
        "PinOwnerID":527446106
      },
      "TargetPinAddress":{
        "PinID":0,
        "PinOwnerID":338143613
      },
      "ConnectionType":0,
      "ConnectedWireIndex":-1,
      "ConnectedWireSegmentIndex":-1,
      "Points":[{"x":0.0,"y":0.0},{"x":0.0,"y":0.0}]
    }
  ]
}