{
  "ChipType": 0,
  "Colour": {
    "r": 0.2393223,
    "g": 0.8358979,
    "b": 0.7223689,
    "a": 1
  },
  "Displays": null,
  "InputPins":[
    {
      "Name":"IN",
      "ID":2008853168,
      "Position":{
        "x":9.875,
        "y":3.0
      },
      "BitCount":4,
      "Colour":0,
      "ValueDisplayMode":0
    },
    {
      "Name":"IN",
      "ID":2098646463,
      "Position":{
        "x":9.875,
        "y":-0.375
      },
      "BitCount":4,
      "Colour":0,
      "ValueDisplayMode":0
    }
  ],
  "Name": "4BIT x2 OR",
  "NameLocation": 0,
  "OutputPins":[
    {
      "Name":"OUT",
      "ID":1530795554,
      "Position":{
        "x":17.25,
        "y":1.3125
      },
      "BitCount":4,
      "Colour":0,
      "ValueDisplayMode":0
    }
  ],
  "Size": {
    "x": 1.025,
    "y": 0.75
  },
  "SubChips":[
    {
      "Name":"4-1BIT",
      "ID":1415368904,
      "Label":"",
      "Position":{
        "x":12.3225,
        "y":3.0
      },
      "OutputPinColourInfo":[{"PinColour":0,"PinID":1},{"PinColour":0,"PinID":2},{"PinColour":0,"PinID":3},{"PinColour":0,"PinID":4}],
      "InternalData":null
    },
    {
      "Name":"4-1BIT",
      "ID":1339852897,
      "Label":"",
      "Position":{
        "x":12.3225,
        "y":-0.375
      },
      "OutputPinColourInfo":[{"PinColour":0,"PinID":1},{"PinColour":0,"PinID":2},{"PinColour":0,"PinID":3},{"PinColour":0,"PinID":4}],
      "InternalData":null
    },
    {
      "Name":"OR",
      "ID":876953634,
      "Label":"",
      "Position":{
        "x":13.9725,
        "y":2.25
      },
      "OutputPinColourInfo":[{"PinColour":0,"PinID":716179921}],
      "InternalData":null
    },
    {
      "Name":"OR",
      "ID":1819373969,
      "Label":"",
      "Position":{
        "x":13.9725,
        "y":1.625
      },
      "OutputPinColourInfo":[{"PinColour":0,"PinID":716179921}],
      "InternalData":null
    },
    {
      "Name":"OR",
      "ID":1937491810,
      "Label":"",
      "Position":{
        "x":13.9725,
        "y":1.0
      },
      "OutputPinColourInfo":[{"PinColour":0,"PinID":716179921}],
      "InternalData":null
    },
    {
      "Name":"OR",
      "ID":1747462930,
      "Label":"",
      "Position":{
        "x":13.9725,
        "y":0.375
      },
      "OutputPinColourInfo":[{"PinColour":0,"PinID":716179921}],
      "InternalData":null
    },
    {
      "Name":"1-4BIT",
      "ID":318942631,
      "Label":"",
      "Position":{
        "x":15.1975,
        "y":1.3125
      },
      "OutputPinColourInfo":[{"PinColour":0,"PinID":4}],
      "InternalData":null
    }
  ],
  "Wires":[
    {
      "SourcePinAddress":{
        "PinID":0,
        "PinOwnerID":2098646463
      },
      "TargetPinAddress":{
        "PinID":0,
        "PinOwnerID":1339852897
      },
      "ConnectionType":0,
      "ConnectedWireIndex":-1,
      "ConnectedWireSegmentIndex":-1,
      "Points":[{"x":0.0,"y":0.0},{"x":0.0,"y":0.0}]
    },
    {
      "SourcePinAddress":{
        "PinID":0,
        "PinOwnerID":2008853168
      },
      "TargetPinAddress":{
        "PinID":0,
        "PinOwnerID":1415368904
      },
      "ConnectionType":0,
      "ConnectedWireIndex":-1,
      "ConnectedWireSegmentIndex":-1,
      "Points":[{"x":0.0,"y":0.0},{"x":0.0,"y":0.0}]
    },
    {
      "SourcePinAddress":{
        "PinID":4,
        "PinOwnerID":1339852897
      },
      "TargetPinAddress":{
        "PinID":916803389,
        "PinOwnerID":1747462930
      },
      "ConnectionType":0,
      "ConnectedWireIndex":-1,
      "ConnectedWireSegmentIndex":-1,
      "Points":[{"x":0.0,"y":0.0},{"x":13.5,"y":-0.75},{"x":13.5,"y":0.25},{"x":0.0,"y":0.0}]
    },
    {
      "SourcePinAddress":{
        "PinID":3,
        "PinOwnerID":1339852897
      },
      "TargetPinAddress":{
        "PinID":916803389,
        "PinOwnerID":1937491810
      },
      "ConnectionType":0,
      "ConnectedWireIndex":-1,
      "ConnectedWireSegmentIndex":-1,
      "Points":[{"x":0.0,"y":0.0},{"x":13.375,"y":-0.5},{"x":13.375,"y":0.875},{"x":0.0,"y":0.0}]
    },
    {
      "SourcePinAddress":{
        "PinID":2,
        "PinOwnerID":1339852897
      },
      "TargetPinAddress":{
        "PinID":916803389,
        "PinOwnerID":1819373969
      },
      "ConnectionType":0,
      "ConnectedWireIndex":-1,
      "ConnectedWireSegmentIndex":-1,
      "Points":[{"x":0.0,"y":0.0},{"x":13.25,"y":-0.25},{"x":13.25,"y":1.5},{"x":0.0,"y":0.0}]
    },
    {
      "SourcePinAddress":{
        "PinID":1,
        "PinOwnerID":1339852897
      },
      "TargetPinAddress":{
        "PinID":916803389,
        "PinOwnerID":876953634
      },
      "ConnectionType":0,
      "ConnectedWireIndex":-1,
      "ConnectedWireSegmentIndex":-1,
      "Points":[{"x":0.0,"y":0.0},{"x":13.125,"y":0.0},{"x":13.125,"y":2.125},{"x":0.0,"y":0.0}]
    },
    {
      "SourcePinAddress":{
        "PinID":1,
        "PinOwnerID":1415368904
      },
      "TargetPinAddress":{
        "PinID":1552709902,
        "PinOwnerID":876953634
      },
      "ConnectionType":0,
      "ConnectedWireIndex":-1,
      "ConnectedWireSegmentIndex":-1,
      "Points":[{"x":0.0,"y":0.0},{"x":13.125,"y":3.375},{"x":13.125,"y":2.375},{"x":0.0,"y":0.0}]
    },
    {
      "SourcePinAddress":{
        "PinID":2,
        "PinOwnerID":1415368904
      },
      "TargetPinAddress":{
        "PinID":1552709902,
        "PinOwnerID":1819373969
      },
      "ConnectionType":0,
      "ConnectedWireIndex":-1,
      "ConnectedWireSegmentIndex":-1,
      "Points":[{"x":0.0,"y":0.0},{"x":13.25,"y":3.125},{"x":13.25,"y":1.75},{"x":0.0,"y":0.0}]
    },
    {
      "SourcePinAddress":{
        "PinID":3,
        "PinOwnerID":1415368904
      },
      "TargetPinAddress":{
        "PinID":1552709902,
        "PinOwnerID":1937491810
      },
      "ConnectionType":0,
      "ConnectedWireIndex":-1,
      "ConnectedWireSegmentIndex":-1,
      "Points":[{"x":0.0,"y":0.0},{"x":13.375,"y":2.875},{"x":13.375,"y":1.125},{"x":0.0,"y":0.0}]
    },
    {
      "SourcePinAddress":{
        "PinID":4,
        "PinOwnerID":1415368904
      },
      "TargetPinAddress":{
        "PinID":1552709902,
        "PinOwnerID":1747462930
      },
      "ConnectionType":0,
      "ConnectedWireIndex":-1,
      "ConnectedWireSegmentIndex":-1,
      "Points":[{"x":0.0,"y":0.0},{"x":13.5,"y":2.625},{"x":13.5,"y":0.5},{"x":0.0,"y":0.0}]
    },
    {
      "SourcePinAddress":{
        "PinID":716179921,
        "PinOwnerID":1937491810
      },
      "TargetPinAddress":{
        "PinID":2,
        "PinOwnerID":318942631
      },
      "ConnectionType":0,
      "ConnectedWireIndex":-1,
      "ConnectedWireSegmentIndex":-1,
      "Points":[{"x":0.0,"y":0.0},{"x":14.375,"y":1.0},{"x":14.375,"y":1.1875},{"x":0.0,"y":0.0}]
    },
    {
      "SourcePinAddress":{
        "PinID":716179921,
        "PinOwnerID":1819373969
      },
      "TargetPinAddress":{
        "PinID":1,
        "PinOwnerID":318942631
      },
      "ConnectionType":0,
      "ConnectedWireIndex":-1,
      "ConnectedWireSegmentIndex":-1,
      "Points":[{"x":0.0,"y":0.0},{"x":14.375,"y":1.625},{"x":14.375,"y":1.4375},{"x":0.0,"y":0.0}]
    },
    {
      "SourcePinAddress":{
        "PinID":716179921,
        "PinOwnerID":876953634
      },
      "TargetPinAddress":{
        "PinID":0,
        "PinOwnerID":318942631
      },
      "ConnectionType":0,
      "ConnectedWireIndex":-1,
      "ConnectedWireSegmentIndex":-1,
      "Points":[{"x":0.0,"y":0.0},{"x":14.375,"y":2.25},{"x":14.375,"y":1.6875},{"x":0.0,"y":0.0}]
    },
    {
      "SourcePinAddress":{
        "PinID":716179921,
        "PinOwnerID":1747462930
      },
      "TargetPinAddress":{
        "PinID":3,
        "PinOwnerID":318942631
      },
      "ConnectionType":0,
      "ConnectedWireIndex":-1,
      "ConnectedWireSegmentIndex":-1,
      "Points":[{"x":0.0,"y":0.0},{"x":14.375,"y":0.375},{"x":14.375,"y":0.9375},{"x":0.0,"y":0.0}]
    },
    {
      "SourcePinAddress":{
        "PinID":4,
        "PinOwnerID":318942631
      },
      "TargetPinAddress":{
        "PinID":0,
        "PinOwnerID":1530795554
      },
      "ConnectionType":0,
      "ConnectedWireIndex":-1,
      "ConnectedWireSegmentIndex":-1,
      "Points":[{"x":0.0,"y":0.0},{"x":0.0,"y":0.0}]
    }
  ]
}