{
  "Name": "4BLK",
  "NameLocation": 0,
  "ChipType": 0,
  "Size": {
    "x": 1.025,
    "y": 0.375
  },
  "Colour": {
    "r": 0.3209264,
    "g": 0.5419406,
    "b": 0.147151828,
    "a": 1
  },
  "InputPins":[
    {
      "Name":"IN",
      "ID":1679679891,
      "Position":{
        "x":-14.75,
        "y":-4.125
      },
      "BitCount":4,
      "Colour":0,
      "ValueDisplayMode":0
    }
  ],
  "OutputPins":[
    {
      "Name":"OUT",
      "ID":824971290,
      "Position":{
        "x":-12.0,
        "y":-4.125
      },
      "BitCount":4,
      "Colour":0,
      "ValueDisplayMode":0
    }
  ],
  "SubChips":[],
  "Wires":[
    {
      "SourcePinAddress":{
        "PinID":0,
        "PinOwnerID":1679679891
      },
      "TargetPinAddress":{
        "PinID":0,
        "PinOwnerID":824971290
      },
      "ConnectionType":0,
      "ConnectedWireIndex":-1,
      "ConnectedWireSegmentIndex":-1,
      "Points":[{"x":0.0,"y":0.0},{"x":0.0,"y":0.0}]
    }
  ],
  "Displays":[]
}