{
  "ChipType": 0,
  "Colour": {
    "r": 0.5774359,
    "g": 0.688189447,
    "b": 0.1769255,
    "a": 1
  },
  "Displays":[
    {
      "SubChipID":1986908252,
      "Position":{
        "x":0.00324,
        "y":-0.27433
      },
      "Scale":1.0
    }
  ],
  "InputPins":[
    {
      "Name":"IN",
      "ID":574561240,
      "Position":{
        "x":-0.375,
        "y":-5.125
      },
      "BitCount":4,
      "Colour":0,
      "ValueDisplayMode":0
    },
    {
      "Name":"COL",
      "ID":1810464245,
      "Position":{
        "x":-0.375,
        "y":-5.625
      },
      "BitCount":1,
      "Colour":0,
      "ValueDisplayMode":0
    },
    {
      "Name":"RIPPLE BLANKING",
      "ID":1853365575,
      "Position":{
        "x":-0.375,
        "y":-7.5
      },
      "BitCount":1,
      "Colour":0,
      "ValueDisplayMode":0
    }
  ],
  "Name": "7 SEG 4 BIT",
  "NameLocation": 1,
  "OutputPins":[
    {
      "Name":"RIPPLE BLANKING",
      "ID":758702292,
      "Position":{
        "x":8.875,
        "y":-7.5
      },
      "BitCount":1,
      "Colour":0,
      "ValueDisplayMode":0
    }
  ],
  "Size": {
    "x": 1.2,
    "y": 2.625
  },
  "SubChips":[
    {
      "Name":"7 SEG DRIVER",
      "ID":71361578,
      "Label":"",
      "Position":{
        "x":3.7975,
        "y":-5.25
      },
      "OutputPinColourInfo":[{"PinColour":0,"PinID":182607288},{"PinColour":0,"PinID":1059209508},{"PinColour":0,"PinID":1215264251},{"PinColour":0,"PinID":2010579085},{"PinColour":0,"PinID":1555337158},{"PinColour":0,"PinID":1196900623},{"PinColour":0,"PinID":1503307238},{"PinColour":0,"PinID":1413984151}],
      "InternalData":null
    },
    {
      "Name":"4-1BIT",
      "ID":1962638934,
      "Label":"",
      "Position":{
        "x":1.6975,
        "y":-4.75
      },
      "OutputPinColourInfo":[{"PinColour":0,"PinID":1},{"PinColour":0,"PinID":2},{"PinColour":0,"PinID":3},{"PinColour":0,"PinID":4}],
      "InternalData":null
    },
    {
      "Name":"7-SEGMENT",
      "ID":1986908252,
      "Label":"",
      "Position":{
        "x":8.01,
        "y":-5.25
      },
      "OutputPinColourInfo":[],
      "InternalData":null
    },
    {
      "Name":"4BIT OR",
      "ID":1887840675,
      "Label":"",
      "Position":{
        "x":1.6475,
        "y":-6.875
      },
      "OutputPinColourInfo":[{"PinColour":0,"PinID":72886740}],
      "InternalData":null
    },
    {
      "Name":"NOT",
      "ID":1797460382,
      "Label":"",
      "Position":{
        "x":2.7975,
        "y":-6.875
      },
      "OutputPinColourInfo":[{"PinColour":0,"PinID":1732242051}],
      "InternalData":null
    },
    {
      "Name":"NAND",
      "ID":1158042903,
      "Label":"",
      "Position":{
        "x":4.0,
        "y":-7.375
      },
      "OutputPinColourInfo":[{"PinColour":0,"PinID":2}],
      "InternalData":null
    },
    {
      "Name":"7 SEG ENABLE AND",
      "ID":588294191,
      "Label":"",
      "Position":{
        "x":5.61,
        "y":-5.375
      },
      "OutputPinColourInfo":[{"PinColour":0,"PinID":1190995980},{"PinColour":0,"PinID":1136672233},{"PinColour":0,"PinID":94205598},{"PinColour":0,"PinID":1280963784},{"PinColour":0,"PinID":834204212},{"PinColour":0,"PinID":421384843},{"PinColour":0,"PinID":385655042},{"PinColour":0,"PinID":828865349}],
      "InternalData":null
    },
    {
      "Name":"NOT",
      "ID":2055782246,
      "Label":"",
      "Position":{
        "x":5.1725,
        "y":-7.375
      },
      "OutputPinColourInfo":[{"PinColour":0,"PinID":1732242051}],
      "InternalData":null
    }
  ],
  "Wires":[
    {
      "SourcePinAddress":{
        "PinID":0,
        "PinOwnerID":574561240
      },
      "TargetPinAddress":{
        "PinID":0,
        "PinOwnerID":1962638934
      },
      "ConnectionType":0,
      "ConnectedWireIndex":-1,
      "ConnectedWireSegmentIndex":-1,
      "Points":[{"x":0.0,"y":0.0},{"x":0.75,"y":-5.125},{"x":0.75,"y":-4.75},{"x":0.0,"y":0.0}]
    },
    {
      "SourcePinAddress":{
        "PinID":1,
        "PinOwnerID":1962638934
      },
      "TargetPinAddress":{
        "PinID":993670272,
        "PinOwnerID":71361578
      },
      "ConnectionType":0,
      "ConnectedWireIndex":-1,
      "ConnectedWireSegmentIndex":-1,
      "Points":[{"x":0.0,"y":0.0},{"x":0.0,"y":0.0}]
    },
    {
      "SourcePinAddress":{
        "PinID":2,
        "PinOwnerID":1962638934
      },
      "TargetPinAddress":{
        "PinID":988131325,
        "PinOwnerID":71361578
      },
      "ConnectionType":0,
      "ConnectedWireIndex":-1,
      "ConnectedWireSegmentIndex":-1,
      "Points":[{"x":0.0,"y":0.0},{"x":2.875,"y":-4.625},{"x":2.875,"y":-4.8125},{"x":0.0,"y":0.0}]
    },
    {
      "SourcePinAddress":{
        "PinID":3,
        "PinOwnerID":1962638934
      },
      "TargetPinAddress":{
        "PinID":935174421,
        "PinOwnerID":71361578
      },
      "ConnectionType":0,
      "ConnectedWireIndex":-1,
      "ConnectedWireSegmentIndex":-1,
      "Points":[{"x":0.0,"y":0.0},{"x":2.625,"y":-4.875},{"x":2.625,"y":-5.25},{"x":0.0,"y":0.0}]
    },
    {
      "SourcePinAddress":{
        "PinID":4,
        "PinOwnerID":1962638934
      },
      "TargetPinAddress":{
        "PinID":1919091770,
        "PinOwnerID":71361578
      },
      "ConnectionType":0,
      "ConnectedWireIndex":-1,
      "ConnectedWireSegmentIndex":-1,
      "Points":[{"x":0.0,"y":0.0},{"x":2.375,"y":-5.125},{"x":2.375,"y":-5.6875},{"x":0.0,"y":0.0}]
    },
    {
      "SourcePinAddress":{
        "PinID":0,
        "PinOwnerID":1810464245
      },
      "TargetPinAddress":{
        "PinID":546442461,
        "PinOwnerID":71361578
      },
      "ConnectionType":0,
      "ConnectedWireIndex":-1,
      "ConnectedWireSegmentIndex":-1,
      "Points":[{"x":0.0,"y":0.0},{"x":2.125,"y":-5.625},{"x":2.125,"y":-6.125},{"x":0.0,"y":0.0}]
    },
    {
      "SourcePinAddress":{
        "PinID":0,
        "PinOwnerID":574561240
      },
      "TargetPinAddress":{
        "PinID":1440621589,
        "PinOwnerID":1887840675
      },
      "ConnectionType":1,
      "ConnectedWireIndex":0,
      "ConnectedWireSegmentIndex":1,
      "Points":[{"x":0.75,"y":-5.0625},{"x":0.75,"y":-6.875},{"x":0.0,"y":0.0}]
    },
    {
      "SourcePinAddress":{
        "PinID":72886740,
        "PinOwnerID":1887840675
      },
      "TargetPinAddress":{
        "PinID":1772587332,
        "PinOwnerID":1797460382
      },
      "ConnectionType":0,
      "ConnectedWireIndex":-1,
      "ConnectedWireSegmentIndex":-1,
      "Points":[{"x":0.0,"y":0.0},{"x":0.0,"y":0.0}]
    },
    {
      "SourcePinAddress":{
        "PinID":0,
        "PinOwnerID":1853365575
      },
      "TargetPinAddress":{
        "PinID":1,
        "PinOwnerID":1158042903
      },
      "ConnectionType":0,
      "ConnectedWireIndex":-1,
      "ConnectedWireSegmentIndex":-1,
      "Points":[{"x":0.0,"y":0.0},{"x":0.0,"y":0.0}]
    },
    {
      "SourcePinAddress":{
        "PinID":1732242051,
        "PinOwnerID":1797460382
      },
      "TargetPinAddress":{
        "PinID":0,
        "PinOwnerID":1158042903
      },
      "ConnectionType":0,
      "ConnectedWireIndex":-1,
      "ConnectedWireSegmentIndex":-1,
      "Points":[{"x":0.0,"y":0.0},{"x":3.3125,"y":-6.875},{"x":3.3125,"y":-7.25},{"x":0.0,"y":0.0}]
    },
    {
      "SourcePinAddress":{
        "PinID":182607288,
        "PinOwnerID":71361578
      },
      "TargetPinAddress":{
        "PinID":1039637918,
        "PinOwnerID":588294191
      },
      "ConnectionType":0,
      "ConnectedWireIndex":-1,
      "ConnectedWireSegmentIndex":-1,
      "Points":[{"x":0.0,"y":0.0},{"x":0.0,"y":0.0}]
    },
    {
      "SourcePinAddress":{
        "PinID":1059209508,
        "PinOwnerID":71361578
      },
      "TargetPinAddress":{
        "PinID":554195237,
        "PinOwnerID":588294191
      },
      "ConnectionType":0,
      "ConnectedWireIndex":-1,
      "ConnectedWireSegmentIndex":-1,
      "Points":[{"x":0.0,"y":0.0},{"x":0.0,"y":0.0}]
    },
    {
      "SourcePinAddress":{
        "PinID":1215264251,
        "PinOwnerID":71361578
      },
      "TargetPinAddress":{
        "PinID":653550683,
        "PinOwnerID":588294191
      },
      "ConnectionType":0,
      "ConnectedWireIndex":-1,
      "ConnectedWireSegmentIndex":-1,
      "Points":[{"x":0.0,"y":0.0},{"x":0.0,"y":0.0}]
    },
    {
      "SourcePinAddress":{
        "PinID":2010579085,
        "PinOwnerID":71361578
      },
      "TargetPinAddress":{
        "PinID":1372627052,
        "PinOwnerID":588294191
      },
      "ConnectionType":0,
      "ConnectedWireIndex":-1,
      "ConnectedWireSegmentIndex":-1,
      "Points":[{"x":0.0,"y":0.0},{"x":0.0,"y":0.0}]
    },
    {
      "SourcePinAddress":{
        "PinID":1555337158,
        "PinOwnerID":71361578
      },
      "TargetPinAddress":{
        "PinID":1198876068,
        "PinOwnerID":588294191
      },
      "ConnectionType":0,
      "ConnectedWireIndex":-1,
      "ConnectedWireSegmentIndex":-1,
      "Points":[{"x":0.0,"y":0.0},{"x":0.0,"y":0.0}]
    },
    {
      "SourcePinAddress":{
        "PinID":1196900623,
        "PinOwnerID":71361578
      },
      "TargetPinAddress":{
        "PinID":885267300,
        "PinOwnerID":588294191
      },
      "ConnectionType":0,
      "ConnectedWireIndex":-1,
      "ConnectedWireSegmentIndex":-1,
      "Points":[{"x":0.0,"y":0.0},{"x":0.0,"y":0.0}]
    },
    {
      "SourcePinAddress":{
        "PinID":1503307238,
        "PinOwnerID":71361578
      },
      "TargetPinAddress":{
        "PinID":1201592193,
        "PinOwnerID":588294191
      },
      "ConnectionType":0,
      "ConnectedWireIndex":-1,
      "ConnectedWireSegmentIndex":-1,
      "Points":[{"x":0.0,"y":0.0},{"x":0.0,"y":0.0}]
    },
    {
      "SourcePinAddress":{
        "PinID":1413984151,
        "PinOwnerID":71361578
      },
      "TargetPinAddress":{
        "PinID":1157565232,
        "PinOwnerID":588294191
      },
      "ConnectionType":0,
      "ConnectedWireIndex":-1,
      "ConnectedWireSegmentIndex":-1,
      "Points":[{"x":0.0,"y":0.0},{"x":0.0,"y":0.0}]
    },
    {
      "SourcePinAddress":{
        "PinID":2,
        "PinOwnerID":1158042903
      },
      "TargetPinAddress":{
        "PinID":986651938,
        "PinOwnerID":588294191
      },
      "ConnectionType":0,
      "ConnectedWireIndex":-1,
      "ConnectedWireSegmentIndex":-1,
      "Points":[{"x":0.0,"y":0.0},{"x":4.625,"y":-7.375},{"x":4.625,"y":-6.375},{"x":0.0,"y":0.0}]
    },
    {
      "SourcePinAddress":{
        "PinID":1190995980,
        "PinOwnerID":588294191
      },
      "TargetPinAddress":{
        "PinID":0,
        "PinOwnerID":1986908252
      },
      "ConnectionType":0,
      "ConnectedWireIndex":-1,
      "ConnectedWireSegmentIndex":-1,
      "Points":[{"x":0.0,"y":0.0},{"x":0.0,"y":0.0}]
    },
    {
      "SourcePinAddress":{
        "PinID":1136672233,
        "PinOwnerID":588294191
      },
      "TargetPinAddress":{
        "PinID":1,
        "PinOwnerID":1986908252
      },
      "ConnectionType":0,
      "ConnectedWireIndex":-1,
      "ConnectedWireSegmentIndex":-1,
      "Points":[{"x":0.0,"y":0.0},{"x":0.0,"y":0.0}]
    },
    {
      "SourcePinAddress":{
        "PinID":94205598,
        "PinOwnerID":588294191
      },
      "TargetPinAddress":{
        "PinID":2,
        "PinOwnerID":1986908252
      },
      "ConnectionType":0,
      "ConnectedWireIndex":-1,
      "ConnectedWireSegmentIndex":-1,
      "Points":[{"x":0.0,"y":0.0},{"x":0.0,"y":0.0}]
    },
    {
      "SourcePinAddress":{
        "PinID":1280963784,
        "PinOwnerID":588294191
      },
      "TargetPinAddress":{
        "PinID":3,
        "PinOwnerID":1986908252
      },
      "ConnectionType":0,
      "ConnectedWireIndex":-1,
      "ConnectedWireSegmentIndex":-1,
      "Points":[{"x":0.0,"y":0.0},{"x":0.0,"y":0.0}]
    },
    {
      "SourcePinAddress":{
        "PinID":834204212,
        "PinOwnerID":588294191
      },
      "TargetPinAddress":{
        "PinID":4,
        "PinOwnerID":1986908252
      },
      "ConnectionType":0,
      "ConnectedWireIndex":-1,
      "ConnectedWireSegmentIndex":-1,
      "Points":[{"x":0.0,"y":0.0},{"x":0.0,"y":0.0}]
    },
    {
      "SourcePinAddress":{
        "PinID":421384843,
        "PinOwnerID":588294191
      },
      "TargetPinAddress":{
        "PinID":5,
        "PinOwnerID":1986908252
      },
      "ConnectionType":0,
      "ConnectedWireIndex":-1,
      "ConnectedWireSegmentIndex":-1,
      "Points":[{"x":0.0,"y":0.0},{"x":0.0,"y":0.0}]
    },
    {
      "SourcePinAddress":{
        "PinID":385655042,
        "PinOwnerID":588294191
      },
      "TargetPinAddress":{
        "PinID":6,
        "PinOwnerID":1986908252
      },
      "ConnectionType":0,
      "ConnectedWireIndex":-1,
      "ConnectedWireSegmentIndex":-1,
      "Points":[{"x":0.0,"y":0.0},{"x":0.0,"y":0.0}]
    },
    {
      "SourcePinAddress":{
        "PinID":828865349,
        "PinOwnerID":588294191
      },
      "TargetPinAddress":{
        "PinID":7,
        "PinOwnerID":1986908252
      },
      "ConnectionType":0,
      "ConnectedWireIndex":-1,
      "ConnectedWireSegmentIndex":-1,
      "Points":[{"x":0.0,"y":0.0},{"x":0.0,"y":0.0}]
    },
    {
      "SourcePinAddress":{
        "PinID":2,
        "PinOwnerID":1158042903
      },
      "TargetPinAddress":{
        "PinID":1772587332,
        "PinOwnerID":2055782246
      },
      "ConnectionType":1,
      "ConnectedWireIndex":18,
      "ConnectedWireSegmentIndex":0,
      "Points":[{"x":4.625,"y":-7.375},{"x":0.0,"y":0.0}]
    },
    {
      "SourcePinAddress":{
        "PinID":1732242051,
        "PinOwnerID":2055782246
      },
      "TargetPinAddress":{
        "PinID":0,
        "PinOwnerID":758702292
      },
      "ConnectionType":0,
      "ConnectedWireIndex":-1,
      "ConnectedWireSegmentIndex":-1,
      "Points":[{"x":0.0,"y":0.0},{"x":5.75,"y":-7.375},{"x":5.75,"y":-7.5},{"x":0.0,"y":0.0}]
    }
  ]
}