{
  "ChipType": 0,
  "Colour": {
    "r": 0.529705,
    "g": 0.160858646,
    "b": 0.5470175,
    "a": 1
  },
  "Displays": null,
  "InputPins":[
    {
      "Name":"IN",
      "ID":993670272,
      "Position":{
        "x":-8.125,
        "y":-3.625
      },
      "BitCount":1,
      "Colour":0,
      "ValueDisplayMode":0
    },
    {
      "Name":"IN",
      "ID":988131325,
      "Position":{
        "x":-8.125,
        "y":-4.125
      },
      "BitCount":1,
      "Colour":0,
      "ValueDisplayMode":0
    },
    {
      "Name":"IN",
      "ID":935174421,
      "Position":{
        "x":-8.125,
        "y":-4.625
      },
      "BitCount":1,
      "Colour":0,
      "ValueDisplayMode":0
    },
    {
      "Name":"IN",
      "ID":1919091770,
      "Position":{
        "x":-8.125,
        "y":-5.125
      },
      "BitCount":1,
      "Colour":0,
      "ValueDisplayMode":0
    },
    {
      "Name":"COL",
      "ID":546442461,
      "Position":{
        "x":-8.125,
        "y":-6.75
      },
      "BitCount":1,
      "Colour":0,
      "ValueDisplayMode":0
    }
  ],
  "Name": "7 SEG DRIVER",
  "NameLocation": 0,
  "OutputPins":[
    {
      "Name":"OUT",
      "ID":182607288,
      "Position":{
        "x":3.875,
        "y":-1.875
      },
      "BitCount":1,
      "Colour":0,
      "ValueDisplayMode":0
    },
    {
      "Name":"OUT",
      "ID":1059209508,
      "Position":{
        "x":3.875,
        "y":-2.5
      },
      "BitCount":1,
      "Colour":0,
      "ValueDisplayMode":0
    },
    {
      "Name":"OUT",
      "ID":1215264251,
      "Position":{
        "x":3.875,
        "y":-3.125
      },
      "BitCount":1,
      "Colour":0,
      "ValueDisplayMode":0
    },
    {
      "Name":"OUT",
      "ID":2010579085,
      "Position":{
        "x":3.875,
        "y":-3.875
      },
      "BitCount":1,
      "Colour":0,
      "ValueDisplayMode":0
    },
    {
      "Name":"OUT",
      "ID":1555337158,
      "Position":{
        "x":3.875,
        "y":-4.5
      },
      "BitCount":1,
      "Colour":0,
      "ValueDisplayMode":0
    },
    {
      "Name":"OUT",
      "ID":1196900623,
      "Position":{
        "x":3.875,
        "y":-5.25
      },
      "BitCount":1,
      "Colour":0,
      "ValueDisplayMode":0
    },
    {
      "Name":"OUT",
      "ID":1503307238,
      "Position":{
        "x":3.875,
        "y":-5.875
      },
      "BitCount":1,
      "Colour":0,
      "ValueDisplayMode":0
    },
    {
      "Name":"COL",
      "ID":1413984151,
      "Position":{
        "x":3.875,
        "y":-6.75
      },
      "BitCount":1,
      "Colour":0,
      "ValueDisplayMode":0
    }
  ],
  "Size": {
    "x": 1.325,
    "y": 2.0
  },
  "SubChips":[
    {
      "Name":"XOR",
      "ID":1391952506,
      "Label":"",
      "Position":{
        "x":-5.8275,
        "y":-3.75
      },
      "OutputPinColourInfo":[{"PinColour":0,"PinID":979300091}],
      "InternalData":null
    },
    {
      "Name":"NOT",
      "ID":1061309322,
      "Label":"",
      "Position":{
        "x":-5.8275,
        "y":-4.625
      },
      "OutputPinColourInfo":[{"PinColour":0,"PinID":1732242051}],
      "InternalData":null
    },
    {
      "Name":"NAND",
      "ID":764784292,
      "Label":"",
      "Position":{
        "x":-4.5,
        "y":-4.5
      },
      "OutputPinColourInfo":[{"PinColour":0,"PinID":2}],
      "InternalData":null
    },
    {
      "Name":"XOR",
      "ID":286921332,
      "Label":"",
      "Position":{
        "x":-2.3275,
        "y":-5.5
      },
      "OutputPinColourInfo":[{"PinColour":0,"PinID":979300091}],
      "InternalData":null
    },
    {
      "Name":"OR",
      "ID":1247185808,
      "Label":"",
      "Position":{
        "x":-2.2775,
        "y":-6.25
      },
      "OutputPinColourInfo":[{"PinColour":0,"PinID":716179921}],
      "InternalData":null
    },
    {
      "Name":"XOR",
      "ID":991808179,
      "Label":"",
      "Position":{
        "x":-2.3275,
        "y":-2.5
      },
      "OutputPinColourInfo":[{"PinColour":0,"PinID":979300091}],
      "InternalData":null
    },
    {
      "Name":"OR",
      "ID":1364229109,
      "Label":"",
      "Position":{
        "x":-0.9025,
        "y":-1.875
      },
      "OutputPinColourInfo":[{"PinColour":0,"PinID":716179921}],
      "InternalData":null
    },
    {
      "Name":"OR",
      "ID":1425303462,
      "Label":"",
      "Position":{
        "x":-0.9025,
        "y":-5.375
      },
      "OutputPinColourInfo":[{"PinColour":0,"PinID":716179921}],
      "InternalData":null
    },
    {
      "Name":"OR",
      "ID":1375787546,
      "Label":"",
      "Position":{
        "x":-0.9025,
        "y":-3.5
      },
      "OutputPinColourInfo":[{"PinColour":0,"PinID":716179921}],
      "InternalData":null
    },
    {
      "Name":"OR",
      "ID":2004369656,
      "Label":"",
      "Position":{
        "x":0.7225,
        "y":-3.125
      },
      "OutputPinColourInfo":[{"PinColour":0,"PinID":716179921}],
      "InternalData":null
    },
    {
      "Name":"AND",
      "ID":585664613,
      "Label":"",
      "Position":{
        "x":0.7975,
        "y":-5.25
      },
      "OutputPinColourInfo":[{"PinColour":0,"PinID":2083071430}],
      "InternalData":null
    },
    {
      "Name":"AND",
      "ID":763126933,
      "Label":"",
      "Position":{
        "x":0.7975,
        "y":-3.875
      },
      "OutputPinColourInfo":[{"PinColour":0,"PinID":2083071430}],
      "InternalData":null
    },
    {
      "Name":"AND",
      "ID":312645365,
      "Label":"",
      "Position":{
        "x":0.7975,
        "y":-4.5
      },
      "OutputPinColourInfo":[{"PinColour":0,"PinID":2083071430}],
      "InternalData":null
    },
    {
      "Name":"AND",
      "ID":713453185,
      "Label":"",
      "Position":{
        "x":0.7975,
        "y":-5.875
      },
      "OutputPinColourInfo":[{"PinColour":0,"PinID":2083071430}],
      "InternalData":null
    },
    {
      "Name":"NAND",
      "ID":1053260836,
      "Label":"",
      "Position":{
        "x":1.0,
        "y":-2.5
      },
      "OutputPinColourInfo":[{"PinColour":0,"PinID":2}],
      "InternalData":null
    }
  ],
  "Wires":[
    {
      "SourcePinAddress":{
        "PinID":0,
        "PinOwnerID":993670272
      },
      "TargetPinAddress":{
        "PinID":46046312,
        "PinOwnerID":1391952506
      },
      "ConnectionType":0,
      "ConnectedWireIndex":-1,
      "ConnectedWireSegmentIndex":-1,
      "Points":[{"x":0.0,"y":0.0},{"x":0.0,"y":0.0}]
    },
    {
      "SourcePinAddress":{
        "PinID":0,
        "PinOwnerID":935174421
      },
      "TargetPinAddress":{
        "PinID":401736906,
        "PinOwnerID":1391952506
      },
      "ConnectionType":0,
      "ConnectedWireIndex":-1,
      "ConnectedWireSegmentIndex":-1,
      "Points":[{"x":0.0,"y":0.0},{"x":-6.625,"y":-4.625},{"x":-6.625,"y":-3.875},{"x":0.0,"y":0.0}]
    },
    {
      "SourcePinAddress":{
        "PinID":0,
        "PinOwnerID":935174421
      },
      "TargetPinAddress":{
        "PinID":1772587332,
        "PinOwnerID":1061309322
      },
      "ConnectionType":1,
      "ConnectedWireIndex":1,
      "ConnectedWireSegmentIndex":0,
      "Points":[{"x":-6.625,"y":-4.625},{"x":0.0,"y":0.0}]
    },
    {
      "SourcePinAddress":{
        "PinID":1732242051,
        "PinOwnerID":1061309322
      },
      "TargetPinAddress":{
        "PinID":1,
        "PinOwnerID":764784292
      },
      "ConnectionType":0,
      "ConnectedWireIndex":-1,
      "ConnectedWireSegmentIndex":-1,
      "Points":[{"x":0.0,"y":0.0},{"x":0.0,"y":0.0}]
    },
    {
      "SourcePinAddress":{
        "PinID":0,
        "PinOwnerID":988131325
      },
      "TargetPinAddress":{
        "PinID":0,
        "PinOwnerID":764784292
      },
      "ConnectionType":0,
      "ConnectedWireIndex":-1,
      "ConnectedWireSegmentIndex":-1,
      "Points":[{"x":0.0,"y":0.0},{"x":-5.25,"y":-4.125},{"x":-5.25,"y":-4.375},{"x":0.0,"y":0.0}]
    },
    {
      "SourcePinAddress":{
        "PinID":0,
        "PinOwnerID":988131325
      },
      "TargetPinAddress":{
        "PinID":46046312,
        "PinOwnerID":286921332
      },
      "ConnectionType":1,
      "ConnectedWireIndex":4,
      "ConnectedWireSegmentIndex":0,
      "Points":[{"x":-5.25,"y":-4.125},{"x":-3.75,"y":-4.125},{"x":-3.75,"y":-5.375},{"x":0.0,"y":0.0}]
    },
    {
      "SourcePinAddress":{
        "PinID":0,
        "PinOwnerID":988131325
      },
      "TargetPinAddress":{
        "PinID":1552709902,
        "PinOwnerID":1247185808
      },
      "ConnectionType":1,
      "ConnectedWireIndex":5,
      "ConnectedWireSegmentIndex":1,
      "Points":[{"x":-3.75,"y":-5.375},{"x":-3.75,"y":-6.125},{"x":0.0,"y":0.0}]
    },
    {
      "SourcePinAddress":{
        "PinID":979300091,
        "PinOwnerID":1391952506
      },
      "TargetPinAddress":{
        "PinID":916803389,
        "PinOwnerID":1247185808
      },
      "ConnectionType":0,
      "ConnectedWireIndex":-1,
      "ConnectedWireSegmentIndex":-1,
      "Points":[{"x":0.0,"y":0.0},{"x":-3.5,"y":-3.75},{"x":-3.5,"y":-6.375},{"x":0.0,"y":0.0}]
    },
    {
      "SourcePinAddress":{
        "PinID":2,
        "PinOwnerID":764784292
      },
      "TargetPinAddress":{
        "PinID":46046312,
        "PinOwnerID":991808179
      },
      "ConnectionType":0,
      "ConnectedWireIndex":-1,
      "ConnectedWireSegmentIndex":-1,
      "Points":[{"x":0.0,"y":0.0},{"x":-3.25,"y":-4.5},{"x":-3.25,"y":-2.375},{"x":0.0,"y":0.0}]
    },
    {
      "SourcePinAddress":{
        "PinID":979300091,
        "PinOwnerID":286921332
      },
      "TargetPinAddress":{
        "PinID":916803389,
        "PinOwnerID":1425303462
      },
      "ConnectionType":0,
      "ConnectedWireIndex":-1,
      "ConnectedWireSegmentIndex":-1,
      "Points":[{"x":0.0,"y":0.0},{"x":0.0,"y":0.0}]
    },
    {
      "SourcePinAddress":{
        "PinID":979300091,
        "PinOwnerID":991808179
      },
      "TargetPinAddress":{
        "PinID":1552709902,
        "PinOwnerID":1425303462
      },
      "ConnectionType":0,
      "ConnectedWireIndex":-1,
      "ConnectedWireSegmentIndex":-1,
      "Points":[{"x":0.0,"y":0.0},{"x":-1.625,"y":-2.5},{"x":-1.625,"y":-5.25},{"x":0.0,"y":0.0}]
    },
    {
      "SourcePinAddress":{
        "PinID":979300091,
        "PinOwnerID":991808179
      },
      "TargetPinAddress":{
        "PinID":916803389,
        "PinOwnerID":1364229109
      },
      "ConnectionType":1,
      "ConnectedWireIndex":10,
      "ConnectedWireSegmentIndex":0,
      "Points":[{"x":-1.625,"y":-2.5},{"x":-1.625,"y":-2.0},{"x":0.0,"y":0.0}]
    },
    {
      "SourcePinAddress":{
        "PinID":1732242051,
        "PinOwnerID":1061309322
      },
      "TargetPinAddress":{
        "PinID":916803389,
        "PinOwnerID":1375787546
      },
      "ConnectionType":1,
      "ConnectedWireIndex":3,
      "ConnectedWireSegmentIndex":0,
      "Points":[{"x":-5.25,"y":-4.625},{"x":-5.25,"y":-4.875},{"x":-1.375,"y":-4.875},{"x":-1.375,"y":-3.625},{"x":0.0,"y":0.0}]
    },
    {
      "SourcePinAddress":{
        "PinID":0,
        "PinOwnerID":988131325
      },
      "TargetPinAddress":{
        "PinID":1552709902,
        "PinOwnerID":1375787546
      },
      "ConnectionType":1,
      "ConnectedWireIndex":5,
      "ConnectedWireSegmentIndex":0,
      "Points":[{"x":-3.75,"y":-4.125},{"x":-3.75,"y":-3.375},{"x":0.0,"y":0.0}]
    },
    {
      "SourcePinAddress":{
        "PinID":979300091,
        "PinOwnerID":1391952506
      },
      "TargetPinAddress":{
        "PinID":1552709902,
        "PinOwnerID":1364229109
      },
      "ConnectionType":1,
      "ConnectedWireIndex":7,
      "ConnectedWireSegmentIndex":0,
      "Points":[{"x":-3.5,"y":-3.75},{"x":-3.5,"y":-1.75},{"x":0.0,"y":0.0}]
    },
    {
      "SourcePinAddress":{
        "PinID":0,
        "PinOwnerID":1919091770
      },
      "TargetPinAddress":{
        "PinID":401736906,
        "PinOwnerID":991808179
      },
      "ConnectionType":0,
      "ConnectedWireIndex":-1,
      "ConnectedWireSegmentIndex":-1,
      "Points":[{"x":0.0,"y":0.0},{"x":-3.0,"y":-5.125},{"x":-3.0,"y":-2.625},{"x":0.0,"y":0.0}]
    },
    {
      "SourcePinAddress":{
        "PinID":716179921,
        "PinOwnerID":1425303462
      },
      "TargetPinAddress":{
        "PinID":543772438,
        "PinOwnerID":585664613
      },
      "ConnectionType":0,
      "ConnectedWireIndex":-1,
      "ConnectedWireSegmentIndex":-1,
      "Points":[{"x":0.0,"y":0.0},{"x":0.0,"y":0.0}]
    },
    {
      "SourcePinAddress":{
        "PinID":716179921,
        "PinOwnerID":1375787546
      },
      "TargetPinAddress":{
        "PinID":897348161,
        "PinOwnerID":585664613
      },
      "ConnectionType":0,
      "ConnectedWireIndex":-1,
      "ConnectedWireSegmentIndex":-1,
      "Points":[{"x":0.0,"y":0.0},{"x":0.0,"y":-3.5},{"x":0.0,"y":-3.75},{"x":0.0,"y":-5.125},{"x":0.0,"y":0.0}]
    },
    {
      "SourcePinAddress":{
        "PinID":716179921,
        "PinOwnerID":1375787546
      },
      "TargetPinAddress":{
        "PinID":916803389,
        "PinOwnerID":2004369656
      },
      "ConnectionType":1,
      "ConnectedWireIndex":17,
      "ConnectedWireSegmentIndex":0,
      "Points":[{"x":0.0,"y":-3.5},{"x":0.0,"y":-3.25},{"x":0.0,"y":0.0}]
    },
    {
      "SourcePinAddress":{
        "PinID":0,
        "PinOwnerID":1919091770
      },
      "TargetPinAddress":{
        "PinID":1552709902,
        "PinOwnerID":2004369656
      },
      "ConnectionType":1,
      "ConnectedWireIndex":15,
      "ConnectedWireSegmentIndex":1,
      "Points":[{"x":-3.0,"y":-3.0},{"x":0.0,"y":0.0}]
    },
    {
      "SourcePinAddress":{
        "PinID":716179921,
        "PinOwnerID":1364229109
      },
      "TargetPinAddress":{
        "PinID":897348161,
        "PinOwnerID":763126933
      },
      "ConnectionType":0,
      "ConnectedWireIndex":-1,
      "ConnectedWireSegmentIndex":-1,
      "Points":[{"x":0.0,"y":0.0},{"x":0.25,"y":-1.875},{"x":0.25,"y":-3.75},{"x":0.0,"y":0.0}]
    },
    {
      "SourcePinAddress":{
        "PinID":716179921,
        "PinOwnerID":1425303462
      },
      "TargetPinAddress":{
        "PinID":543772438,
        "PinOwnerID":763126933
      },
      "ConnectionType":1,
      "ConnectedWireIndex":16,
      "ConnectedWireSegmentIndex":0,
      "Points":[{"x":0.25,"y":-5.375},{"x":0.25,"y":-4.0},{"x":0.0,"y":0.0}]
    },
    {
      "SourcePinAddress":{
        "PinID":2,
        "PinOwnerID":764784292
      },
      "TargetPinAddress":{
        "PinID":543772438,
        "PinOwnerID":312645365
      },
      "ConnectionType":1,
      "ConnectedWireIndex":8,
      "ConnectedWireSegmentIndex":0,
      "Points":[{"x":-3.25,"y":-4.5},{"x":-3.25,"y":-4.625},{"x":0.0,"y":0.0}]
    },
    {
      "SourcePinAddress":{
        "PinID":979300091,
        "PinOwnerID":991808179
      },
      "TargetPinAddress":{
        "PinID":897348161,
        "PinOwnerID":312645365
      },
      "ConnectionType":1,
      "ConnectedWireIndex":10,
      "ConnectedWireSegmentIndex":1,
      "Points":[{"x":-1.625,"y":-4.375},{"x":0.0,"y":0.0}]
    },
    {
      "SourcePinAddress":{
        "PinID":716179921,
        "PinOwnerID":1425303462
      },
      "TargetPinAddress":{
        "PinID":897348161,
        "PinOwnerID":713453185
      },
      "ConnectionType":1,
      "ConnectedWireIndex":16,
      "ConnectedWireSegmentIndex":0,
      "Points":[{"x":0.25,"y":-5.375},{"x":0.25,"y":-5.75},{"x":0.0,"y":0.0}]
    },
    {
      "SourcePinAddress":{
        "PinID":716179921,
        "PinOwnerID":1247185808
      },
      "TargetPinAddress":{
        "PinID":543772438,
        "PinOwnerID":713453185
      },
      "ConnectionType":0,
      "ConnectedWireIndex":-1,
      "ConnectedWireSegmentIndex":-1,
      "Points":[{"x":0.0,"y":0.0},{"x":0.25,"y":-6.25},{"x":0.25,"y":-6.0},{"x":0.0,"y":0.0}]
    },
    {
      "SourcePinAddress":{
        "PinID":979300091,
        "PinOwnerID":991808179
      },
      "TargetPinAddress":{
        "PinID":0,
        "PinOwnerID":1053260836
      },
      "ConnectionType":1,
      "ConnectedWireIndex":11,
      "ConnectedWireSegmentIndex":0,
      "Points":[{"x":-1.625,"y":-2.375},{"x":0.0,"y":0.0}]
    },
    {
      "SourcePinAddress":{
        "PinID":0,
        "PinOwnerID":988131325
      },
      "TargetPinAddress":{
        "PinID":1,
        "PinOwnerID":1053260836
      },
      "ConnectionType":1,
      "ConnectedWireIndex":13,
      "ConnectedWireSegmentIndex":1,
      "Points":[{"x":-1.375,"y":-3.375},{"x":-1.375,"y":-2.625},{"x":0.0,"y":0.0}]
    },
    {
      "SourcePinAddress":{
        "PinID":0,
        "PinOwnerID":546442461
      },
      "TargetPinAddress":{
        "PinID":0,
        "PinOwnerID":1413984151
      },
      "ConnectionType":0,
      "ConnectedWireIndex":-1,
      "ConnectedWireSegmentIndex":-1,
      "Points":[{"x":0.0,"y":0.0},{"x":0.0,"y":0.0}]
    },
    {
      "SourcePinAddress":{
        "PinID":2083071430,
        "PinOwnerID":713453185
      },
      "TargetPinAddress":{
        "PinID":0,
        "PinOwnerID":1503307238
      },
      "ConnectionType":0,
      "ConnectedWireIndex":-1,
      "ConnectedWireSegmentIndex":-1,
      "Points":[{"x":0.0,"y":0.0},{"x":0.0,"y":0.0}]
    },
    {
      "SourcePinAddress":{
        "PinID":2083071430,
        "PinOwnerID":585664613
      },
      "TargetPinAddress":{
        "PinID":0,
        "PinOwnerID":1196900623
      },
      "ConnectionType":0,
      "ConnectedWireIndex":-1,
      "ConnectedWireSegmentIndex":-1,
      "Points":[{"x":0.0,"y":0.0},{"x":0.0,"y":0.0}]
    },
    {
      "SourcePinAddress":{
        "PinID":2083071430,
        "PinOwnerID":312645365
      },
      "TargetPinAddress":{
        "PinID":0,
        "PinOwnerID":1555337158
      },
      "ConnectionType":0,
      "ConnectedWireIndex":-1,
      "ConnectedWireSegmentIndex":-1,
      "Points":[{"x":0.0,"y":0.0},{"x":0.0,"y":0.0}]
    },
    {
      "SourcePinAddress":{
        "PinID":2083071430,
        "PinOwnerID":763126933
      },
      "TargetPinAddress":{
        "PinID":0,
        "PinOwnerID":2010579085
      },
      "ConnectionType":0,
      "ConnectedWireIndex":-1,
      "ConnectedWireSegmentIndex":-1,
      "Points":[{"x":0.0,"y":0.0},{"x":0.0,"y":0.0}]
    },
    {
      "SourcePinAddress":{
        "PinID":716179921,
        "PinOwnerID":2004369656
      },
      "TargetPinAddress":{
        "PinID":0,
        "PinOwnerID":1215264251
      },
      "ConnectionType":0,
      "ConnectedWireIndex":-1,
      "ConnectedWireSegmentIndex":-1,
      "Points":[{"x":0.0,"y":0.0},{"x":0.0,"y":0.0}]
    },
    {
      "SourcePinAddress":{
        "PinID":2,
        "PinOwnerID":1053260836
      },
      "TargetPinAddress":{
        "PinID":0,
        "PinOwnerID":1059209508
      },
      "ConnectionType":0,
      "ConnectedWireIndex":-1,
      "ConnectedWireSegmentIndex":-1,
      "Points":[{"x":0.0,"y":0.0},{"x":0.0,"y":0.0}]
    },
    {
      "SourcePinAddress":{
        "PinID":716179921,
        "PinOwnerID":1364229109
      },
      "TargetPinAddress":{
        "PinID":0,
        "PinOwnerID":182607288
      },
      "ConnectionType":1,
      "ConnectedWireIndex":20,
      "ConnectedWireSegmentIndex":0,
      "Points":[{"x":0.25,"y":-1.875},{"x":0.0,"y":0.0}]
    },
    {
      "SourcePinAddress":{
        "PinID":979300091,
        "PinOwnerID":1391952506
      },
      "TargetPinAddress":{
        "PinID":401736906,
        "PinOwnerID":286921332
      },
      "ConnectionType":1,
      "ConnectedWireIndex":7,
      "ConnectedWireSegmentIndex":1,
      "Points":[{"x":-3.5,"y":-5.625},{"x":0.0,"y":0.0}]
    }
  ]
}