{
  "ChipType": 0,
  "Colour": {
    "r": 0.413685679,
    "g": 0.6236747,
    "b": 0.681842446,
    "a": 1
  },
  "Displays": null,
  "InputPins":[
    {
      "Name":"IN",
      "ID":1039637918,
      "Position":{
        "x":4.125,
        "y":-3.5
      },
      "BitCount":1,
      "Colour":0,
      "ValueDisplayMode":0
    },
    {
      "Name":"IN",
      "ID":554195237,
      "Position":{
        "x":4.125,
        "y":-4.0
      },
      "BitCount":1,
      "Colour":0,
      "ValueDisplayMode":0
    },
    {
      "Name":"IN",
      "ID":653550683,
      "Position":{
        "x":4.125,
        "y":-4.5
      },
      "BitCount":1,
      "Colour":0,
      "ValueDisplayMode":0
    },
    {
      "Name":"IN",
      "ID":1372627052,
      "Position":{
        "x":4.125,
        "y":-5.0
      },
      "BitCount":1,
      "Colour":0,
      "ValueDisplayMode":0
    },
    {
      "Name":"IN",
      "ID":1198876068,
      "Position":{
        "x":4.125,
        "y":-5.5
      },
      "BitCount":1,
      "Colour":0,
      "ValueDisplayMode":0
    },
    {
      "Name":"IN",
      "ID":885267300,
      "Position":{
        "x":4.125,
        "y":-6.0
      },
      "BitCount":1,
      "Colour":0,
      "ValueDisplayMode":0
    },
    {
      "Name":"IN",
      "ID":1201592193,
      "Position":{
        "x":4.125,
        "y":-6.5
      },
      "BitCount":1,
      "Colour":0,
      "ValueDisplayMode":0
    },
    {
      "Name":"IN",
      "ID":1157565232,
      "Position":{
        "x":4.125,
        "y":-7.0
      },
      "BitCount":1,
      "Colour":0,
      "ValueDisplayMode":0
    },
    {
      "Name":"IN",
      "ID":986651938,
      "Position":{
        "x":4.125,
        "y":-7.5
      },
      "BitCount":1,
      "Colour":0,
      "ValueDisplayMode":0
    }
  ],
  "Name": "7 SEG ENABLE AND",
  "NameLocation": 0,
  "OutputPins":[
    {
      "Name":"OUT",
      "ID":1190995980,
      "Position":{
        "x":10.625,
        "y":-3.625
      },
      "BitCount":1,
      "Colour":0,
      "ValueDisplayMode":0
    },
    {
      "Name":"OUT",
      "ID":1136672233,
      "Position":{
        "x":10.625,
        "y":-4.125
      },
      "BitCount":1,
      "Colour":0,
      "ValueDisplayMode":0
    },
    {
      "Name":"OUT",
      "ID":94205598,
      "Position":{
        "x":10.625,
        "y":-4.625
      },
      "BitCount":1,
      "Colour":0,
      "ValueDisplayMode":0
    },
    {
      "Name":"OUT",
      "ID":1280963784,
      "Position":{
        "x":10.625,
        "y":-5.125
      },
      "BitCount":1,
      "Colour":0,
      "ValueDisplayMode":0
    },
    {
      "Name":"OUT",
      "ID":834204212,
      "Position":{
        "x":10.625,
        "y":-5.625
      },
      "BitCount":1,
      "Colour":0,
      "ValueDisplayMode":0
    },
    {
      "Name":"OUT",
      "ID":421384843,
      "Position":{
        "x":10.625,
        "y":-6.125
      },
      "BitCount":1,
      "Colour":0,
      "ValueDisplayMode":0
    },
    {
      "Name":"OUT",
      "ID":385655042,
      "Position":{
        "x":10.625,
        "y":-6.625
      },
      "BitCount":1,
      "Colour":0,
      "ValueDisplayMode":0
    },
    {
      "Name":"OUT",
      "ID":828865349,
      "Position":{
        "x":10.625,
        "y":-7.125
      },
      "BitCount":1,
      "Colour":0,
      "ValueDisplayMode":0
    }
  ],
  "Size": {
    "x": 1.7,
    "y": 2.25
  },
  "SubChips":[
    {
      "Name":"AND",
      "ID":1573710608,
      "Label":"",
      "Position":{
        "x":7.7975,
        "y":-3.625
      },
      "OutputPinColourInfo":[{"PinColour":0,"PinID":2083071430}],
      "InternalData":null
    },
    {
      "Name":"AND",
      "ID":1201888589,
      "Label":"",
      "Position":{
        "x":7.7975,
        "y":-4.25
      },
      "OutputPinColourInfo":[{"PinColour":0,"PinID":2083071430}],
      "InternalData":null
    },
    {
      "Name":"AND",
      "ID":1690137982,
      "Label":"",
      "Position":{
        "x":7.7975,
        "y":-4.875
      },
      "OutputPinColourInfo":[{"PinColour":0,"PinID":2083071430}],
      "InternalData":null
    },
    {
      "Name":"AND",
      "ID":1248631355,
      "Label":"",
      "Position":{
        "x":7.7975,
        "y":-5.5
      },
      "OutputPinColourInfo":[{"PinColour":0,"PinID":2083071430}],
      "InternalData":null
    },
    {
      "Name":"AND",
      "ID":142314091,
      "Label":"",
      "Position":{
        "x":7.7975,
        "y":-6.125
      },
      "OutputPinColourInfo":[{"PinColour":0,"PinID":2083071430}],
      "InternalData":null
    },
    {
      "Name":"AND",
      "ID":259346967,
      "Label":"",
      "Position":{
        "x":7.7975,
        "y":-6.75
      },
      "OutputPinColourInfo":[{"PinColour":0,"PinID":2083071430}],
      "InternalData":null
    },
    {
      "Name":"AND",
      "ID":743428346,
      "Label":"",
      "Position":{
        "x":7.7975,
        "y":-7.375
      },
      "OutputPinColourInfo":[{"PinColour":0,"PinID":2083071430}],
      "InternalData":null
    },
    {
      "Name":"AND",
      "ID":565453269,
      "Label":"",
      "Position":{
        "x":7.7975,
        "y":-8.0
      },
      "OutputPinColourInfo":[{"PinColour":0,"PinID":2083071430}],
      "InternalData":null
    }
  ],
  "Wires":[
    {
      "SourcePinAddress":{
        "PinID":0,
        "PinOwnerID":1039637918
      },
      "TargetPinAddress":{
        "PinID":897348161,
        "PinOwnerID":1573710608
      },
      "ConnectionType":0,
      "ConnectedWireIndex":-1,
      "ConnectedWireSegmentIndex":-1,
      "Points":[{"x":0.0,"y":0.0},{"x":0.0,"y":0.0}]
    },
    {
      "SourcePinAddress":{
        "PinID":0,
        "PinOwnerID":554195237
      },
      "TargetPinAddress":{
        "PinID":897348161,
        "PinOwnerID":1201888589
      },
      "ConnectionType":0,
      "ConnectedWireIndex":-1,
      "ConnectedWireSegmentIndex":-1,
      "Points":[{"x":0.0,"y":0.0},{"x":7.0,"y":-4.0},{"x":7.0,"y":-4.125},{"x":0.0,"y":0.0}]
    },
    {
      "SourcePinAddress":{
        "PinID":0,
        "PinOwnerID":653550683
      },
      "TargetPinAddress":{
        "PinID":897348161,
        "PinOwnerID":1690137982
      },
      "ConnectionType":0,
      "ConnectedWireIndex":-1,
      "ConnectedWireSegmentIndex":-1,
      "Points":[{"x":0.0,"y":0.0},{"x":6.75,"y":-4.5},{"x":6.75,"y":-4.75},{"x":0.0,"y":0.0}]
    },
    {
      "SourcePinAddress":{
        "PinID":0,
        "PinOwnerID":1372627052
      },
      "TargetPinAddress":{
        "PinID":897348161,
        "PinOwnerID":1248631355
      },
      "ConnectionType":0,
      "ConnectedWireIndex":-1,
      "ConnectedWireSegmentIndex":-1,
      "Points":[{"x":0.0,"y":0.0},{"x":6.5,"y":-5.0},{"x":6.5,"y":-5.375},{"x":0.0,"y":0.0}]
    },
    {
      "SourcePinAddress":{
        "PinID":0,
        "PinOwnerID":1198876068
      },
      "TargetPinAddress":{
        "PinID":897348161,
        "PinOwnerID":142314091
      },
      "ConnectionType":0,
      "ConnectedWireIndex":-1,
      "ConnectedWireSegmentIndex":-1,
      "Points":[{"x":0.0,"y":0.0},{"x":6.25,"y":-5.5},{"x":6.25,"y":-6.0},{"x":0.0,"y":0.0}]
    },
    {
      "SourcePinAddress":{
        "PinID":0,
        "PinOwnerID":885267300
      },
      "TargetPinAddress":{
        "PinID":897348161,
        "PinOwnerID":259346967
      },
      "ConnectionType":0,
      "ConnectedWireIndex":-1,
      "ConnectedWireSegmentIndex":-1,
      "Points":[{"x":0.0,"y":0.0},{"x":6.0,"y":-6.0},{"x":6.0,"y":-6.625},{"x":0.0,"y":0.0}]
    },
    {
      "SourcePinAddress":{
        "PinID":0,
        "PinOwnerID":1201592193
      },
      "TargetPinAddress":{
        "PinID":897348161,
        "PinOwnerID":743428346
      },
      "ConnectionType":0,
      "ConnectedWireIndex":-1,
      "ConnectedWireSegmentIndex":-1,
      "Points":[{"x":0.0,"y":0.0},{"x":5.75,"y":-6.5},{"x":5.75,"y":-7.25},{"x":0.0,"y":0.0}]
    },
    {
      "SourcePinAddress":{
        "PinID":0,
        "PinOwnerID":1157565232
      },
      "TargetPinAddress":{
        "PinID":897348161,
        "PinOwnerID":565453269
      },
      "ConnectionType":0,
      "ConnectedWireIndex":-1,
      "ConnectedWireSegmentIndex":-1,
      "Points":[{"x":0.0,"y":0.0},{"x":5.5,"y":-7.0},{"x":5.5,"y":-7.875},{"x":0.0,"y":0.0}]
    },
    {
      "SourcePinAddress":{
        "PinID":0,
        "PinOwnerID":986651938
      },
      "TargetPinAddress":{
        "PinID":543772438,
        "PinOwnerID":743428346
      },
      "ConnectionType":0,
      "ConnectedWireIndex":-1,
      "ConnectedWireSegmentIndex":-1,
      "Points":[{"x":0.0,"y":0.0},{"x":0.0,"y":0.0}]
    },
    {
      "SourcePinAddress":{
        "PinID":0,
        "PinOwnerID":986651938
      },
      "TargetPinAddress":{
        "PinID":543772438,
        "PinOwnerID":565453269
      },
      "ConnectionType":1,
      "ConnectedWireIndex":8,
      "ConnectedWireSegmentIndex":0,
      "Points":[{"x":7.25,"y":-7.5},{"x":7.25,"y":-8.125},{"x":0.0,"y":0.0}]
    },
    {
      "SourcePinAddress":{
        "PinID":0,
        "PinOwnerID":986651938
      },
      "TargetPinAddress":{
        "PinID":543772438,
        "PinOwnerID":259346967
      },
      "ConnectionType":1,
      "ConnectedWireIndex":8,
      "ConnectedWireSegmentIndex":0,
      "Points":[{"x":7.25,"y":-7.5},{"x":7.25,"y":-6.875},{"x":0.0,"y":0.0}]
    },
    {
      "SourcePinAddress":{
        "PinID":0,
        "PinOwnerID":986651938
      },
      "TargetPinAddress":{
        "PinID":543772438,
        "PinOwnerID":142314091
      },
      "ConnectionType":1,
      "ConnectedWireIndex":10,
      "ConnectedWireSegmentIndex":0,
      "Points":[{"x":7.25,"y":-6.875},{"x":7.25,"y":-6.25},{"x":0.0,"y":0.0}]
    },
    {
      "SourcePinAddress":{
        "PinID":0,
        "PinOwnerID":986651938
      },
      "TargetPinAddress":{
        "PinID":543772438,
        "PinOwnerID":1248631355
      },
      "ConnectionType":1,
      "ConnectedWireIndex":11,
      "ConnectedWireSegmentIndex":0,
      "Points":[{"x":7.25,"y":-6.25},{"x":7.25,"y":-5.625},{"x":0.0,"y":0.0}]
    },
    {
      "SourcePinAddress":{
        "PinID":0,
        "PinOwnerID":986651938
      },
      "TargetPinAddress":{
        "PinID":543772438,
        "PinOwnerID":1690137982
      },
      "ConnectionType":1,
      "ConnectedWireIndex":12,
      "ConnectedWireSegmentIndex":0,
      "Points":[{"x":7.25,"y":-5.625},{"x":7.25,"y":-5.0},{"x":0.0,"y":0.0}]
    },
    {
      "SourcePinAddress":{
        "PinID":0,
        "PinOwnerID":986651938
      },
      "TargetPinAddress":{
        "PinID":543772438,
        "PinOwnerID":1201888589
      },
      "ConnectionType":1,
      "ConnectedWireIndex":13,
      "ConnectedWireSegmentIndex":0,
      "Points":[{"x":7.25,"y":-5.0},{"x":7.25,"y":-4.375},{"x":0.0,"y":0.0}]
    },
    {
      "SourcePinAddress":{
        "PinID":0,
        "PinOwnerID":986651938
      },
      "TargetPinAddress":{
        "PinID":543772438,
        "PinOwnerID":1573710608
      },
      "ConnectionType":1,
      "ConnectedWireIndex":14,
      "ConnectedWireSegmentIndex":0,
      "Points":[{"x":7.25,"y":-4.375},{"x":7.25,"y":-3.75},{"x":0.0,"y":0.0}]
    },
    {
      "SourcePinAddress":{
        "PinID":2083071430,
        "PinOwnerID":1573710608
      },
      "TargetPinAddress":{
        "PinID":0,
        "PinOwnerID":1190995980
      },
      "ConnectionType":0,
      "ConnectedWireIndex":-1,
      "ConnectedWireSegmentIndex":-1,
      "Points":[{"x":0.0,"y":0.0},{"x":0.0,"y":0.0}]
    },
    {
      "SourcePinAddress":{
        "PinID":2083071430,
        "PinOwnerID":1201888589
      },
      "TargetPinAddress":{
        "PinID":0,
        "PinOwnerID":1136672233
      },
      "ConnectionType":0,
      "ConnectedWireIndex":-1,
      "ConnectedWireSegmentIndex":-1,
      "Points":[{"x":0.0,"y":0.0},{"x":8.375,"y":-4.25},{"x":8.375,"y":-4.125},{"x":0.0,"y":0.0}]
    },
    {
      "SourcePinAddress":{
        "PinID":2083071430,
        "PinOwnerID":1690137982
      },
      "TargetPinAddress":{
        "PinID":0,
        "PinOwnerID":94205598
      },
      "ConnectionType":0,
      "ConnectedWireIndex":-1,
      "ConnectedWireSegmentIndex":-1,
      "Points":[{"x":0.0,"y":0.0},{"x":8.5,"y":-4.875},{"x":8.5,"y":-4.625},{"x":0.0,"y":0.0}]
    },
    {
      "SourcePinAddress":{
        "PinID":2083071430,
        "PinOwnerID":1248631355
      },
      "TargetPinAddress":{
        "PinID":0,
        "PinOwnerID":1280963784
      },
      "ConnectionType":0,
      "ConnectedWireIndex":-1,
      "ConnectedWireSegmentIndex":-1,
      "Points":[{"x":0.0,"y":0.0},{"x":8.625,"y":-5.5},{"x":8.625,"y":-5.125},{"x":0.0,"y":0.0}]
    },
    {
      "SourcePinAddress":{
        "PinID":2083071430,
        "PinOwnerID":142314091
      },
      "TargetPinAddress":{
        "PinID":0,
        "PinOwnerID":834204212
      },
      "ConnectionType":0,
      "ConnectedWireIndex":-1,
      "ConnectedWireSegmentIndex":-1,
      "Points":[{"x":0.0,"y":0.0},{"x":8.75,"y":-6.125},{"x":8.75,"y":-5.625},{"x":0.0,"y":0.0}]
    },
    {
      "SourcePinAddress":{
        "PinID":2083071430,
        "PinOwnerID":259346967
      },
      "TargetPinAddress":{
        "PinID":0,
        "PinOwnerID":421384843
      },
      "ConnectionType":0,
      "ConnectedWireIndex":-1,
      "ConnectedWireSegmentIndex":-1,
      "Points":[{"x":0.0,"y":0.0},{"x":8.875,"y":-6.75},{"x":8.875,"y":-6.125},{"x":0.0,"y":0.0}]
    },
    {
      "SourcePinAddress":{
        "PinID":2083071430,
        "PinOwnerID":743428346
      },
      "TargetPinAddress":{
        "PinID":0,
        "PinOwnerID":385655042
      },
      "ConnectionType":0,
      "ConnectedWireIndex":-1,
      "ConnectedWireSegmentIndex":-1,
      "Points":[{"x":0.0,"y":0.0},{"x":9.0,"y":-7.375},{"x":9.0,"y":-6.625},{"x":0.0,"y":0.0}]
    },
    {
      "SourcePinAddress":{
        "PinID":2083071430,
        "PinOwnerID":565453269
      },
      "TargetPinAddress":{
        "PinID":0,
        "PinOwnerID":828865349
      },
      "ConnectionType":0,
      "ConnectedWireIndex":-1,
      "ConnectedWireSegmentIndex":-1,
      "Points":[{"x":0.0,"y":0.0},{"x":9.125,"y":-8.0},{"x":9.125,"y":-7.125},{"x":0.0,"y":0.0}]
    }
  ]
}