{
  "ChipType": 0,
  "Colour": {
    "r": 0.30423817,
    "g": 0.2520762,
    "b": 0.215339139,
    "a": 1
  },
  "Displays":[
    {
      "SubChipID":1630721320,
      "Position":{
        "x":0.0,
        "y":0.125
      },
      "Scale":1.0
    },
    {
      "SubChipID":1280925651,
      "Position":{
        "x":-1.0,
        "y":0.125
      },
      "Scale":1.0
    },
    {
      "SubChipID":340391616,
      "Position":{
        "x":1.0,
        "y":0.125
      },
      "Scale":1.0
    }
  ],
  "InputPins":[
    {
      "Name":"INPUT",
      "ID":1627932109,
      "Position":{
        "x":-0.625,
        "y":-4.75
      },
      "BitCount":8,
      "Colour":0,
      "ValueDisplayMode":0
    },
    {
      "Name":"COL",
      "ID":1123299361,
      "Position":{
        "x":-0.625,
        "y":-5.5
      },
      "BitCount":1,
      "Colour":0,
      "ValueDisplayMode":0
    },
    {
      "Name":"RIPPLE BLANKING",
      "ID":431845252,
      "Position":{
        "x":-0.625,
        "y":-8.25
      },
      "BitCount":1,
      "Colour":0,
      "ValueDisplayMode":0
    }
  ],
  "Name": "8 BIT DISPLAY",
  "NameLocation": 1,
  "OutputPins":[],
  "Size": {
    "x": 3.2,
    "y": 2.125
  },
  "SubChips":[
    {
      "Name":"DOUBLE DABBLE 8BIT",
      "ID":1412252975,
      "Label":"",
      "Position":{
        "x":2.31,
        "y":-4.75
      },
      "OutputPinColourInfo":[{"PinColour":0,"PinID":554335719},{"PinColour":0,"PinID":1726218629},{"PinColour":0,"PinID":193018815}],
      "InternalData":null
    },
    {
      "Name":"7 SEG 4 BIT",
      "ID":1280925651,
      "Label":"HUNDREDS",
      "Position":{
        "x":4.36,
        "y":-7.0625
      },
      "OutputPinColourInfo":[{"PinColour":0,"PinID":758702292}],
      "InternalData":null
    },
    {
      "Name":"7 SEG 4 BIT",
      "ID":1630721320,
      "Label":"TENS",
      "Position":{
        "x":6.235,
        "y":-7.0625
      },
      "OutputPinColourInfo":[{"PinColour":0,"PinID":758702292}],
      "InternalData":null
    },
    {
      "Name":"7 SEG 4 BIT",
      "ID":340391616,
      "Label":"ONES",
      "Position":{
        "x":8.11,
        "y":-7.0625
      },
      "OutputPinColourInfo":[{"PinColour":0,"PinID":758702292}],
      "InternalData":null
    }
  ],
  "Wires":[
    {
      "SourcePinAddress":{
        "PinID":0,
        "PinOwnerID":1627932109
      },
      "TargetPinAddress":{
        "PinID":1176033900,
        "PinOwnerID":1412252975
      },
      "ConnectionType":0,
      "ConnectedWireIndex":-1,
      "ConnectedWireSegmentIndex":-1,
      "Points":[{"x":0.0,"y":0.0},{"x":0.0,"y":0.0}]
    },
    {
      "SourcePinAddress":{
        "PinID":554335719,
        "PinOwnerID":1412252975
      },
      "TargetPinAddress":{
        "PinID":574561240,
        "PinOwnerID":1280925651
      },
      "ConnectionType":0,
      "ConnectedWireIndex":-1,
      "ConnectedWireSegmentIndex":-1,
      "Points":[{"x":0.0,"y":0.0},{"x":3.5,"y":-4.375},{"x":3.5,"y":-5.9375},{"x":0.0,"y":0.0}]
    },
    {
      "SourcePinAddress":{
        "PinID":1726218629,
        "PinOwnerID":1412252975
      },
      "TargetPinAddress":{
        "PinID":574561240,
        "PinOwnerID":1630721320
      },
      "ConnectionType":0,
      "ConnectedWireIndex":-1,
      "ConnectedWireSegmentIndex":-1,
      "Points":[{"x":0.0,"y":0.0},{"x":5.375,"y":-4.75},{"x":5.375,"y":-5.9375},{"x":0.0,"y":0.0}]
    },
    {
      "SourcePinAddress":{
        "PinID":193018815,
        "PinOwnerID":1412252975
      },
      "TargetPinAddress":{
        "PinID":574561240,
        "PinOwnerID":340391616
      },
      "ConnectionType":0,
      "ConnectedWireIndex":-1,
      "ConnectedWireSegmentIndex":-1,
      "Points":[{"x":0.0,"y":0.0},{"x":7.25,"y":-5.125},{"x":7.25,"y":-5.9375},{"x":0.0,"y":0.0}]
    },
    {
      "SourcePinAddress":{
        "PinID":0,
        "PinOwnerID":1123299361
      },
      "TargetPinAddress":{
        "PinID":1810464245,
        "PinOwnerID":1280925651
      },
      "ConnectionType":0,
      "ConnectedWireIndex":-1,
      "ConnectedWireSegmentIndex":-1,
      "Points":[{"x":0.0,"y":0.0},{"x":3.25,"y":-5.5},{"x":3.25,"y":-7.125},{"x":0.0,"y":0.0}]
    },
    {
      "SourcePinAddress":{
        "PinID":0,
        "PinOwnerID":1123299361
      },
      "TargetPinAddress":{
        "PinID":1810464245,
        "PinOwnerID":1630721320
      },
      "ConnectionType":1,
      "ConnectedWireIndex":4,
      "ConnectedWireSegmentIndex":0,
      "Points":[{"x":3.25,"y":-5.5},{"x":5.125,"y":-5.5},{"x":5.125,"y":-7.125},{"x":0.0,"y":0.0}]
    },
    {
      "SourcePinAddress":{
        "PinID":0,
        "PinOwnerID":1123299361
      },
      "TargetPinAddress":{
        "PinID":1810464245,
        "PinOwnerID":340391616
      },
      "ConnectionType":1,
      "ConnectedWireIndex":5,
      "ConnectedWireSegmentIndex":0,
      "Points":[{"x":5.125,"y":-5.5},{"x":7.0,"y":-5.5},{"x":7.0,"y":-7.125},{"x":0.0,"y":0.0}]
    },
    {
      "SourcePinAddress":{
        "PinID":758702292,
        "PinOwnerID":1280925651
      },
      "TargetPinAddress":{
        "PinID":1853365575,
        "PinOwnerID":1630721320
      },
      "ConnectionType":0,
      "ConnectedWireIndex":-1,
      "ConnectedWireSegmentIndex":-1,
      "Points":[{"x":0.0,"y":0.0},{"x":5.25,"y":-7.0625},{"x":5.25,"y":-8.25},{"x":0.0,"y":0.0}]
    },
    {
      "SourcePinAddress":{
        "PinID":0,
        "PinOwnerID":431845252
      },
      "TargetPinAddress":{
        "PinID":1853365575,
        "PinOwnerID":1280925651
      },
      "ConnectionType":0,
      "ConnectedWireIndex":-1,
      "ConnectedWireSegmentIndex":-1,
      "Points":[{"x":0.0,"y":0.0},{"x":0.0,"y":0.0}]
    }
  ]
}