{
  "ChipType": 0,
  "Colour": {
    "r": 0.360720277,
    "g": 0.8533047,
    "b": 0.8770507,
    "a": 1
  },
  "Displays": null,
  "InputPins":[
    {
      "Name":"CLK",
      "ID":1728901952,
      "Position":{
        "x":-5.5,
        "y":-0.125
      },
      "BitCount":1,
      "Colour":0,
      "ValueDisplayMode":0
    }
  ],
  "Name": "8 BIT COUNTER",
  "NameLocation": 0,
  "OutputPins":[
    {
      "Name":"OUT",
      "ID":110881093,
      "Position":{
        "x":5.0,
        "y":-1.0
      },
      "BitCount":8,
      "Colour":0,
      "ValueDisplayMode":0
    }
  ],
  "Size": {
    "x": 1.175,
    "y": 0.5
  },
  "SubChips":[
    {
      "Name":"COUNTER PART",
      "ID":1371349164,
      "Label":"",
      "Position":{
        "x":-3.24,
        "y":-0.125
      },
      "OutputPinColourInfo":[{"PinColour":0,"PinID":228164053}],
      "InternalData":null
    },
    {
      "Name":"COUNTER PART",
      "ID":1843172236,
      "Label":"",
      "Position":{
        "x":-3.24,
        "y":-0.75
      },
      "OutputPinColourInfo":[{"PinColour":0,"PinID":228164053}],
      "InternalData":null
    },
    {
      "Name":"COUNTER PART",
      "ID":1828466131,
      "Label":"",
      "Position":{
        "x":-3.24,
        "y":-1.375
      },
      "OutputPinColourInfo":[{"PinColour":0,"PinID":228164053}],
      "InternalData":null
    },
    {
      "Name":"COUNTER PART",
      "ID":230714512,
      "Label":"",
      "Position":{
        "x":-3.24,
        "y":-2.0
      },
      "OutputPinColourInfo":[{"PinColour":0,"PinID":228164053}],
      "InternalData":null
    },
    {
      "Name":"COUNTER PART",
      "ID":80783030,
      "Label":"",
      "Position":{
        "x":-3.24,
        "y":-2.625
      },
      "OutputPinColourInfo":[{"PinColour":0,"PinID":228164053}],
      "InternalData":null
    },
    {
      "Name":"COUNTER PART",
      "ID":1302339697,
      "Label":"",
      "Position":{
        "x":-3.24,
        "y":-3.25
      },
      "OutputPinColourInfo":[{"PinColour":0,"PinID":228164053}],
      "InternalData":null
    },
    {
      "Name":"COUNTER PART",
      "ID":1304269616,
      "Label":"",
      "Position":{
        "x":-3.24,
        "y":-3.875
      },
      "OutputPinColourInfo":[{"PinColour":0,"PinID":228164053}],
      "InternalData":null
    },
    {
      "Name":"COUNTER PART",
      "ID":1214632027,
      "Label":"",
      "Position":{
        "x":-3.24,
        "y":-4.5
      },
      "OutputPinColourInfo":[{"PinColour":0,"PinID":228164053}],
      "InternalData":null
    },
    {
      "Name":"1-8BIT",
      "ID":1154040272,
      "Label":"",
      "Position":{
        "x":-0.8025,
        "y":-1.0
      },
      "OutputPinColourInfo":[{"PinColour":0,"PinID":8}],
      "InternalData":null
    },
    {
      "Name":"8BIT NOT",
      "ID":1329834472,
      "Label":"",
      "Position":{
        "x":0.7725,
        "y":-1.0
      },
      "OutputPinColourInfo":[{"PinColour":0,"PinID":1848956989}],
      "InternalData":null
    },
    {
      "Name":"8BIT INVERTER",
      "ID":1480031661,
      "Label":"",
      "Position":{
        "x":2.4225,
        "y":-1.0
      },
      "OutputPinColourInfo":[{"PinColour":0,"PinID":137996599}],
      "InternalData":null
    }
  ],
  "Wires":[
    {
      "SourcePinAddress":{
        "PinID":0,
        "PinOwnerID":1728901952
      },
      "TargetPinAddress":{
        "PinID":1681297482,
        "PinOwnerID":1371349164
      },
      "ConnectionType":0,
      "ConnectedWireIndex":-1,
      "ConnectedWireSegmentIndex":-1,
      "Points":[{"x":0.0,"y":0.0},{"x":0.0,"y":0.0}]
    },
    {
      "SourcePinAddress":{
        "PinID":228164053,
        "PinOwnerID":1371349164
      },
      "TargetPinAddress":{
        "PinID":1681297482,
        "PinOwnerID":1843172236
      },
      "ConnectionType":0,
      "ConnectedWireIndex":-1,
      "ConnectedWireSegmentIndex":-1,
      "Points":[{"x":0.0,"y":0.0},{"x":-2.4375,"y":-0.125},{"x":-2.4375,"y":-0.4375},{"x":-4.0625,"y":-0.4375},{"x":-4.0625,"y":-0.75},{"x":0.0,"y":0.0}]
    },
    {
      "SourcePinAddress":{
        "PinID":228164053,
        "PinOwnerID":1843172236
      },
      "TargetPinAddress":{
        "PinID":1681297482,
        "PinOwnerID":1828466131
      },
      "ConnectionType":0,
      "ConnectedWireIndex":-1,
      "ConnectedWireSegmentIndex":-1,
      "Points":[{"x":0.0,"y":0.0},{"x":-2.4375,"y":-0.75},{"x":-2.4375,"y":-1.0625},{"x":-4.0625,"y":-1.0625},{"x":-4.0625,"y":-1.375},{"x":0.0,"y":0.0}]
    },
    {
      "SourcePinAddress":{
        "PinID":228164053,
        "PinOwnerID":1828466131
      },
      "TargetPinAddress":{
        "PinID":1681297482,
        "PinOwnerID":230714512
      },
      "ConnectionType":0,
      "ConnectedWireIndex":-1,
      "ConnectedWireSegmentIndex":-1,
      "Points":[{"x":0.0,"y":0.0},{"x":-2.4375,"y":-1.375},{"x":-2.4375,"y":-1.6875},{"x":-4.0625,"y":-1.6875},{"x":-4.0625,"y":-2.0},{"x":0.0,"y":0.0}]
    },
    {
      "SourcePinAddress":{
        "PinID":228164053,
        "PinOwnerID":230714512
      },
      "TargetPinAddress":{
        "PinID":1681297482,
        "PinOwnerID":80783030
      },
      "ConnectionType":0,
      "ConnectedWireIndex":-1,
      "ConnectedWireSegmentIndex":-1,
      "Points":[{"x":0.0,"y":0.0},{"x":-2.4375,"y":-2.0},{"x":-2.4375,"y":-2.3125},{"x":-4.0625,"y":-2.3125},{"x":-4.0625,"y":-2.625},{"x":0.0,"y":0.0}]
    },
    {
      "SourcePinAddress":{
        "PinID":228164053,
        "PinOwnerID":80783030
      },
      "TargetPinAddress":{
        "PinID":1681297482,
        "PinOwnerID":1302339697
      },
      "ConnectionType":0,
      "ConnectedWireIndex":-1,
      "ConnectedWireSegmentIndex":-1,
      "Points":[{"x":0.0,"y":0.0},{"x":-2.4375,"y":-2.625},{"x":-2.4375,"y":-2.9375},{"x":-4.0625,"y":-2.9375},{"x":-4.0625,"y":-3.25},{"x":0.0,"y":0.0}]
    },
    {
      "SourcePinAddress":{
        "PinID":228164053,
        "PinOwnerID":1302339697
      },
      "TargetPinAddress":{
        "PinID":1681297482,
        "PinOwnerID":1304269616
      },
      "ConnectionType":0,
      "ConnectedWireIndex":-1,
      "ConnectedWireSegmentIndex":-1,
      "Points":[{"x":0.0,"y":0.0},{"x":-2.4375,"y":-3.25},{"x":-2.4375,"y":-3.5625},{"x":-4.0625,"y":-3.5625},{"x":-4.0625,"y":-3.875},{"x":0.0,"y":0.0}]
    },
    {
      "SourcePinAddress":{
        "PinID":228164053,
        "PinOwnerID":1304269616
      },
      "TargetPinAddress":{
        "PinID":1681297482,
        "PinOwnerID":1214632027
      },
      "ConnectionType":0,
      "ConnectedWireIndex":-1,
      "ConnectedWireSegmentIndex":-1,
      "Points":[{"x":0.0,"y":0.0},{"x":-2.4375,"y":-3.875},{"x":-2.4375,"y":-4.1875},{"x":-4.0625,"y":-4.1875},{"x":-4.0625,"y":-4.5},{"x":0.0,"y":0.0}]
    },
    {
      "SourcePinAddress":{
        "PinID":228164053,
        "PinOwnerID":1371349164
      },
      "TargetPinAddress":{
        "PinID":0,
        "PinOwnerID":1154040272
      },
      "ConnectionType":1,
      "ConnectedWireIndex":1,
      "ConnectedWireSegmentIndex":0,
      "Points":[{"x":-2.4375,"y":-0.125},{"x":0.0,"y":0.0}]
    },
    {
      "SourcePinAddress":{
        "PinID":228164053,
        "PinOwnerID":1843172236
      },
      "TargetPinAddress":{
        "PinID":1,
        "PinOwnerID":1154040272
      },
      "ConnectionType":1,
      "ConnectedWireIndex":2,
      "ConnectedWireSegmentIndex":0,
      "Points":[{"x":-2.4375,"y":-0.75},{"x":-2.3125,"y":-0.75},{"x":-2.3125,"y":-0.375},{"x":0.0,"y":0.0}]
    },
    {
      "SourcePinAddress":{
        "PinID":228164053,
        "PinOwnerID":1828466131
      },
      "TargetPinAddress":{
        "PinID":2,
        "PinOwnerID":1154040272
      },
      "ConnectionType":1,
      "ConnectedWireIndex":3,
      "ConnectedWireSegmentIndex":0,
      "Points":[{"x":-2.4375,"y":-1.375},{"x":-2.1875,"y":-1.375},{"x":-2.1875,"y":-0.625},{"x":0.0,"y":0.0}]
    },
    {
      "SourcePinAddress":{
        "PinID":228164053,
        "PinOwnerID":230714512
      },
      "TargetPinAddress":{
        "PinID":3,
        "PinOwnerID":1154040272
      },
      "ConnectionType":1,
      "ConnectedWireIndex":4,
      "ConnectedWireSegmentIndex":0,
      "Points":[{"x":-2.4375,"y":-2.0},{"x":-2.0625,"y":-2.0},{"x":-2.0625,"y":-0.875},{"x":0.0,"y":0.0}]
    },
    {
      "SourcePinAddress":{
        "PinID":228164053,
        "PinOwnerID":80783030
      },
      "TargetPinAddress":{
        "PinID":4,
        "PinOwnerID":1154040272
      },
      "ConnectionType":1,
      "ConnectedWireIndex":5,
      "ConnectedWireSegmentIndex":0,
      "Points":[{"x":-2.4375,"y":-2.625},{"x":-1.9375,"y":-2.625},{"x":-1.9375,"y":-1.125},{"x":0.0,"y":0.0}]
    },
    {
      "SourcePinAddress":{
        "PinID":228164053,
        "PinOwnerID":1302339697
      },
      "TargetPinAddress":{
        "PinID":5,
        "PinOwnerID":1154040272
      },
      "ConnectionType":1,
      "ConnectedWireIndex":6,
      "ConnectedWireSegmentIndex":0,
      "Points":[{"x":-2.4375,"y":-3.25},{"x":-1.8125,"y":-3.25},{"x":-1.8125,"y":-1.375},{"x":0.0,"y":0.0}]
    },
    {
      "SourcePinAddress":{
        "PinID":228164053,
        "PinOwnerID":1304269616
      },
      "TargetPinAddress":{
        "PinID":6,
        "PinOwnerID":1154040272
      },
      "ConnectionType":1,
      "ConnectedWireIndex":7,
      "ConnectedWireSegmentIndex":0,
      "Points":[{"x":-2.4375,"y":-3.875},{"x":-1.6875,"y":-3.875},{"x":-1.6875,"y":-1.625},{"x":0.0,"y":0.0}]
    },
    {
      "SourcePinAddress":{
        "PinID":228164053,
        "PinOwnerID":1214632027
      },
      "TargetPinAddress":{
        "PinID":7,
        "PinOwnerID":1154040272
      },
      "ConnectionType":0,
      "ConnectedWireIndex":-1,
      "ConnectedWireSegmentIndex":-1,
      "Points":[{"x":0.0,"y":0.0},{"x":-1.5625,"y":-4.5},{"x":-1.5625,"y":-1.875},{"x":0.0,"y":0.0}]
    },
    {
      "SourcePinAddress":{
        "PinID":1848956989,
        "PinOwnerID":1329834472
      },
      "TargetPinAddress":{
        "PinID":952347647,
        "PinOwnerID":1480031661
      },
      "ConnectionType":0,
      "ConnectedWireIndex":-1,
      "ConnectedWireSegmentIndex":-1,
      "Points":[{"x":0.0,"y":0.0},{"x":0.0,"y":0.0}]
    },
    {
      "SourcePinAddress":{
        "PinID":137996599,
        "PinOwnerID":1480031661
      },
      "TargetPinAddress":{
        "PinID":0,
        "PinOwnerID":110881093
      },
      "ConnectionType":0,
      "ConnectedWireIndex":-1,
      "ConnectedWireSegmentIndex":-1,
      "Points":[{"x":0.0,"y":0.0},{"x":0.0,"y":0.0}]
    },
    {
      "SourcePinAddress":{
        "PinID":8,
        "PinOwnerID":1154040272
      },
      "TargetPinAddress":{
        "PinID":1411023335,
        "PinOwnerID":1329834472
      },
      "ConnectionType":0,
      "ConnectedWireIndex":-1,
      "ConnectedWireSegmentIndex":-1,
      "Points":[{"x":0.0,"y":0.0},{"x":0.0,"y":0.0}]
    }
  ]
}