{
  "Name": "8BIT COUNTER",
  "NameLocation": 0,
  "ChipType": 0,
  "Size": {
    "x": 1.25,
    "y": 0.5
  },
  "Colour": {
    "r": 0.416930169,
    "g": 0.476487726,
    "b": 0.7635729,
    "a": 1
  },
  "InputPins":[
    {
      "Name":"CLK",
      "ID":1507464646,
      "Position":{
        "x":27.25,
        "y":1.875
      },
      "BitCount":1,
      "Colour":0,
      "ValueDisplayMode":0
    },
    {
      "Name":"ZERO",
      "ID":533998756,
      "Position":{
        "x":27.25,
        "y":0.9375
      },
      "BitCount":1,
      "Colour":0,
      "ValueDisplayMode":0
    }
  ],
  "OutputPins":[
    {
      "Name":"OUT",
      "ID":529002709,
      "Position":{
        "x":52.25,
        "y":3.375
      },
      "BitCount":8,
      "Colour":0,
      "ValueDisplayMode":0
    }
  ],
  "SubChips":[
    {
      "Name":"1-8BIT",
      "ID":567911524,
      "Label":"",
      "Position":{
        "x":46.4475,
        "y":3.5
      },
      "OutputPinColourInfo":[{"PinColour":0,"PinID":8}],
      "InternalData":null
    },
    {
      "Name":"8BIT DATA RECORD",
      "ID":1306001874,
      "Label":"",
      "Position":{
        "x":49.535,
        "y":3.375
      },
      "OutputPinColourInfo":[{"PinColour":0,"PinID":563797996}],
      "InternalData":null
    },
    {
      "Name":"NOT",
      "ID":539445885,
      "Label":"",
      "Position":{
        "x":29.0475,
        "y":1.375
      },
      "OutputPinColourInfo":[{"PinColour":0,"PinID":1732242051}],
      "InternalData":null
    },
    {
      "Name":"TOGGLE FLIP FLOP",
      "ID":1436326048,
      "Label":"",
      "Position":{
        "x":44.535,
        "y":1.75
      },
      "OutputPinColourInfo":[{"PinColour":0,"PinID":1884729883}],
      "InternalData":null
    },
    {
      "Name":"TOGGLE FLIP FLOP",
      "ID":97109995,
      "Label":"",
      "Position":{
        "x":42.535,
        "y":1.75
      },
      "OutputPinColourInfo":[{"PinColour":0,"PinID":1884729883}],
      "InternalData":null
    },
    {
      "Name":"TOGGLE FLIP FLOP",
      "ID":1027562061,
      "Label":"",
      "Position":{
        "x":40.535,
        "y":1.75
      },
      "OutputPinColourInfo":[{"PinColour":0,"PinID":1884729883}],
      "InternalData":null
    },
    {
      "Name":"TOGGLE FLIP FLOP",
      "ID":186832258,
      "Label":"",
      "Position":{
        "x":38.535,
        "y":1.75
      },
      "OutputPinColourInfo":[{"PinColour":0,"PinID":1884729883}],
      "InternalData":null
    },
    {
      "Name":"TOGGLE FLIP FLOP",
      "ID":203995869,
      "Label":"",
      "Position":{
        "x":36.535,
        "y":1.75
      },
      "OutputPinColourInfo":[{"PinColour":0,"PinID":1884729883}],
      "InternalData":null
    },
    {
      "Name":"TOGGLE FLIP FLOP",
      "ID":1955489227,
      "Label":"",
      "Position":{
        "x":34.535,
        "y":1.75
      },
      "OutputPinColourInfo":[{"PinColour":0,"PinID":1884729883}],
      "InternalData":null
    },
    {
      "Name":"TOGGLE FLIP FLOP",
      "ID":1579649363,
      "Label":"",
      "Position":{
        "x":32.535,
        "y":1.75
      },
      "OutputPinColourInfo":[{"PinColour":0,"PinID":1884729883}],
      "InternalData":null
    },
    {
      "Name":"TOGGLE FLIP FLOP",
      "ID":1503981457,
      "Label":"",
      "Position":{
        "x":30.535,
        "y":1.75
      },
      "OutputPinColourInfo":[{"PinColour":0,"PinID":1884729883}],
      "InternalData":null
    },
    {
      "Name":"8BIT NOT",
      "ID":1532652649,
      "Label":"",
      "Position":{
        "x":47.8975,
        "y":3.5
      },
      "OutputPinColourInfo":[{"PinColour":0,"PinID":1848956989}],
      "InternalData":null
    }
  ],
  "Wires":[
    {
      "SourcePinAddress":{
        "PinID":0,
        "PinOwnerID":1507464646
      },
      "TargetPinAddress":{
        "PinID":1772587332,
        "PinOwnerID":539445885
      },
      "ConnectionType":0,
      "ConnectedWireIndex":-1,
      "ConnectedWireSegmentIndex":-1,
      "Points":[{"x":0.0,"y":0.0},{"x":28.375,"y":1.875},{"x":28.375,"y":1.375},{"x":0.0,"y":0.0}]
    },
    {
      "SourcePinAddress":{
        "PinID":563797996,
        "PinOwnerID":1306001874
      },
      "TargetPinAddress":{
        "PinID":0,
        "PinOwnerID":529002709
      },
      "ConnectionType":0,
      "ConnectedWireIndex":-1,
      "ConnectedWireSegmentIndex":-1,
      "Points":[{"x":0.0,"y":0.0},{"x":0.0,"y":0.0}]
    },
    {
      "SourcePinAddress":{
        "PinID":1884729883,
        "PinOwnerID":1436326048
      },
      "TargetPinAddress":{
        "PinID":0,
        "PinOwnerID":567911524
      },
      "ConnectionType":0,
      "ConnectedWireIndex":-1,
      "ConnectedWireSegmentIndex":-1,
      "Points":[{"x":0.0,"y":0.0},{"x":45.5625,"y":1.75},{"x":45.5625,"y":4.375},{"x":45.75,"y":4.375},{"x":0.0,"y":0.0}]
    },
    {
      "SourcePinAddress":{
        "PinID":1884729883,
        "PinOwnerID":97109995
      },
      "TargetPinAddress":{
        "PinID":1,
        "PinOwnerID":567911524
      },
      "ConnectionType":0,
      "ConnectedWireIndex":-1,
      "ConnectedWireSegmentIndex":-1,
      "Points":[{"x":0.0,"y":0.0},{"x":43.5,"y":1.75},{"x":43.5,"y":4.125},{"x":0.0,"y":0.0}]
    },
    {
      "SourcePinAddress":{
        "PinID":1884729883,
        "PinOwnerID":1027562061
      },
      "TargetPinAddress":{
        "PinID":2,
        "PinOwnerID":567911524
      },
      "ConnectionType":0,
      "ConnectedWireIndex":-1,
      "ConnectedWireSegmentIndex":-1,
      "Points":[{"x":0.0,"y":0.0},{"x":41.5,"y":1.75},{"x":41.5,"y":3.875},{"x":0.0,"y":0.0}]
    },
    {
      "SourcePinAddress":{
        "PinID":1884729883,
        "PinOwnerID":186832258
      },
      "TargetPinAddress":{
        "PinID":3,
        "PinOwnerID":567911524
      },
      "ConnectionType":0,
      "ConnectedWireIndex":-1,
      "ConnectedWireSegmentIndex":-1,
      "Points":[{"x":0.0,"y":0.0},{"x":39.5,"y":1.75},{"x":39.5,"y":3.625},{"x":0.0,"y":0.0}]
    },
    {
      "SourcePinAddress":{
        "PinID":1884729883,
        "PinOwnerID":203995869
      },
      "TargetPinAddress":{
        "PinID":4,
        "PinOwnerID":567911524
      },
      "ConnectionType":0,
      "ConnectedWireIndex":-1,
      "ConnectedWireSegmentIndex":-1,
      "Points":[{"x":0.0,"y":0.0},{"x":37.5,"y":1.75},{"x":37.5,"y":3.375},{"x":0.0,"y":0.0}]
    },
    {
      "SourcePinAddress":{
        "PinID":1884729883,
        "PinOwnerID":1955489227
      },
      "TargetPinAddress":{
        "PinID":5,
        "PinOwnerID":567911524
      },
      "ConnectionType":0,
      "ConnectedWireIndex":-1,
      "ConnectedWireSegmentIndex":-1,
      "Points":[{"x":0.0,"y":0.0},{"x":35.5,"y":1.75},{"x":35.5,"y":3.125},{"x":0.0,"y":0.0}]
    },
    {
      "SourcePinAddress":{
        "PinID":1884729883,
        "PinOwnerID":1579649363
      },
      "TargetPinAddress":{
        "PinID":6,
        "PinOwnerID":567911524
      },
      "ConnectionType":0,
      "ConnectedWireIndex":-1,
      "ConnectedWireSegmentIndex":-1,
      "Points":[{"x":0.0,"y":0.0},{"x":33.5,"y":1.75},{"x":33.5,"y":2.875},{"x":0.0,"y":0.0}]
    },
    {
      "SourcePinAddress":{
        "PinID":1884729883,
        "PinOwnerID":1503981457
      },
      "TargetPinAddress":{
        "PinID":7,
        "PinOwnerID":567911524
      },
      "ConnectionType":0,
      "ConnectedWireIndex":-1,
      "ConnectedWireSegmentIndex":-1,
      "Points":[{"x":0.0,"y":0.0},{"x":31.5,"y":1.75},{"x":31.5,"y":2.625},{"x":0.0,"y":0.0}]
    },
    {
      "SourcePinAddress":{
        "PinID":1732242051,
        "PinOwnerID":539445885
      },
      "TargetPinAddress":{
        "PinID":1101378743,
        "PinOwnerID":1306001874
      },
      "ConnectionType":0,
      "ConnectedWireIndex":-1,
      "ConnectedWireSegmentIndex":-1,
      "Points":[{"x":0.0,"y":0.0},{"x":47.25,"y":1.375},{"x":47.25,"y":3.125},{"x":0.0,"y":0.0}]
    },
    {
      "SourcePinAddress":{
        "PinID":8,
        "PinOwnerID":567911524
      },
      "TargetPinAddress":{
        "PinID":1411023335,
        "PinOwnerID":1532652649
      },
      "ConnectionType":0,
      "ConnectedWireIndex":-1,
      "ConnectedWireSegmentIndex":-1,
      "Points":[{"x":0.0,"y":0.0},{"x":0.0,"y":0.0}]
    },
    {
      "SourcePinAddress":{
        "PinID":1848956989,
        "PinOwnerID":1532652649
      },
      "TargetPinAddress":{
        "PinID":1555677211,
        "PinOwnerID":1306001874
      },
      "ConnectionType":0,
      "ConnectedWireIndex":-1,
      "ConnectedWireSegmentIndex":-1,
      "Points":[{"x":0.0,"y":0.0},{"x":0.0,"y":0.0}]
    },
    {
      "SourcePinAddress":{
        "PinID":0,
        "PinOwnerID":533998756
      },
      "TargetPinAddress":{
        "PinID":1475682328,
        "PinOwnerID":1436326048
      },
      "ConnectionType":0,
      "ConnectedWireIndex":-1,
      "ConnectedWireSegmentIndex":-1,
      "Points":[{"x":0.0,"y":0.0},{"x":43.5,"y":0.9375},{"x":43.5,"y":1.625},{"x":0.0,"y":0.0}]
    },
    {
      "SourcePinAddress":{
        "PinID":1884729883,
        "PinOwnerID":1503981457
      },
      "TargetPinAddress":{
        "PinID":1304208615,
        "PinOwnerID":1579649363
      },
      "ConnectionType":1,
      "ConnectedWireIndex":9,
      "ConnectedWireSegmentIndex":1,
      "Points":[{"x":31.5,"y":1.875},{"x":0.0,"y":0.0}]
    },
    {
      "SourcePinAddress":{
        "PinID":1884729883,
        "PinOwnerID":1579649363
      },
      "TargetPinAddress":{
        "PinID":1304208615,
        "PinOwnerID":1955489227
      },
      "ConnectionType":1,
      "ConnectedWireIndex":8,
      "ConnectedWireSegmentIndex":1,
      "Points":[{"x":33.5,"y":1.875},{"x":0.0,"y":0.0}]
    },
    {
      "SourcePinAddress":{
        "PinID":1884729883,
        "PinOwnerID":1955489227
      },
      "TargetPinAddress":{
        "PinID":1304208615,
        "PinOwnerID":203995869
      },
      "ConnectionType":1,
      "ConnectedWireIndex":7,
      "ConnectedWireSegmentIndex":1,
      "Points":[{"x":35.5,"y":1.875},{"x":0.0,"y":0.0}]
    },
    {
      "SourcePinAddress":{
        "PinID":1884729883,
        "PinOwnerID":203995869
      },
      "TargetPinAddress":{
        "PinID":1304208615,
        "PinOwnerID":186832258
      },
      "ConnectionType":1,
      "ConnectedWireIndex":6,
      "ConnectedWireSegmentIndex":1,
      "Points":[{"x":37.5,"y":1.875},{"x":0.0,"y":0.0}]
    },
    {
      "SourcePinAddress":{
        "PinID":1884729883,
        "PinOwnerID":186832258
      },
      "TargetPinAddress":{
        "PinID":1304208615,
        "PinOwnerID":1027562061
      },
      "ConnectionType":1,
      "ConnectedWireIndex":5,
      "ConnectedWireSegmentIndex":1,
      "Points":[{"x":39.5,"y":1.875},{"x":0.0,"y":0.0}]
    },
    {
      "SourcePinAddress":{
        "PinID":1884729883,
        "PinOwnerID":1027562061
      },
      "TargetPinAddress":{
        "PinID":1304208615,
        "PinOwnerID":97109995
      },
      "ConnectionType":1,
      "ConnectedWireIndex":4,
      "ConnectedWireSegmentIndex":1,
      "Points":[{"x":41.5,"y":1.875},{"x":0.0,"y":0.0}]
    },
    {
      "SourcePinAddress":{
        "PinID":1884729883,
        "PinOwnerID":97109995
      },
      "TargetPinAddress":{
        "PinID":1304208615,
        "PinOwnerID":1436326048
      },
      "ConnectionType":1,
      "ConnectedWireIndex":3,
      "ConnectedWireSegmentIndex":1,
      "Points":[{"x":43.5,"y":1.875},{"x":0.0,"y":0.0}]
    },
    {
      "SourcePinAddress":{
        "PinID":0,
        "PinOwnerID":533998756
      },
      "TargetPinAddress":{
        "PinID":1475682328,
        "PinOwnerID":97109995
      },
      "ConnectionType":1,
      "ConnectedWireIndex":13,
      "ConnectedWireSegmentIndex":0,
      "Points":[{"x":41.5,"y":0.9375},{"x":41.5,"y":1.625},{"x":0.0,"y":0.0}]
    },
    {
      "SourcePinAddress":{
        "PinID":0,
        "PinOwnerID":533998756
      },
      "TargetPinAddress":{
        "PinID":1475682328,
        "PinOwnerID":1027562061
      },
      "ConnectionType":1,
      "ConnectedWireIndex":13,
      "ConnectedWireSegmentIndex":0,
      "Points":[{"x":39.5,"y":0.9375},{"x":39.5,"y":1.625},{"x":0.0,"y":0.0}]
    },
    {
      "SourcePinAddress":{
        "PinID":0,
        "PinOwnerID":533998756
      },
      "TargetPinAddress":{
        "PinID":1475682328,
        "PinOwnerID":186832258
      },
      "ConnectionType":1,
      "ConnectedWireIndex":13,
      "ConnectedWireSegmentIndex":0,
      "Points":[{"x":37.5,"y":0.9375},{"x":37.5,"y":1.625},{"x":0.0,"y":0.0}]
    },
    {
      "SourcePinAddress":{
        "PinID":0,
        "PinOwnerID":533998756
      },
      "TargetPinAddress":{
        "PinID":1475682328,
        "PinOwnerID":203995869
      },
      "ConnectionType":1,
      "ConnectedWireIndex":13,
      "ConnectedWireSegmentIndex":0,
      "Points":[{"x":35.5,"y":0.9375},{"x":35.5,"y":1.625},{"x":0.0,"y":0.0}]
    },
    {
      "SourcePinAddress":{
        "PinID":0,
        "PinOwnerID":533998756
      },
      "TargetPinAddress":{
        "PinID":1475682328,
        "PinOwnerID":1955489227
      },
      "ConnectionType":1,
      "ConnectedWireIndex":13,
      "ConnectedWireSegmentIndex":0,
      "Points":[{"x":33.5,"y":0.9375},{"x":33.5,"y":1.625},{"x":0.0,"y":0.0}]
    },
    {
      "SourcePinAddress":{
        "PinID":0,
        "PinOwnerID":533998756
      },
      "TargetPinAddress":{
        "PinID":1475682328,
        "PinOwnerID":1579649363
      },
      "ConnectionType":1,
      "ConnectedWireIndex":13,
      "ConnectedWireSegmentIndex":0,
      "Points":[{"x":31.5,"y":0.9375},{"x":31.5,"y":1.625},{"x":0.0,"y":0.0}]
    },
    {
      "SourcePinAddress":{
        "PinID":0,
        "PinOwnerID":533998756
      },
      "TargetPinAddress":{
        "PinID":1475682328,
        "PinOwnerID":1503981457
      },
      "ConnectionType":1,
      "ConnectedWireIndex":13,
      "ConnectedWireSegmentIndex":0,
      "Points":[{"x":29.5,"y":0.9375},{"x":29.5,"y":1.625},{"x":0.0,"y":0.0}]
    },
    {
      "SourcePinAddress":{
        "PinID":0,
        "PinOwnerID":1507464646
      },
      "TargetPinAddress":{
        "PinID":1304208615,
        "PinOwnerID":1503981457
      },
      "ConnectionType":1,
      "ConnectedWireIndex":0,
      "ConnectedWireSegmentIndex":0,
      "Points":[{"x":28.375,"y":1.875},{"x":0.0,"y":0.0}]
    }
  ],
  "Displays": null
}