{
  "ChipType": 0,
  "Colour": {
    "r": 0.5106941,
    "g": 0.5441535,
    "b": 0.402342,
    "a": 1
  },
  "Displays": null,
  "InputPins":[
    {
      "Name":"IN",
      "ID":617130315,
      "Position":{
        "x":2.375,
        "y":-10.125
      },
      "BitCount":8,
      "Colour":0,
      "ValueDisplayMode":1
    },
    {
      "Name":"ENABLE",
      "ID":1720693614,
      "Position":{
        "x":2.375,
        "y":-11.5
      },
      "BitCount":1,
      "Colour":0,
      "ValueDisplayMode":0
    }
  ],
  "Name": "8BIT AND",
  "NameLocation": 0,
  "OutputPins":[
    {
      "Name":"OUT",
      "ID":784645988,
      "Position":{
        "x":11.625,
        "y":-11.5625
      },
      "BitCount":8,
      "Colour":0,
      "ValueDisplayMode":1
    }
  ],
  "Size": {
    "x": 1.025,
    "y": 0.75
  },
  "SubChips":[
    {
      "Name":"8-1BIT",
      "ID":1841754967,
      "Label":"",
      "Position":{
        "x":4.8225,
        "y":-10.125
      },
      "OutputPinColourInfo":[{"PinColour":0,"PinID":1},{"PinColour":0,"PinID":2},{"PinColour":0,"PinID":3},{"PinColour":0,"PinID":4},{"PinColour":0,"PinID":5},{"PinColour":0,"PinID":6},{"PinColour":0,"PinID":7},{"PinColour":0,"PinID":8}],
      "InternalData":null
    },
    {
      "Name":"AND",
      "ID":64919960,
      "Label":"",
      "Position":{
        "x":7.2975,
        "y":-9.375
      },
      "OutputPinColourInfo":[{"PinColour":0,"PinID":2083071430}],
      "InternalData":null
    },
    {
      "Name":"AND",
      "ID":1063359634,
      "Label":"",
      "Position":{
        "x":7.2975,
        "y":-10.0
      },
      "OutputPinColourInfo":[{"PinColour":0,"PinID":2083071430}],
      "InternalData":null
    },
    {
      "Name":"AND",
      "ID":1853171801,
      "Label":"",
      "Position":{
        "x":7.2975,
        "y":-10.625
      },
      "OutputPinColourInfo":[{"PinColour":0,"PinID":2083071430}],
      "InternalData":null
    },
    {
      "Name":"AND",
      "ID":141311889,
      "Label":"",
      "Position":{
        "x":7.2975,
        "y":-11.25
      },
      "OutputPinColourInfo":[{"PinColour":0,"PinID":2083071430}],
      "InternalData":null
    },
    {
      "Name":"AND",
      "ID":1152325765,
      "Label":"",
      "Position":{
        "x":7.2975,
        "y":-11.875
      },
      "OutputPinColourInfo":[{"PinColour":0,"PinID":2083071430}],
      "InternalData":null
    },
    {
      "Name":"AND",
      "ID":816233547,
      "Label":"",
      "Position":{
        "x":7.2975,
        "y":-12.5
      },
      "OutputPinColourInfo":[{"PinColour":0,"PinID":2083071430}],
      "InternalData":null
    },
    {
      "Name":"AND",
      "ID":861272633,
      "Label":"",
      "Position":{
        "x":7.2975,
        "y":-13.125
      },
      "OutputPinColourInfo":[{"PinColour":0,"PinID":2083071430}],
      "InternalData":null
    },
    {
      "Name":"AND",
      "ID":660337164,
      "Label":"",
      "Position":{
        "x":7.2975,
        "y":-13.75
      },
      "OutputPinColourInfo":[{"PinColour":0,"PinID":2083071430}],
      "InternalData":null
    },
    {
      "Name":"1-8BIT",
      "ID":133608017,
      "Label":"",
      "Position":{
        "x":9.0725,
        "y":-11.5625
      },
      "OutputPinColourInfo":[{"PinColour":0,"PinID":8}],
      "InternalData":null
    }
  ],
  "Wires":[
    {
      "SourcePinAddress":{
        "PinID":0,
        "PinOwnerID":617130315
      },
      "TargetPinAddress":{
        "PinID":0,
        "PinOwnerID":1841754967
      },
      "ConnectionType":0,
      "ConnectedWireIndex":-1,
      "ConnectedWireSegmentIndex":-1,
      "Points":[{"x":0.0,"y":0.0},{"x":0.0,"y":0.0}]
    },
    {
      "SourcePinAddress":{
        "PinID":1,
        "PinOwnerID":1841754967
      },
      "TargetPinAddress":{
        "PinID":897348161,
        "PinOwnerID":64919960
      },
      "ConnectionType":0,
      "ConnectedWireIndex":-1,
      "ConnectedWireSegmentIndex":-1,
      "Points":[{"x":0.0,"y":0.0},{"x":0.0,"y":0.0}]
    },
    {
      "SourcePinAddress":{
        "PinID":2,
        "PinOwnerID":1841754967
      },
      "TargetPinAddress":{
        "PinID":897348161,
        "PinOwnerID":1063359634
      },
      "ConnectionType":0,
      "ConnectedWireIndex":-1,
      "ConnectedWireSegmentIndex":-1,
      "Points":[{"x":0.0,"y":0.0},{"x":6.625,"y":-9.5},{"x":6.625,"y":-9.875},{"x":0.0,"y":0.0}]
    },
    {
      "SourcePinAddress":{
        "PinID":3,
        "PinOwnerID":1841754967
      },
      "TargetPinAddress":{
        "PinID":897348161,
        "PinOwnerID":1853171801
      },
      "ConnectionType":0,
      "ConnectedWireIndex":-1,
      "ConnectedWireSegmentIndex":-1,
      "Points":[{"x":0.0,"y":0.0},{"x":6.5,"y":-9.75},{"x":6.5,"y":-10.5},{"x":0.0,"y":0.0}]
    },
    {
      "SourcePinAddress":{
        "PinID":4,
        "PinOwnerID":1841754967
      },
      "TargetPinAddress":{
        "PinID":897348161,
        "PinOwnerID":141311889
      },
      "ConnectionType":0,
      "ConnectedWireIndex":-1,
      "ConnectedWireSegmentIndex":-1,
      "Points":[{"x":0.0,"y":0.0},{"x":6.375,"y":-10.0},{"x":6.375,"y":-11.125},{"x":0.0,"y":0.0}]
    },
    {
      "SourcePinAddress":{
        "PinID":5,
        "PinOwnerID":1841754967
      },
      "TargetPinAddress":{
        "PinID":897348161,
        "PinOwnerID":1152325765
      },
      "ConnectionType":0,
      "ConnectedWireIndex":-1,
      "ConnectedWireSegmentIndex":-1,
      "Points":[{"x":0.0,"y":0.0},{"x":6.25,"y":-10.25},{"x":6.25,"y":-11.75},{"x":0.0,"y":0.0}]
    },
    {
      "SourcePinAddress":{
        "PinID":6,
        "PinOwnerID":1841754967
      },
      "TargetPinAddress":{
        "PinID":897348161,
        "PinOwnerID":816233547
      },
      "ConnectionType":0,
      "ConnectedWireIndex":-1,
      "ConnectedWireSegmentIndex":-1,
      "Points":[{"x":0.0,"y":0.0},{"x":6.125,"y":-10.5},{"x":6.125,"y":-12.375},{"x":0.0,"y":0.0}]
    },
    {
      "SourcePinAddress":{
        "PinID":7,
        "PinOwnerID":1841754967
      },
      "TargetPinAddress":{
        "PinID":897348161,
        "PinOwnerID":861272633
      },
      "ConnectionType":0,
      "ConnectedWireIndex":-1,
      "ConnectedWireSegmentIndex":-1,
      "Points":[{"x":0.0,"y":0.0},{"x":6.0,"y":-10.75},{"x":6.0,"y":-13.0},{"x":0.0,"y":0.0}]
    },
    {
      "SourcePinAddress":{
        "PinID":8,
        "PinOwnerID":1841754967
      },
      "TargetPinAddress":{
        "PinID":897348161,
        "PinOwnerID":660337164
      },
      "ConnectionType":0,
      "ConnectedWireIndex":-1,
      "ConnectedWireSegmentIndex":-1,
      "Points":[{"x":0.0,"y":0.0},{"x":5.875,"y":-11.0},{"x":5.875,"y":-13.625},{"x":0.0,"y":0.0}]
    },
    {
      "SourcePinAddress":{
        "PinID":0,
        "PinOwnerID":1720693614
      },
      "TargetPinAddress":{
        "PinID":543772438,
        "PinOwnerID":64919960
      },
      "ConnectionType":0,
      "ConnectedWireIndex":-1,
      "ConnectedWireSegmentIndex":-1,
      "Points":[{"x":0.0,"y":0.0},{"x":6.75,"y":-11.5},{"x":6.75,"y":-9.5},{"x":0.0,"y":0.0}]
    },
    {
      "SourcePinAddress":{
        "PinID":0,
        "PinOwnerID":1720693614
      },
      "TargetPinAddress":{
        "PinID":543772438,
        "PinOwnerID":1063359634
      },
      "ConnectionType":1,
      "ConnectedWireIndex":9,
      "ConnectedWireSegmentIndex":1,
      "Points":[{"x":6.75,"y":-10.125},{"x":0.0,"y":0.0}]
    },
    {
      "SourcePinAddress":{
        "PinID":0,
        "PinOwnerID":1720693614
      },
      "TargetPinAddress":{
        "PinID":543772438,
        "PinOwnerID":1853171801
      },
      "ConnectionType":1,
      "ConnectedWireIndex":9,
      "ConnectedWireSegmentIndex":1,
      "Points":[{"x":6.75,"y":-10.75},{"x":0.0,"y":0.0}]
    },
    {
      "SourcePinAddress":{
        "PinID":0,
        "PinOwnerID":1720693614
      },
      "TargetPinAddress":{
        "PinID":543772438,
        "PinOwnerID":141311889
      },
      "ConnectionType":1,
      "ConnectedWireIndex":9,
      "ConnectedWireSegmentIndex":1,
      "Points":[{"x":6.75,"y":-11.375},{"x":0.0,"y":0.0}]
    },
    {
      "SourcePinAddress":{
        "PinID":0,
        "PinOwnerID":1720693614
      },
      "TargetPinAddress":{
        "PinID":543772438,
        "PinOwnerID":1152325765
      },
      "ConnectionType":1,
      "ConnectedWireIndex":9,
      "ConnectedWireSegmentIndex":0,
      "Points":[{"x":6.75,"y":-11.5},{"x":6.75,"y":-12.0},{"x":0.0,"y":0.0}]
    },
    {
      "SourcePinAddress":{
        "PinID":0,
        "PinOwnerID":1720693614
      },
      "TargetPinAddress":{
        "PinID":543772438,
        "PinOwnerID":816233547
      },
      "ConnectionType":1,
      "ConnectedWireIndex":13,
      "ConnectedWireSegmentIndex":0,
      "Points":[{"x":6.75,"y":-12.0},{"x":6.75,"y":-12.625},{"x":0.0,"y":0.0}]
    },
    {
      "SourcePinAddress":{
        "PinID":0,
        "PinOwnerID":1720693614
      },
      "TargetPinAddress":{
        "PinID":543772438,
        "PinOwnerID":861272633
      },
      "ConnectionType":1,
      "ConnectedWireIndex":14,
      "ConnectedWireSegmentIndex":0,
      "Points":[{"x":6.75,"y":-12.625},{"x":6.75,"y":-13.25},{"x":0.0,"y":0.0}]
    },
    {
      "SourcePinAddress":{
        "PinID":0,
        "PinOwnerID":1720693614
      },
      "TargetPinAddress":{
        "PinID":543772438,
        "PinOwnerID":660337164
      },
      "ConnectionType":1,
      "ConnectedWireIndex":15,
      "ConnectedWireSegmentIndex":0,
      "Points":[{"x":6.75,"y":-13.25},{"x":6.75,"y":-13.875},{"x":0.0,"y":0.0}]
    },
    {
      "SourcePinAddress":{
        "PinID":2083071430,
        "PinOwnerID":141311889
      },
      "TargetPinAddress":{
        "PinID":3,
        "PinOwnerID":133608017
      },
      "ConnectionType":0,
      "ConnectedWireIndex":-1,
      "ConnectedWireSegmentIndex":-1,
      "Points":[{"x":0.0,"y":0.0},{"x":7.75,"y":-11.25},{"x":7.75,"y":-11.4375},{"x":0.0,"y":0.0}]
    },
    {
      "SourcePinAddress":{
        "PinID":2083071430,
        "PinOwnerID":1152325765
      },
      "TargetPinAddress":{
        "PinID":4,
        "PinOwnerID":133608017
      },
      "ConnectionType":0,
      "ConnectedWireIndex":-1,
      "ConnectedWireSegmentIndex":-1,
      "Points":[{"x":0.0,"y":0.0},{"x":7.75,"y":-11.875},{"x":7.75,"y":-11.6875},{"x":0.0,"y":0.0}]
    },
    {
      "SourcePinAddress":{
        "PinID":2083071430,
        "PinOwnerID":1853171801
      },
      "TargetPinAddress":{
        "PinID":2,
        "PinOwnerID":133608017
      },
      "ConnectionType":0,
      "ConnectedWireIndex":-1,
      "ConnectedWireSegmentIndex":-1,
      "Points":[{"x":0.0,"y":0.0},{"x":7.875,"y":-10.625},{"x":7.875,"y":-11.1875},{"x":0.0,"y":0.0}]
    },
    {
      "SourcePinAddress":{
        "PinID":2083071430,
        "PinOwnerID":1063359634
      },
      "TargetPinAddress":{
        "PinID":1,
        "PinOwnerID":133608017
      },
      "ConnectionType":0,
      "ConnectedWireIndex":-1,
      "ConnectedWireSegmentIndex":-1,
      "Points":[{"x":0.0,"y":0.0},{"x":8.0,"y":-10.0},{"x":8.0,"y":-10.9375},{"x":0.0,"y":0.0}]
    },
    {
      "SourcePinAddress":{
        "PinID":2083071430,
        "PinOwnerID":64919960
      },
      "TargetPinAddress":{
        "PinID":0,
        "PinOwnerID":133608017
      },
      "ConnectionType":0,
      "ConnectedWireIndex":-1,
      "ConnectedWireSegmentIndex":-1,
      "Points":[{"x":0.0,"y":0.0},{"x":8.125,"y":-9.375},{"x":8.125,"y":-10.6875},{"x":0.0,"y":0.0}]
    },
    {
      "SourcePinAddress":{
        "PinID":2083071430,
        "PinOwnerID":816233547
      },
      "TargetPinAddress":{
        "PinID":5,
        "PinOwnerID":133608017
      },
      "ConnectionType":0,
      "ConnectedWireIndex":-1,
      "ConnectedWireSegmentIndex":-1,
      "Points":[{"x":0.0,"y":0.0},{"x":7.875,"y":-12.5},{"x":7.875,"y":-11.9375},{"x":0.0,"y":0.0}]
    },
    {
      "SourcePinAddress":{
        "PinID":2083071430,
        "PinOwnerID":861272633
      },
      "TargetPinAddress":{
        "PinID":6,
        "PinOwnerID":133608017
      },
      "ConnectionType":0,
      "ConnectedWireIndex":-1,
      "ConnectedWireSegmentIndex":-1,
      "Points":[{"x":0.0,"y":0.0},{"x":8.0,"y":-13.125},{"x":8.0,"y":-12.1875},{"x":0.0,"y":0.0}]
    },
    {
      "SourcePinAddress":{
        "PinID":2083071430,
        "PinOwnerID":660337164
      },
      "TargetPinAddress":{
        "PinID":7,
        "PinOwnerID":133608017
      },
      "ConnectionType":0,
      "ConnectedWireIndex":-1,
      "ConnectedWireSegmentIndex":-1,
      "Points":[{"x":0.0,"y":0.0},{"x":8.125,"y":-13.75},{"x":8.125,"y":-12.4375},{"x":0.0,"y":0.0}]
    },
    {
      "SourcePinAddress":{
        "PinID":8,
        "PinOwnerID":133608017
      },
      "TargetPinAddress":{
        "PinID":0,
        "PinOwnerID":784645988
      },
      "ConnectionType":0,
      "ConnectedWireIndex":-1,
      "ConnectedWireSegmentIndex":-1,
      "Points":[{"x":0.0,"y":0.0},{"x":0.0,"y":0.0}]
    }
  ]
}