{
  "Name": "8BIT BLK",
  "NameLocation": 0,
  "ChipType": 0,
  "Size": {
    "x": 1.025,
    "y": 0.5
  },
  "Colour": {
    "r": 0.2512633,
    "g": 0.280899584,
    "b": 0.0896576,
    "a": 1
  },
  "InputPins":[
    {
      "Name":"IN",
      "ID":481784956,
      "Position":{
        "x":-15.75,
        "y":-4.625
      },
      "BitCount":8,
      "Colour":0,
      "ValueDisplayMode":0
    }
  ],
  "OutputPins":[
    {
      "Name":"OUT",
      "ID":1621432264,
      "Position":{
        "x":-12.25,
        "y":-4.625
      },
      "BitCount":8,
      "Colour":0,
      "ValueDisplayMode":0
    }
  ],
  "SubChips":[],
  "Wires":[
    {
      "SourcePinAddress":{
        "PinID":0,
        "PinOwnerID":481784956
      },
      "TargetPinAddress":{
        "PinID":0,
        "PinOwnerID":1621432264
      },
      "ConnectionType":0,
      "ConnectedWireIndex":-1,
      "ConnectedWireSegmentIndex":-1,
      "Points":[{"x":0.0,"y":0.0},{"x":0.0,"y":0.0}]
    }
  ],
  "Displays": null
}