{
  "ChipType": 0,
  "Colour": {
    "r": 0.09443539,
    "g": 0.7116628,
    "b": 0.525304,
    "a": 1
  },
  "Displays": null,
  "InputPins":[
    {
      "Name":"8BIT DATA",
      "ID":1651334387,
      "Position":{
        "x":-5.25,
        "y":4.0
      },
      "BitCount":8,
      "Colour":0,
      "ValueDisplayMode":1
    },
    {
      "Name":"READ/WRITE",
      "ID":512552352,
      "Position":{
        "x":-5.25,
        "y":2.75
      },
      "BitCount":1,
      "Colour":0,
      "ValueDisplayMode":0
    },
    {
      "Name":"CLOCK",
      "ID":2138991569,
      "Position":{
        "x":-5.25,
        "y":2.25
      },
      "BitCount":1,
      "Colour":0,
      "ValueDisplayMode":0
    },
    {
      "Name":"ENABLE",
      "ID":74804055,
      "Position":{
        "x":-5.25,
        "y":1.75
      },
      "BitCount":1,
      "Colour":0,
      "ValueDisplayMode":0
    }
  ],
  "Name": "8BIT MEM",
  "NameLocation": 0,
  "OutputPins":[
    {
      "Name":"8BIT DATA",
      "ID":251180091,
      "Position":{
        "x":5.125,
        "y":4.0
      },
      "BitCount":8,
      "Colour":0,
      "ValueDisplayMode":1
    }
  ],
  "Size": {
    "x": 1.025,
    "y": 1.25
  },
  "SubChips":[
    {
      "Name":"1 BIT",
      "ID":960497966,
      "Label":"",
      "Position":{
        "x":-0.3025,
        "y":0.75
      },
      "OutputPinColourInfo":[{"PinColour":0,"PinID":300027242}],
      "InternalData":null
    },
    {
      "Name":"1 BIT",
      "ID":469150697,
      "Label":"",
      "Position":{
        "x":-0.3025,
        "y":-0.375
      },
      "OutputPinColourInfo":[{"PinColour":0,"PinID":300027242}],
      "InternalData":null
    },
    {
      "Name":"1 BIT",
      "ID":1963952764,
      "Label":"",
      "Position":{
        "x":-0.3025,
        "y":-1.5
      },
      "OutputPinColourInfo":[{"PinColour":0,"PinID":300027242}],
      "InternalData":null
    },
    {
      "Name":"1 BIT",
      "ID":1870096966,
      "Label":"",
      "Position":{
        "x":-0.3025,
        "y":-2.625
      },
      "OutputPinColourInfo":[{"PinColour":0,"PinID":300027242}],
      "InternalData":null
    },
    {
      "Name":"1 BIT",
      "ID":1745525109,
      "Label":"",
      "Position":{
        "x":-0.3025,
        "y":-3.75
      },
      "OutputPinColourInfo":[{"PinColour":0,"PinID":300027242}],
      "InternalData":null
    },
    {
      "Name":"1 BIT",
      "ID":1450940263,
      "Label":"",
      "Position":{
        "x":-0.3025,
        "y":-4.875
      },
      "OutputPinColourInfo":[{"PinColour":0,"PinID":300027242}],
      "InternalData":null
    },
    {
      "Name":"1 BIT",
      "ID":1071510199,
      "Label":"",
      "Position":{
        "x":-0.3025,
        "y":-6.0
      },
      "OutputPinColourInfo":[{"PinColour":0,"PinID":300027242}],
      "InternalData":null
    },
    {
      "Name":"1 BIT",
      "ID":788309794,
      "Label":"",
      "Position":{
        "x":-0.3025,
        "y":-7.125
      },
      "OutputPinColourInfo":[{"PinColour":0,"PinID":300027242}],
      "InternalData":null
    },
    {
      "Name":"8-1BIT",
      "ID":1364523073,
      "Label":"",
      "Position":{
        "x":-2.8025,
        "y":4.0
      },
      "OutputPinColourInfo":[{"PinColour":0,"PinID":1},{"PinColour":0,"PinID":2},{"PinColour":0,"PinID":3},{"PinColour":0,"PinID":4},{"PinColour":0,"PinID":5},{"PinColour":0,"PinID":6},{"PinColour":0,"PinID":7},{"PinColour":0,"PinID":8}],
      "InternalData":null
    },
    {
      "Name":"1-8BIT",
      "ID":460811490,
      "Label":"",
      "Position":{
        "x":1.8225,
        "y":4.0
      },
      "OutputPinColourInfo":[{"PinColour":0,"PinID":8}],
      "InternalData":null
    }
  ],
  "Wires":[
    {
      "SourcePinAddress":{
        "PinID":0,
        "PinOwnerID":1651334387
      },
      "TargetPinAddress":{
        "PinID":0,
        "PinOwnerID":1364523073
      },
      "ConnectionType":0,
      "ConnectedWireIndex":-1,
      "ConnectedWireSegmentIndex":-1,
      "Points":[{"x":0.0,"y":0.0},{"x":0.0,"y":0.0}]
    },
    {
      "SourcePinAddress":{
        "PinID":1,
        "PinOwnerID":1364523073
      },
      "TargetPinAddress":{
        "PinID":879168499,
        "PinOwnerID":960497966
      },
      "ConnectionType":0,
      "ConnectedWireIndex":-1,
      "ConnectedWireSegmentIndex":-1,
      "Points":[{"x":0.0,"y":0.0},{"x":-1.0,"y":4.875},{"x":-1.0,"y":0.625},{"x":0.0,"y":0.0}]
    },
    {
      "SourcePinAddress":{
        "PinID":2,
        "PinOwnerID":1364523073
      },
      "TargetPinAddress":{
        "PinID":879168499,
        "PinOwnerID":469150697
      },
      "ConnectionType":0,
      "ConnectedWireIndex":-1,
      "ConnectedWireSegmentIndex":-1,
      "Points":[{"x":0.0,"y":0.0},{"x":-1.0625,"y":4.625},{"x":-1.0625,"y":-0.5},{"x":0.0,"y":0.0}]
    },
    {
      "SourcePinAddress":{
        "PinID":3,
        "PinOwnerID":1364523073
      },
      "TargetPinAddress":{
        "PinID":879168499,
        "PinOwnerID":1963952764
      },
      "ConnectionType":0,
      "ConnectedWireIndex":-1,
      "ConnectedWireSegmentIndex":-1,
      "Points":[{"x":0.0,"y":0.0},{"x":-1.125,"y":4.375},{"x":-1.125,"y":-1.625},{"x":0.0,"y":0.0}]
    },
    {
      "SourcePinAddress":{
        "PinID":4,
        "PinOwnerID":1364523073
      },
      "TargetPinAddress":{
        "PinID":879168499,
        "PinOwnerID":1870096966
      },
      "ConnectionType":0,
      "ConnectedWireIndex":-1,
      "ConnectedWireSegmentIndex":-1,
      "Points":[{"x":0.0,"y":0.0},{"x":-1.1875,"y":4.125},{"x":-1.1875,"y":-2.75},{"x":0.0,"y":0.0}]
    },
    {
      "SourcePinAddress":{
        "PinID":5,
        "PinOwnerID":1364523073
      },
      "TargetPinAddress":{
        "PinID":879168499,
        "PinOwnerID":1745525109
      },
      "ConnectionType":0,
      "ConnectedWireIndex":-1,
      "ConnectedWireSegmentIndex":-1,
      "Points":[{"x":0.0,"y":0.0},{"x":-1.25,"y":3.875},{"x":-1.25,"y":-3.875},{"x":0.0,"y":0.0}]
    },
    {
      "SourcePinAddress":{
        "PinID":6,
        "PinOwnerID":1364523073
      },
      "TargetPinAddress":{
        "PinID":879168499,
        "PinOwnerID":1450940263
      },
      "ConnectionType":0,
      "ConnectedWireIndex":-1,
      "ConnectedWireSegmentIndex":-1,
      "Points":[{"x":0.0,"y":0.0},{"x":-1.3125,"y":3.625},{"x":-1.3125,"y":-5.0},{"x":0.0,"y":0.0}]
    },
    {
      "SourcePinAddress":{
        "PinID":7,
        "PinOwnerID":1364523073
      },
      "TargetPinAddress":{
        "PinID":879168499,
        "PinOwnerID":1071510199
      },
      "ConnectionType":0,
      "ConnectedWireIndex":-1,
      "ConnectedWireSegmentIndex":-1,
      "Points":[{"x":0.0,"y":0.0},{"x":-1.375,"y":3.375},{"x":-1.375,"y":-6.125},{"x":0.0,"y":0.0}]
    },
    {
      "SourcePinAddress":{
        "PinID":8,
        "PinOwnerID":1364523073
      },
      "TargetPinAddress":{
        "PinID":879168499,
        "PinOwnerID":788309794
      },
      "ConnectionType":0,
      "ConnectedWireIndex":-1,
      "ConnectedWireSegmentIndex":-1,
      "Points":[{"x":0.0,"y":0.0},{"x":-1.4375,"y":3.125},{"x":-1.4375,"y":-7.25},{"x":0.0,"y":0.0}]
    },
    {
      "SourcePinAddress":{
        "PinID":0,
        "PinOwnerID":512552352
      },
      "TargetPinAddress":{
        "PinID":1494111972,
        "PinOwnerID":788309794
      },
      "ConnectionType":0,
      "ConnectedWireIndex":-1,
      "ConnectedWireSegmentIndex":-1,
      "Points":[{"x":0.0,"y":0.0},{"x":-1.625,"y":2.75},{"x":-1.625,"y":-6.75},{"x":0.0,"y":0.0}]
    },
    {
      "SourcePinAddress":{
        "PinID":0,
        "PinOwnerID":512552352
      },
      "TargetPinAddress":{
        "PinID":1494111972,
        "PinOwnerID":1071510199
      },
      "ConnectionType":1,
      "ConnectedWireIndex":9,
      "ConnectedWireSegmentIndex":1,
      "Points":[{"x":-1.625,"y":-5.625},{"x":0.0,"y":0.0}]
    },
    {
      "SourcePinAddress":{
        "PinID":0,
        "PinOwnerID":512552352
      },
      "TargetPinAddress":{
        "PinID":1494111972,
        "PinOwnerID":1450940263
      },
      "ConnectionType":1,
      "ConnectedWireIndex":9,
      "ConnectedWireSegmentIndex":1,
      "Points":[{"x":-1.625,"y":-4.5},{"x":0.0,"y":0.0}]
    },
    {
      "SourcePinAddress":{
        "PinID":0,
        "PinOwnerID":512552352
      },
      "TargetPinAddress":{
        "PinID":1494111972,
        "PinOwnerID":1745525109
      },
      "ConnectionType":1,
      "ConnectedWireIndex":9,
      "ConnectedWireSegmentIndex":1,
      "Points":[{"x":-1.625,"y":-3.375},{"x":0.0,"y":0.0}]
    },
    {
      "SourcePinAddress":{
        "PinID":0,
        "PinOwnerID":512552352
      },
      "TargetPinAddress":{
        "PinID":1494111972,
        "PinOwnerID":1870096966
      },
      "ConnectionType":1,
      "ConnectedWireIndex":9,
      "ConnectedWireSegmentIndex":1,
      "Points":[{"x":-1.625,"y":-2.25},{"x":0.0,"y":0.0}]
    },
    {
      "SourcePinAddress":{
        "PinID":0,
        "PinOwnerID":512552352
      },
      "TargetPinAddress":{
        "PinID":1494111972,
        "PinOwnerID":1963952764
      },
      "ConnectionType":1,
      "ConnectedWireIndex":9,
      "ConnectedWireSegmentIndex":1,
      "Points":[{"x":-1.625,"y":-1.125},{"x":0.0,"y":0.0}]
    },
    {
      "SourcePinAddress":{
        "PinID":0,
        "PinOwnerID":512552352
      },
      "TargetPinAddress":{
        "PinID":1494111972,
        "PinOwnerID":469150697
      },
      "ConnectionType":1,
      "ConnectedWireIndex":9,
      "ConnectedWireSegmentIndex":1,
      "Points":[{"x":-1.625,"y":0.0},{"x":0.0,"y":0.0}]
    },
    {
      "SourcePinAddress":{
        "PinID":0,
        "PinOwnerID":512552352
      },
      "TargetPinAddress":{
        "PinID":1494111972,
        "PinOwnerID":960497966
      },
      "ConnectionType":1,
      "ConnectedWireIndex":9,
      "ConnectedWireSegmentIndex":1,
      "Points":[{"x":-1.625,"y":1.125},{"x":0.0,"y":0.0}]
    },
    {
      "SourcePinAddress":{
        "PinID":0,
        "PinOwnerID":2138991569
      },
      "TargetPinAddress":{
        "PinID":1099472948,
        "PinOwnerID":788309794
      },
      "ConnectionType":0,
      "ConnectedWireIndex":-1,
      "ConnectedWireSegmentIndex":-1,
      "Points":[{"x":0.0,"y":0.0},{"x":-1.6875,"y":2.25},{"x":-1.6875,"y":-7.0},{"x":0.0,"y":0.0}]
    },
    {
      "SourcePinAddress":{
        "PinID":0,
        "PinOwnerID":2138991569
      },
      "TargetPinAddress":{
        "PinID":1099472948,
        "PinOwnerID":1071510199
      },
      "ConnectionType":1,
      "ConnectedWireIndex":17,
      "ConnectedWireSegmentIndex":1,
      "Points":[{"x":-1.6875,"y":-5.875},{"x":0.0,"y":0.0}]
    },
    {
      "SourcePinAddress":{
        "PinID":0,
        "PinOwnerID":2138991569
      },
      "TargetPinAddress":{
        "PinID":1099472948,
        "PinOwnerID":1450940263
      },
      "ConnectionType":1,
      "ConnectedWireIndex":17,
      "ConnectedWireSegmentIndex":1,
      "Points":[{"x":-1.6875,"y":-4.75},{"x":0.0,"y":0.0}]
    },
    {
      "SourcePinAddress":{
        "PinID":0,
        "PinOwnerID":2138991569
      },
      "TargetPinAddress":{
        "PinID":1099472948,
        "PinOwnerID":1745525109
      },
      "ConnectionType":1,
      "ConnectedWireIndex":17,
      "ConnectedWireSegmentIndex":1,
      "Points":[{"x":-1.6875,"y":-3.625},{"x":0.0,"y":0.0}]
    },
    {
      "SourcePinAddress":{
        "PinID":0,
        "PinOwnerID":2138991569
      },
      "TargetPinAddress":{
        "PinID":1099472948,
        "PinOwnerID":1870096966
      },
      "ConnectionType":1,
      "ConnectedWireIndex":17,
      "ConnectedWireSegmentIndex":1,
      "Points":[{"x":-1.6875,"y":-2.5},{"x":0.0,"y":0.0}]
    },
    {
      "SourcePinAddress":{
        "PinID":0,
        "PinOwnerID":2138991569
      },
      "TargetPinAddress":{
        "PinID":1099472948,
        "PinOwnerID":1963952764
      },
      "ConnectionType":1,
      "ConnectedWireIndex":17,
      "ConnectedWireSegmentIndex":1,
      "Points":[{"x":-1.6875,"y":-1.375},{"x":0.0,"y":0.0}]
    },
    {
      "SourcePinAddress":{
        "PinID":0,
        "PinOwnerID":2138991569
      },
      "TargetPinAddress":{
        "PinID":1099472948,
        "PinOwnerID":469150697
      },
      "ConnectionType":1,
      "ConnectedWireIndex":17,
      "ConnectedWireSegmentIndex":1,
      "Points":[{"x":-1.6875,"y":-0.25},{"x":0.0,"y":0.0}]
    },
    {
      "SourcePinAddress":{
        "PinID":0,
        "PinOwnerID":2138991569
      },
      "TargetPinAddress":{
        "PinID":1099472948,
        "PinOwnerID":960497966
      },
      "ConnectionType":1,
      "ConnectedWireIndex":17,
      "ConnectedWireSegmentIndex":1,
      "Points":[{"x":-1.6875,"y":0.875},{"x":0.0,"y":0.0}]
    },
    {
      "SourcePinAddress":{
        "PinID":0,
        "PinOwnerID":74804055
      },
      "TargetPinAddress":{
        "PinID":663119724,
        "PinOwnerID":788309794
      },
      "ConnectionType":0,
      "ConnectedWireIndex":-1,
      "ConnectedWireSegmentIndex":-1,
      "Points":[{"x":0.0,"y":0.0},{"x":-1.75,"y":1.75},{"x":-1.75,"y":-7.5},{"x":0.0,"y":0.0}]
    },
    {
      "SourcePinAddress":{
        "PinID":0,
        "PinOwnerID":74804055
      },
      "TargetPinAddress":{
        "PinID":663119724,
        "PinOwnerID":960497966
      },
      "ConnectionType":1,
      "ConnectedWireIndex":25,
      "ConnectedWireSegmentIndex":1,
      "Points":[{"x":-1.75,"y":0.375},{"x":0.0,"y":0.0}]
    },
    {
      "SourcePinAddress":{
        "PinID":0,
        "PinOwnerID":74804055
      },
      "TargetPinAddress":{
        "PinID":663119724,
        "PinOwnerID":469150697
      },
      "ConnectionType":1,
      "ConnectedWireIndex":25,
      "ConnectedWireSegmentIndex":1,
      "Points":[{"x":-1.75,"y":-0.75},{"x":0.0,"y":0.0}]
    },
    {
      "SourcePinAddress":{
        "PinID":0,
        "PinOwnerID":74804055
      },
      "TargetPinAddress":{
        "PinID":663119724,
        "PinOwnerID":1963952764
      },
      "ConnectionType":1,
      "ConnectedWireIndex":25,
      "ConnectedWireSegmentIndex":1,
      "Points":[{"x":-1.75,"y":-1.875},{"x":0.0,"y":0.0}]
    },
    {
      "SourcePinAddress":{
        "PinID":0,
        "PinOwnerID":74804055
      },
      "TargetPinAddress":{
        "PinID":663119724,
        "PinOwnerID":1870096966
      },
      "ConnectionType":1,
      "ConnectedWireIndex":25,
      "ConnectedWireSegmentIndex":1,
      "Points":[{"x":-1.75,"y":-3.0},{"x":0.0,"y":0.0}]
    },
    {
      "SourcePinAddress":{
        "PinID":0,
        "PinOwnerID":74804055
      },
      "TargetPinAddress":{
        "PinID":663119724,
        "PinOwnerID":1745525109
      },
      "ConnectionType":1,
      "ConnectedWireIndex":25,
      "ConnectedWireSegmentIndex":1,
      "Points":[{"x":-1.75,"y":-4.125},{"x":0.0,"y":0.0}]
    },
    {
      "SourcePinAddress":{
        "PinID":0,
        "PinOwnerID":74804055
      },
      "TargetPinAddress":{
        "PinID":663119724,
        "PinOwnerID":1450940263
      },
      "ConnectionType":1,
      "ConnectedWireIndex":25,
      "ConnectedWireSegmentIndex":1,
      "Points":[{"x":-1.75,"y":-5.25},{"x":0.0,"y":0.0}]
    },
    {
      "SourcePinAddress":{
        "PinID":0,
        "PinOwnerID":74804055
      },
      "TargetPinAddress":{
        "PinID":663119724,
        "PinOwnerID":1071510199
      },
      "ConnectionType":1,
      "ConnectedWireIndex":25,
      "ConnectedWireSegmentIndex":1,
      "Points":[{"x":-1.75,"y":-6.375},{"x":0.0,"y":0.0}]
    },
    {
      "SourcePinAddress":{
        "PinID":300027242,
        "PinOwnerID":960497966
      },
      "TargetPinAddress":{
        "PinID":0,
        "PinOwnerID":460811490
      },
      "ConnectionType":0,
      "ConnectedWireIndex":-1,
      "ConnectedWireSegmentIndex":-1,
      "Points":[{"x":0.0,"y":0.0},{"x":0.375,"y":0.75},{"x":0.375,"y":4.875},{"x":0.0,"y":0.0}]
    },
    {
      "SourcePinAddress":{
        "PinID":300027242,
        "PinOwnerID":469150697
      },
      "TargetPinAddress":{
        "PinID":1,
        "PinOwnerID":460811490
      },
      "ConnectionType":0,
      "ConnectedWireIndex":-1,
      "ConnectedWireSegmentIndex":-1,
      "Points":[{"x":0.0,"y":0.0},{"x":0.4375,"y":-0.375},{"x":0.4375,"y":4.625},{"x":0.0,"y":0.0}]
    },
    {
      "SourcePinAddress":{
        "PinID":300027242,
        "PinOwnerID":1963952764
      },
      "TargetPinAddress":{
        "PinID":2,
        "PinOwnerID":460811490
      },
      "ConnectionType":0,
      "ConnectedWireIndex":-1,
      "ConnectedWireSegmentIndex":-1,
      "Points":[{"x":0.0,"y":0.0},{"x":0.5,"y":-1.5},{"x":0.5,"y":4.375},{"x":0.0,"y":0.0}]
    },
    {
      "SourcePinAddress":{
        "PinID":300027242,
        "PinOwnerID":1870096966
      },
      "TargetPinAddress":{
        "PinID":3,
        "PinOwnerID":460811490
      },
      "ConnectionType":0,
      "ConnectedWireIndex":-1,
      "ConnectedWireSegmentIndex":-1,
      "Points":[{"x":0.0,"y":0.0},{"x":0.5625,"y":-2.625},{"x":0.5625,"y":4.125},{"x":0.0,"y":0.0}]
    },
    {
      "SourcePinAddress":{
        "PinID":300027242,
        "PinOwnerID":1745525109
      },
      "TargetPinAddress":{
        "PinID":4,
        "PinOwnerID":460811490
      },
      "ConnectionType":0,
      "ConnectedWireIndex":-1,
      "ConnectedWireSegmentIndex":-1,
      "Points":[{"x":0.0,"y":0.0},{"x":0.625,"y":-3.75},{"x":0.625,"y":3.875},{"x":0.0,"y":0.0}]
    },
    {
      "SourcePinAddress":{
        "PinID":300027242,
        "PinOwnerID":1450940263
      },
      "TargetPinAddress":{
        "PinID":5,
        "PinOwnerID":460811490
      },
      "ConnectionType":0,
      "ConnectedWireIndex":-1,
      "ConnectedWireSegmentIndex":-1,
      "Points":[{"x":0.0,"y":0.0},{"x":0.6875,"y":-4.875},{"x":0.6875,"y":3.625},{"x":0.0,"y":0.0}]
    },
    {
      "SourcePinAddress":{
        "PinID":300027242,
        "PinOwnerID":1071510199
      },
      "TargetPinAddress":{
        "PinID":6,
        "PinOwnerID":460811490
      },
      "ConnectionType":0,
      "ConnectedWireIndex":-1,
      "ConnectedWireSegmentIndex":-1,
      "Points":[{"x":0.0,"y":0.0},{"x":0.75,"y":-6.0},{"x":0.75,"y":3.375},{"x":0.0,"y":0.0}]
    },
    {
      "SourcePinAddress":{
        "PinID":300027242,
        "PinOwnerID":788309794
      },
      "TargetPinAddress":{
        "PinID":7,
        "PinOwnerID":460811490
      },
      "ConnectionType":0,
      "ConnectedWireIndex":-1,
      "ConnectedWireSegmentIndex":-1,
      "Points":[{"x":0.0,"y":0.0},{"x":0.8125,"y":-7.125},{"x":0.8125,"y":3.125},{"x":0.0,"y":0.0}]
    },
    {
      "SourcePinAddress":{
        "PinID":8,
        "PinOwnerID":460811490
      },
      "TargetPinAddress":{
        "PinID":0,
        "PinOwnerID":251180091
      },
      "ConnectionType":0,
      "ConnectedWireIndex":-1,
      "ConnectedWireSegmentIndex":-1,
      "Points":[{"x":0.0,"y":0.0},{"x":0.0,"y":0.0}]
    }
  ]
}