{
  "ChipType": 0,
  "Colour": {
    "r": 0.53813225,
    "g": 0.34616968,
    "b": 0.408103645,
    "a": 1
  },
  "Displays": null,
  "InputPins":[
    {
      "Name":"IN",
      "ID":1411023335,
      "Position":{
        "x":-2.75,
        "y":-0.375
      },
      "BitCount":8,
      "Colour":0,
      "ValueDisplayMode":0
    }
  ],
  "Name": "8BIT NOT",
  "NameLocation": 0,
  "OutputPins":[
    {
      "Name":"OUT",
      "ID":1848956989,
      "Position":{
        "x":5.375,
        "y":-0.375
      },
      "BitCount":8,
      "Colour":0,
      "ValueDisplayMode":0
    }
  ],
  "Size": {
    "x": 1.025,
    "y": 0.5
  },
  "SubChips":[
    {
      "Name":"8-1BIT",
      "ID":1178954950,
      "Label":"",
      "Position":{
        "x":-0.4275,
        "y":-0.375
      },
      "OutputPinColourInfo":[{"PinColour":0,"PinID":1},{"PinColour":0,"PinID":2},{"PinColour":0,"PinID":3},{"PinColour":0,"PinID":4},{"PinColour":0,"PinID":5},{"PinColour":0,"PinID":6},{"PinColour":0,"PinID":7},{"PinColour":0,"PinID":8}],
      "InternalData":null
    },
    {
      "Name":"NOT",
      "ID":684626613,
      "Label":"",
      "Position":{
        "x":1.1725,
        "y":1.375
      },
      "OutputPinColourInfo":[{"PinColour":0,"PinID":1732242051}],
      "InternalData":null
    },
    {
      "Name":"NOT",
      "ID":1260468071,
      "Label":"",
      "Position":{
        "x":1.1725,
        "y":0.875
      },
      "OutputPinColourInfo":[{"PinColour":0,"PinID":1732242051}],
      "InternalData":null
    },
    {
      "Name":"NOT",
      "ID":1295634757,
      "Label":"",
      "Position":{
        "x":1.1725,
        "y":0.375
      },
      "OutputPinColourInfo":[{"PinColour":0,"PinID":1732242051}],
      "InternalData":null
    },
    {
      "Name":"NOT",
      "ID":711902654,
      "Label":"",
      "Position":{
        "x":1.1725,
        "y":-0.125
      },
      "OutputPinColourInfo":[{"PinColour":0,"PinID":1732242051}],
      "InternalData":null
    },
    {
      "Name":"NOT",
      "ID":634945204,
      "Label":"",
      "Position":{
        "x":1.1725,
        "y":-0.625
      },
      "OutputPinColourInfo":[{"PinColour":0,"PinID":1732242051}],
      "InternalData":null
    },
    {
      "Name":"NOT",
      "ID":750504432,
      "Label":"",
      "Position":{
        "x":1.1725,
        "y":-1.125
      },
      "OutputPinColourInfo":[{"PinColour":0,"PinID":1732242051}],
      "InternalData":null
    },
    {
      "Name":"NOT",
      "ID":526171508,
      "Label":"",
      "Position":{
        "x":1.1725,
        "y":-1.625
      },
      "OutputPinColourInfo":[{"PinColour":0,"PinID":1732242051}],
      "InternalData":null
    },
    {
      "Name":"NOT",
      "ID":564679173,
      "Label":"",
      "Position":{
        "x":1.1725,
        "y":-2.125
      },
      "OutputPinColourInfo":[{"PinColour":0,"PinID":1732242051}],
      "InternalData":null
    },
    {
      "Name":"1-8BIT",
      "ID":1281783438,
      "Label":"",
      "Position":{
        "x":2.8225,
        "y":-0.375
      },
      "OutputPinColourInfo":[{"PinColour":0,"PinID":8}],
      "InternalData":null
    }
  ],
  "Wires":[
    {
      "SourcePinAddress":{
        "PinID":5,
        "PinOwnerID":1178954950
      },
      "TargetPinAddress":{
        "PinID":1772587332,
        "PinOwnerID":634945204
      },
      "ConnectionType":0,
      "ConnectedWireIndex":-1,
      "ConnectedWireSegmentIndex":-1,
      "Points":[{"x":0.0,"y":0.0},{"x":0.6875,"y":-0.5},{"x":0.6875,"y":-0.625},{"x":0.0,"y":0.0}]
    },
    {
      "SourcePinAddress":{
        "PinID":4,
        "PinOwnerID":1178954950
      },
      "TargetPinAddress":{
        "PinID":1772587332,
        "PinOwnerID":711902654
      },
      "ConnectionType":0,
      "ConnectedWireIndex":-1,
      "ConnectedWireSegmentIndex":-1,
      "Points":[{"x":0.0,"y":0.0},{"x":0.6875,"y":-0.25},{"x":0.6875,"y":-0.125},{"x":0.0,"y":0.0}]
    },
    {
      "SourcePinAddress":{
        "PinID":3,
        "PinOwnerID":1178954950
      },
      "TargetPinAddress":{
        "PinID":1772587332,
        "PinOwnerID":1295634757
      },
      "ConnectionType":0,
      "ConnectedWireIndex":-1,
      "ConnectedWireSegmentIndex":-1,
      "Points":[{"x":0.0,"y":0.0},{"x":0.625,"y":0.0},{"x":0.625,"y":0.375},{"x":0.0,"y":0.0}]
    },
    {
      "SourcePinAddress":{
        "PinID":2,
        "PinOwnerID":1178954950
      },
      "TargetPinAddress":{
        "PinID":1772587332,
        "PinOwnerID":1260468071
      },
      "ConnectionType":0,
      "ConnectedWireIndex":-1,
      "ConnectedWireSegmentIndex":-1,
      "Points":[{"x":0.0,"y":0.0},{"x":0.5625,"y":0.25},{"x":0.5625,"y":0.875},{"x":0.0,"y":0.0}]
    },
    {
      "SourcePinAddress":{
        "PinID":1,
        "PinOwnerID":1178954950
      },
      "TargetPinAddress":{
        "PinID":1772587332,
        "PinOwnerID":684626613
      },
      "ConnectionType":0,
      "ConnectedWireIndex":-1,
      "ConnectedWireSegmentIndex":-1,
      "Points":[{"x":0.0,"y":0.0},{"x":0.5,"y":0.5},{"x":0.5,"y":1.375},{"x":0.0,"y":0.0}]
    },
    {
      "SourcePinAddress":{
        "PinID":6,
        "PinOwnerID":1178954950
      },
      "TargetPinAddress":{
        "PinID":1772587332,
        "PinOwnerID":750504432
      },
      "ConnectionType":0,
      "ConnectedWireIndex":-1,
      "ConnectedWireSegmentIndex":-1,
      "Points":[{"x":0.0,"y":0.0},{"x":0.625,"y":-0.75},{"x":0.625,"y":-1.125},{"x":0.0,"y":0.0}]
    },
    {
      "SourcePinAddress":{
        "PinID":7,
        "PinOwnerID":1178954950
      },
      "TargetPinAddress":{
        "PinID":1772587332,
        "PinOwnerID":526171508
      },
      "ConnectionType":0,
      "ConnectedWireIndex":-1,
      "ConnectedWireSegmentIndex":-1,
      "Points":[{"x":0.0,"y":0.0},{"x":0.5625,"y":-1.0},{"x":0.5625,"y":-1.625},{"x":0.0,"y":0.0}]
    },
    {
      "SourcePinAddress":{
        "PinID":8,
        "PinOwnerID":1178954950
      },
      "TargetPinAddress":{
        "PinID":1772587332,
        "PinOwnerID":564679173
      },
      "ConnectionType":0,
      "ConnectedWireIndex":-1,
      "ConnectedWireSegmentIndex":-1,
      "Points":[{"x":0.0,"y":0.0},{"x":0.5,"y":-1.25},{"x":0.5,"y":-2.125},{"x":0.0,"y":0.0}]
    },
    {
      "SourcePinAddress":{
        "PinID":1732242051,
        "PinOwnerID":634945204
      },
      "TargetPinAddress":{
        "PinID":4,
        "PinOwnerID":1281783438
      },
      "ConnectionType":0,
      "ConnectedWireIndex":-1,
      "ConnectedWireSegmentIndex":-1,
      "Points":[{"x":0.0,"y":0.0},{"x":1.6875,"y":-0.625},{"x":1.6875,"y":-0.5},{"x":0.0,"y":0.0}]
    },
    {
      "SourcePinAddress":{
        "PinID":1732242051,
        "PinOwnerID":750504432
      },
      "TargetPinAddress":{
        "PinID":5,
        "PinOwnerID":1281783438
      },
      "ConnectionType":0,
      "ConnectedWireIndex":-1,
      "ConnectedWireSegmentIndex":-1,
      "Points":[{"x":0.0,"y":0.0},{"x":1.75,"y":-1.125},{"x":1.75,"y":-0.75},{"x":0.0,"y":0.0}]
    },
    {
      "SourcePinAddress":{
        "PinID":1732242051,
        "PinOwnerID":526171508
      },
      "TargetPinAddress":{
        "PinID":6,
        "PinOwnerID":1281783438
      },
      "ConnectionType":0,
      "ConnectedWireIndex":-1,
      "ConnectedWireSegmentIndex":-1,
      "Points":[{"x":0.0,"y":0.0},{"x":1.8125,"y":-1.625},{"x":1.8125,"y":-1.0},{"x":0.0,"y":0.0}]
    },
    {
      "SourcePinAddress":{
        "PinID":1732242051,
        "PinOwnerID":564679173
      },
      "TargetPinAddress":{
        "PinID":7,
        "PinOwnerID":1281783438
      },
      "ConnectionType":0,
      "ConnectedWireIndex":-1,
      "ConnectedWireSegmentIndex":-1,
      "Points":[{"x":0.0,"y":0.0},{"x":1.875,"y":-2.125},{"x":1.875,"y":-1.25},{"x":0.0,"y":0.0}]
    },
    {
      "SourcePinAddress":{
        "PinID":1732242051,
        "PinOwnerID":711902654
      },
      "TargetPinAddress":{
        "PinID":3,
        "PinOwnerID":1281783438
      },
      "ConnectionType":0,
      "ConnectedWireIndex":-1,
      "ConnectedWireSegmentIndex":-1,
      "Points":[{"x":0.0,"y":0.0},{"x":1.6875,"y":-0.125},{"x":1.6875,"y":-0.25},{"x":0.0,"y":0.0}]
    },
    {
      "SourcePinAddress":{
        "PinID":1732242051,
        "PinOwnerID":1295634757
      },
      "TargetPinAddress":{
        "PinID":2,
        "PinOwnerID":1281783438
      },
      "ConnectionType":0,
      "ConnectedWireIndex":-1,
      "ConnectedWireSegmentIndex":-1,
      "Points":[{"x":0.0,"y":0.0},{"x":1.75,"y":0.375},{"x":1.75,"y":0.0},{"x":0.0,"y":0.0}]
    },
    {
      "SourcePinAddress":{
        "PinID":1732242051,
        "PinOwnerID":1260468071
      },
      "TargetPinAddress":{
        "PinID":1,
        "PinOwnerID":1281783438
      },
      "ConnectionType":0,
      "ConnectedWireIndex":-1,
      "ConnectedWireSegmentIndex":-1,
      "Points":[{"x":0.0,"y":0.0},{"x":1.8125,"y":0.875},{"x":1.8125,"y":0.25},{"x":0.0,"y":0.0}]
    },
    {
      "SourcePinAddress":{
        "PinID":1732242051,
        "PinOwnerID":684626613
      },
      "TargetPinAddress":{
        "PinID":0,
        "PinOwnerID":1281783438
      },
      "ConnectionType":0,
      "ConnectedWireIndex":-1,
      "ConnectedWireSegmentIndex":-1,
      "Points":[{"x":0.0,"y":0.0},{"x":1.875,"y":1.375},{"x":1.875,"y":0.5},{"x":0.0,"y":0.0}]
    },
    {
      "SourcePinAddress":{
        "PinID":8,
        "PinOwnerID":1281783438
      },
      "TargetPinAddress":{
        "PinID":0,
        "PinOwnerID":1848956989
      },
      "ConnectionType":0,
      "ConnectedWireIndex":-1,
      "ConnectedWireSegmentIndex":-1,
      "Points":[{"x":0.0,"y":0.0},{"x":0.0,"y":0.0}]
    },
    {
      "SourcePinAddress":{
        "PinID":0,
        "PinOwnerID":1411023335
      },
      "TargetPinAddress":{
        "PinID":0,
        "PinOwnerID":1178954950
      },
      "ConnectionType":0,
      "ConnectedWireIndex":-1,
      "ConnectedWireSegmentIndex":-1,
      "Points":[{"x":0.0,"y":0.0},{"x":0.0,"y":0.0}]
    }
  ]
}