{
  "ChipType": 0,
  "Colour": {
    "r": 0.177274868,
    "g": 0.239798427,
    "b": 0.139209032,
    "a": 1
  },
  "Displays": null,
  "InputPins":[
    {
      "Name":"IN",
      "ID":952347647,
      "Position":{
        "x":1.875,
        "y":-0.625
      },
      "BitCount":8,
      "Colour":0,
      "ValueDisplayMode":0
    }
  ],
  "Name": "8BIT INVERTER",
  "NameLocation": 0,
  "OutputPins":[
    {
      "Name":"OUT",
      "ID":137996599,
      "Position":{
        "x":9.75,
        "y":-2.375
      },
      "BitCount":8,
      "Colour":0,
      "ValueDisplayMode":0
    }
  ],
  "Size": {
    "x": 1.325,
    "y": 0.5
  },
  "SubChips":[
    {
      "Name":"1-8BIT",
      "ID":2134901936,
      "Label":"",
      "Position":{
        "x":7.3225,
        "y":-2.375
      },
      "OutputPinColourInfo":[{"PinColour":0,"PinID":8}],
      "InternalData":null
    },
    {
      "Name":"8-1BIT",
      "ID":1094648679,
      "Label":"",
      "Position":{
        "x":4.1975,
        "y":-0.625
      },
      "OutputPinColourInfo":[{"PinColour":0,"PinID":1},{"PinColour":0,"PinID":2},{"PinColour":0,"PinID":3},{"PinColour":0,"PinID":4},{"PinColour":0,"PinID":5},{"PinColour":0,"PinID":6},{"PinColour":0,"PinID":7},{"PinColour":0,"PinID":8}],
      "InternalData":null
    }
  ],
  "Wires":[
    {
      "SourcePinAddress":{
        "PinID":1,
        "PinOwnerID":1094648679
      },
      "TargetPinAddress":{
        "PinID":7,
        "PinOwnerID":2134901936
      },
      "ConnectionType":0,
      "ConnectedWireIndex":-1,
      "ConnectedWireSegmentIndex":-1,
      "Points":[{"x":0.0,"y":0.0},{"x":6.5,"y":0.25},{"x":6.5,"y":-3.25},{"x":0.0,"y":0.0}]
    },
    {
      "SourcePinAddress":{
        "PinID":2,
        "PinOwnerID":1094648679
      },
      "TargetPinAddress":{
        "PinID":6,
        "PinOwnerID":2134901936
      },
      "ConnectionType":0,
      "ConnectedWireIndex":-1,
      "ConnectedWireSegmentIndex":-1,
      "Points":[{"x":0.0,"y":0.0},{"x":6.25,"y":0.0},{"x":6.25,"y":-3.0},{"x":0.0,"y":0.0}]
    },
    {
      "SourcePinAddress":{
        "PinID":3,
        "PinOwnerID":1094648679
      },
      "TargetPinAddress":{
        "PinID":5,
        "PinOwnerID":2134901936
      },
      "ConnectionType":0,
      "ConnectedWireIndex":-1,
      "ConnectedWireSegmentIndex":-1,
      "Points":[{"x":0.0,"y":0.0},{"x":6.0,"y":-0.25},{"x":6.0,"y":-2.75},{"x":0.0,"y":0.0}]
    },
    {
      "SourcePinAddress":{
        "PinID":4,
        "PinOwnerID":1094648679
      },
      "TargetPinAddress":{
        "PinID":4,
        "PinOwnerID":2134901936
      },
      "ConnectionType":0,
      "ConnectedWireIndex":-1,
      "ConnectedWireSegmentIndex":-1,
      "Points":[{"x":0.0,"y":0.0},{"x":5.75,"y":-0.5},{"x":5.75,"y":-2.5},{"x":0.0,"y":0.0}]
    },
    {
      "SourcePinAddress":{
        "PinID":5,
        "PinOwnerID":1094648679
      },
      "TargetPinAddress":{
        "PinID":3,
        "PinOwnerID":2134901936
      },
      "ConnectionType":0,
      "ConnectedWireIndex":-1,
      "ConnectedWireSegmentIndex":-1,
      "Points":[{"x":0.0,"y":0.0},{"x":5.5,"y":-0.75},{"x":5.5,"y":-2.25},{"x":0.0,"y":0.0}]
    },
    {
      "SourcePinAddress":{
        "PinID":6,
        "PinOwnerID":1094648679
      },
      "TargetPinAddress":{
        "PinID":2,
        "PinOwnerID":2134901936
      },
      "ConnectionType":0,
      "ConnectedWireIndex":-1,
      "ConnectedWireSegmentIndex":-1,
      "Points":[{"x":0.0,"y":0.0},{"x":5.25,"y":-1.0},{"x":5.25,"y":-2.0},{"x":0.0,"y":0.0}]
    },
    {
      "SourcePinAddress":{
        "PinID":7,
        "PinOwnerID":1094648679
      },
      "TargetPinAddress":{
        "PinID":1,
        "PinOwnerID":2134901936
      },
      "ConnectionType":0,
      "ConnectedWireIndex":-1,
      "ConnectedWireSegmentIndex":-1,
      "Points":[{"x":0.0,"y":0.0},{"x":5.0,"y":-1.25},{"x":5.0,"y":-1.75},{"x":0.0,"y":0.0}]
    },
    {
      "SourcePinAddress":{
        "PinID":8,
        "PinOwnerID":1094648679
      },
      "TargetPinAddress":{
        "PinID":0,
        "PinOwnerID":2134901936
      },
      "ConnectionType":0,
      "ConnectedWireIndex":-1,
      "ConnectedWireSegmentIndex":-1,
      "Points":[{"x":0.0,"y":0.0},{"x":0.0,"y":0.0}]
    },
    {
      "SourcePinAddress":{
        "PinID":0,
        "PinOwnerID":952347647
      },
      "TargetPinAddress":{
        "PinID":0,
        "PinOwnerID":1094648679
      },
      "ConnectionType":0,
      "ConnectedWireIndex":-1,
      "ConnectedWireSegmentIndex":-1,
      "Points":[{"x":0.0,"y":0.0},{"x":0.0,"y":0.0}]
    },
    {
      "SourcePinAddress":{
        "PinID":8,
        "PinOwnerID":2134901936
      },
      "TargetPinAddress":{
        "PinID":0,
        "PinOwnerID":137996599
      },
      "ConnectionType":0,
      "ConnectedWireIndex":-1,
      "ConnectedWireSegmentIndex":-1,
      "Points":[{"x":0.0,"y":0.0},{"x":0.0,"y":0.0}]
    }
  ]
}