{
  "Name": "8BIT DATA RECORD",
  "NameLocation": 0,
  "ChipType": 0,
  "Size": {
    "x": 1.55,
    "y": 0.75
  },
  "Colour": {
    "r": 0.478891075,
    "g": 0.4116666,
    "b": 0.03049341,
    "a": 1
  },
  "InputPins":[
    {
      "Name":"DATA",
      "ID":1555677211,
      "Position":{
        "x":40.375,
        "y":5.625
      },
      "BitCount":8,
      "Colour":0,
      "ValueDisplayMode":1
    },
    {
      "Name":"RECORD",
      "ID":1101378743,
      "Position":{
        "x":40.375,
        "y":1.875
      },
      "BitCount":1,
      "Colour":0,
      "ValueDisplayMode":0
    }
  ],
  "OutputPins":[
    {
      "Name":"DATA",
      "ID":563797996,
      "Position":{
        "x":50.375,
        "y":5.5
      },
      "BitCount":8,
      "Colour":0,
      "ValueDisplayMode":1
    }
  ],
  "SubChips":[
    {
      "Name":"D RECORD BIT",
      "ID":138444245,
      "Label":"",
      "Position":{
        "x":45.46,
        "y":6.375
      },
      "OutputPinColourInfo":[{"PinColour":0,"PinID":807267116}],
      "InternalData":null
    },
    {
      "Name":"D RECORD BIT",
      "ID":472243450,
      "Label":"",
      "Position":{
        "x":45.46,
        "y":5.75
      },
      "OutputPinColourInfo":[{"PinColour":0,"PinID":807267116}],
      "InternalData":null
    },
    {
      "Name":"D RECORD BIT",
      "ID":522133628,
      "Label":"",
      "Position":{
        "x":45.46,
        "y":5.125
      },
      "OutputPinColourInfo":[{"PinColour":0,"PinID":807267116}],
      "InternalData":null
    },
    {
      "Name":"D RECORD BIT",
      "ID":1506186293,
      "Label":"",
      "Position":{
        "x":45.46,
        "y":4.5
      },
      "OutputPinColourInfo":[{"PinColour":0,"PinID":807267116}],
      "InternalData":null
    },
    {
      "Name":"D RECORD BIT",
      "ID":514208505,
      "Label":"",
      "Position":{
        "x":45.46,
        "y":3.875
      },
      "OutputPinColourInfo":[{"PinColour":0,"PinID":807267116}],
      "InternalData":null
    },
    {
      "Name":"D RECORD BIT",
      "ID":226528608,
      "Label":"",
      "Position":{
        "x":45.46,
        "y":3.25
      },
      "OutputPinColourInfo":[{"PinColour":0,"PinID":807267116}],
      "InternalData":null
    },
    {
      "Name":"D RECORD BIT",
      "ID":239699785,
      "Label":"",
      "Position":{
        "x":45.46,
        "y":2.625
      },
      "OutputPinColourInfo":[{"PinColour":0,"PinID":807267116}],
      "InternalData":null
    },
    {
      "Name":"D RECORD BIT",
      "ID":541102616,
      "Label":"",
      "Position":{
        "x":45.46,
        "y":2.0
      },
      "OutputPinColourInfo":[{"PinColour":0,"PinID":807267116}],
      "InternalData":null
    },
    {
      "Name":"8-1BIT",
      "ID":1005423101,
      "Label":"",
      "Position":{
        "x":42.8225,
        "y":5.625
      },
      "OutputPinColourInfo":[{"PinColour":0,"PinID":1},{"PinColour":0,"PinID":2},{"PinColour":0,"PinID":3},{"PinColour":0,"PinID":4},{"PinColour":0,"PinID":5},{"PinColour":0,"PinID":6},{"PinColour":0,"PinID":7},{"PinColour":0,"PinID":8}],
      "InternalData":null
    },
    {
      "Name":"1-8BIT",
      "ID":1025732300,
      "Label":"",
      "Position":{
        "x":47.8225,
        "y":5.5
      },
      "OutputPinColourInfo":[{"PinColour":0,"PinID":8}],
      "InternalData":null
    }
  ],
  "Wires":[
    {
      "SourcePinAddress":{
        "PinID":1,
        "PinOwnerID":1005423101
      },
      "TargetPinAddress":{
        "PinID":281600028,
        "PinOwnerID":138444245
      },
      "ConnectionType":0,
      "ConnectedWireIndex":-1,
      "ConnectedWireSegmentIndex":-1,
      "Points":[{"x":0.0,"y":0.0},{"x":0.0,"y":0.0}]
    },
    {
      "SourcePinAddress":{
        "PinID":2,
        "PinOwnerID":1005423101
      },
      "TargetPinAddress":{
        "PinID":281600028,
        "PinOwnerID":472243450
      },
      "ConnectionType":0,
      "ConnectedWireIndex":-1,
      "ConnectedWireSegmentIndex":-1,
      "Points":[{"x":0.0,"y":0.0},{"x":44.375,"y":6.25},{"x":44.375,"y":5.875},{"x":0.0,"y":0.0}]
    },
    {
      "SourcePinAddress":{
        "PinID":3,
        "PinOwnerID":1005423101
      },
      "TargetPinAddress":{
        "PinID":281600028,
        "PinOwnerID":522133628
      },
      "ConnectionType":0,
      "ConnectedWireIndex":-1,
      "ConnectedWireSegmentIndex":-1,
      "Points":[{"x":0.0,"y":0.0},{"x":44.25,"y":6.0},{"x":44.25,"y":5.25},{"x":0.0,"y":0.0}]
    },
    {
      "SourcePinAddress":{
        "PinID":4,
        "PinOwnerID":1005423101
      },
      "TargetPinAddress":{
        "PinID":281600028,
        "PinOwnerID":1506186293
      },
      "ConnectionType":0,
      "ConnectedWireIndex":-1,
      "ConnectedWireSegmentIndex":-1,
      "Points":[{"x":0.0,"y":0.0},{"x":44.125,"y":5.75},{"x":44.125,"y":4.625},{"x":0.0,"y":0.0}]
    },
    {
      "SourcePinAddress":{
        "PinID":5,
        "PinOwnerID":1005423101
      },
      "TargetPinAddress":{
        "PinID":281600028,
        "PinOwnerID":514208505
      },
      "ConnectionType":0,
      "ConnectedWireIndex":-1,
      "ConnectedWireSegmentIndex":-1,
      "Points":[{"x":0.0,"y":0.0},{"x":44.0,"y":5.5},{"x":44.0,"y":4.0},{"x":0.0,"y":0.0}]
    },
    {
      "SourcePinAddress":{
        "PinID":6,
        "PinOwnerID":1005423101
      },
      "TargetPinAddress":{
        "PinID":281600028,
        "PinOwnerID":226528608
      },
      "ConnectionType":0,
      "ConnectedWireIndex":-1,
      "ConnectedWireSegmentIndex":-1,
      "Points":[{"x":0.0,"y":0.0},{"x":43.875,"y":5.25},{"x":43.875,"y":3.375},{"x":0.0,"y":0.0}]
    },
    {
      "SourcePinAddress":{
        "PinID":7,
        "PinOwnerID":1005423101
      },
      "TargetPinAddress":{
        "PinID":281600028,
        "PinOwnerID":239699785
      },
      "ConnectionType":0,
      "ConnectedWireIndex":-1,
      "ConnectedWireSegmentIndex":-1,
      "Points":[{"x":0.0,"y":0.0},{"x":43.75,"y":5.0},{"x":43.75,"y":2.75},{"x":0.0,"y":0.0}]
    },
    {
      "SourcePinAddress":{
        "PinID":8,
        "PinOwnerID":1005423101
      },
      "TargetPinAddress":{
        "PinID":281600028,
        "PinOwnerID":541102616
      },
      "ConnectionType":0,
      "ConnectedWireIndex":-1,
      "ConnectedWireSegmentIndex":-1,
      "Points":[{"x":0.0,"y":0.0},{"x":43.625,"y":4.75},{"x":43.625,"y":2.125},{"x":0.0,"y":0.0}]
    },
    {
      "SourcePinAddress":{
        "PinID":0,
        "PinOwnerID":1555677211
      },
      "TargetPinAddress":{
        "PinID":0,
        "PinOwnerID":1005423101
      },
      "ConnectionType":0,
      "ConnectedWireIndex":-1,
      "ConnectedWireSegmentIndex":-1,
      "Points":[{"x":0.0,"y":0.0},{"x":0.0,"y":0.0}]
    },
    {
      "SourcePinAddress":{
        "PinID":0,
        "PinOwnerID":1101378743
      },
      "TargetPinAddress":{
        "PinID":1085130283,
        "PinOwnerID":541102616
      },
      "ConnectionType":0,
      "ConnectedWireIndex":-1,
      "ConnectedWireSegmentIndex":-1,
      "Points":[{"x":0.0,"y":0.0},{"x":0.0,"y":0.0}]
    },
    {
      "SourcePinAddress":{
        "PinID":0,
        "PinOwnerID":1101378743
      },
      "TargetPinAddress":{
        "PinID":1085130283,
        "PinOwnerID":138444245
      },
      "ConnectionType":1,
      "ConnectedWireIndex":9,
      "ConnectedWireSegmentIndex":0,
      "Points":[{"x":44.5,"y":1.875},{"x":44.5,"y":6.25},{"x":0.0,"y":0.0}]
    },
    {
      "SourcePinAddress":{
        "PinID":0,
        "PinOwnerID":1101378743
      },
      "TargetPinAddress":{
        "PinID":1085130283,
        "PinOwnerID":472243450
      },
      "ConnectionType":1,
      "ConnectedWireIndex":10,
      "ConnectedWireSegmentIndex":0,
      "Points":[{"x":44.5,"y":5.625},{"x":0.0,"y":0.0}]
    },
    {
      "SourcePinAddress":{
        "PinID":0,
        "PinOwnerID":1101378743
      },
      "TargetPinAddress":{
        "PinID":1085130283,
        "PinOwnerID":522133628
      },
      "ConnectionType":1,
      "ConnectedWireIndex":10,
      "ConnectedWireSegmentIndex":0,
      "Points":[{"x":44.5,"y":5.0},{"x":0.0,"y":0.0}]
    },
    {
      "SourcePinAddress":{
        "PinID":0,
        "PinOwnerID":1101378743
      },
      "TargetPinAddress":{
        "PinID":1085130283,
        "PinOwnerID":1506186293
      },
      "ConnectionType":1,
      "ConnectedWireIndex":10,
      "ConnectedWireSegmentIndex":0,
      "Points":[{"x":44.5,"y":4.375},{"x":0.0,"y":0.0}]
    },
    {
      "SourcePinAddress":{
        "PinID":0,
        "PinOwnerID":1101378743
      },
      "TargetPinAddress":{
        "PinID":1085130283,
        "PinOwnerID":514208505
      },
      "ConnectionType":1,
      "ConnectedWireIndex":10,
      "ConnectedWireSegmentIndex":0,
      "Points":[{"x":44.5,"y":3.75},{"x":0.0,"y":0.0}]
    },
    {
      "SourcePinAddress":{
        "PinID":0,
        "PinOwnerID":1101378743
      },
      "TargetPinAddress":{
        "PinID":1085130283,
        "PinOwnerID":239699785
      },
      "ConnectionType":1,
      "ConnectedWireIndex":10,
      "ConnectedWireSegmentIndex":0,
      "Points":[{"x":44.5,"y":2.5},{"x":0.0,"y":0.0}]
    },
    {
      "SourcePinAddress":{
        "PinID":0,
        "PinOwnerID":1101378743
      },
      "TargetPinAddress":{
        "PinID":1085130283,
        "PinOwnerID":226528608
      },
      "ConnectionType":1,
      "ConnectedWireIndex":10,
      "ConnectedWireSegmentIndex":0,
      "Points":[{"x":44.5,"y":3.125},{"x":0.0,"y":0.0}]
    },
    {
      "SourcePinAddress":{
        "PinID":807267116,
        "PinOwnerID":138444245
      },
      "TargetPinAddress":{
        "PinID":0,
        "PinOwnerID":1025732300
      },
      "ConnectionType":0,
      "ConnectedWireIndex":-1,
      "ConnectedWireSegmentIndex":-1,
      "Points":[{"x":0.0,"y":0.0},{"x":0.0,"y":0.0}]
    },
    {
      "SourcePinAddress":{
        "PinID":807267116,
        "PinOwnerID":472243450
      },
      "TargetPinAddress":{
        "PinID":1,
        "PinOwnerID":1025732300
      },
      "ConnectionType":0,
      "ConnectedWireIndex":-1,
      "ConnectedWireSegmentIndex":-1,
      "Points":[{"x":0.0,"y":0.0},{"x":46.3125,"y":5.75},{"x":46.3125,"y":6.125},{"x":0.0,"y":0.0}]
    },
    {
      "SourcePinAddress":{
        "PinID":807267116,
        "PinOwnerID":522133628
      },
      "TargetPinAddress":{
        "PinID":2,
        "PinOwnerID":1025732300
      },
      "ConnectionType":0,
      "ConnectedWireIndex":-1,
      "ConnectedWireSegmentIndex":-1,
      "Points":[{"x":0.0,"y":0.0},{"x":46.4375,"y":5.125},{"x":46.4375,"y":5.875},{"x":0.0,"y":0.0}]
    },
    {
      "SourcePinAddress":{
        "PinID":807267116,
        "PinOwnerID":1506186293
      },
      "TargetPinAddress":{
        "PinID":3,
        "PinOwnerID":1025732300
      },
      "ConnectionType":0,
      "ConnectedWireIndex":-1,
      "ConnectedWireSegmentIndex":-1,
      "Points":[{"x":0.0,"y":0.0},{"x":46.5625,"y":4.5},{"x":46.5625,"y":5.625},{"x":0.0,"y":0.0}]
    },
    {
      "SourcePinAddress":{
        "PinID":807267116,
        "PinOwnerID":514208505
      },
      "TargetPinAddress":{
        "PinID":4,
        "PinOwnerID":1025732300
      },
      "ConnectionType":0,
      "ConnectedWireIndex":-1,
      "ConnectedWireSegmentIndex":-1,
      "Points":[{"x":0.0,"y":0.0},{"x":46.6875,"y":3.875},{"x":46.6875,"y":5.375},{"x":0.0,"y":0.0}]
    },
    {
      "SourcePinAddress":{
        "PinID":807267116,
        "PinOwnerID":226528608
      },
      "TargetPinAddress":{
        "PinID":5,
        "PinOwnerID":1025732300
      },
      "ConnectionType":0,
      "ConnectedWireIndex":-1,
      "ConnectedWireSegmentIndex":-1,
      "Points":[{"x":0.0,"y":0.0},{"x":46.8125,"y":3.25},{"x":46.8125,"y":5.125},{"x":0.0,"y":0.0}]
    },
    {
      "SourcePinAddress":{
        "PinID":807267116,
        "PinOwnerID":239699785
      },
      "TargetPinAddress":{
        "PinID":6,
        "PinOwnerID":1025732300
      },
      "ConnectionType":0,
      "ConnectedWireIndex":-1,
      "ConnectedWireSegmentIndex":-1,
      "Points":[{"x":0.0,"y":0.0},{"x":46.9375,"y":2.625},{"x":46.9375,"y":4.875},{"x":0.0,"y":0.0}]
    },
    {
      "SourcePinAddress":{
        "PinID":807267116,
        "PinOwnerID":541102616
      },
      "TargetPinAddress":{
        "PinID":7,
        "PinOwnerID":1025732300
      },
      "ConnectionType":0,
      "ConnectedWireIndex":-1,
      "ConnectedWireSegmentIndex":-1,
      "Points":[{"x":0.0,"y":0.0},{"x":47.0625,"y":2.0},{"x":47.0625,"y":4.625},{"x":0.0,"y":0.0}]
    },
    {
      "SourcePinAddress":{
        "PinID":8,
        "PinOwnerID":1025732300
      },
      "TargetPinAddress":{
        "PinID":0,
        "PinOwnerID":563797996
      },
      "ConnectionType":0,
      "ConnectedWireIndex":-1,
      "ConnectedWireSegmentIndex":-1,
      "Points":[{"x":0.0,"y":0.0},{"x":0.0,"y":0.0}]
    }
  ],
  "Displays": null
}