{
  "ChipType": 0,
  "Colour": {
    "r": 0.703085959,
    "g": 0.07530131,
    "b": 0.389005333,
    "a": 1
  },
  "Displays": null,
  "InputPins":[
    {
      "Name":"IN",
      "ID":1352841141,
      "Position":{
        "x":-2.875,
        "y":-1.5
      },
      "BitCount":8,
      "Colour":0,
      "ValueDisplayMode":0
    },
    {
      "Name":"IN",
      "ID":1623081114,
      "Position":{
        "x":-2.875,
        "y":-3.25
      },
      "BitCount":1,
      "Colour":0,
      "ValueDisplayMode":0
    }
  ],
  "Name": "8BIT TRI STATE",
  "NameLocation": 0,
  "OutputPins":[
    {
      "Name":"OUT",
      "ID":1692108889,
      "Position":{
        "x":7.75,
        "y":-1.6875
      },
      "BitCount":8,
      "Colour":0,
      "ValueDisplayMode":0
    }
  ],
  "Size": {
    "x": 1.4,
    "y": 0.75
  },
  "SubChips":[
    {
      "Name":"8-1BIT",
      "ID":373211545,
      "Label":"",
      "Position":{
        "x":-0.4275,
        "y":-1.5
      },
      "OutputPinColourInfo":[{"PinColour":0,"PinID":1},{"PinColour":0,"PinID":2},{"PinColour":0,"PinID":3},{"PinColour":0,"PinID":4},{"PinColour":0,"PinID":5},{"PinColour":0,"PinID":6},{"PinColour":0,"PinID":7},{"PinColour":0,"PinID":8}],
      "InternalData":null
    },
    {
      "Name":"3-STATE BUFFER",
      "ID":1531483569,
      "Label":"",
      "Position":{
        "x":2.625,
        "y":-0.8125
      },
      "OutputPinColourInfo":[{"PinColour":0,"PinID":2}],
      "InternalData":null
    },
    {
      "Name":"3-STATE BUFFER",
      "ID":527331521,
      "Label":"",
      "Position":{
        "x":2.625,
        "y":-1.5625
      },
      "OutputPinColourInfo":[{"PinColour":0,"PinID":2}],
      "InternalData":null
    },
    {
      "Name":"3-STATE BUFFER",
      "ID":2104117780,
      "Label":"",
      "Position":{
        "x":2.625,
        "y":-2.3125
      },
      "OutputPinColourInfo":[{"PinColour":0,"PinID":2}],
      "InternalData":null
    },
    {
      "Name":"3-STATE BUFFER",
      "ID":1054648031,
      "Label":"",
      "Position":{
        "x":2.625,
        "y":-3.0625
      },
      "OutputPinColourInfo":[{"PinColour":0,"PinID":2}],
      "InternalData":null
    },
    {
      "Name":"3-STATE BUFFER",
      "ID":348611108,
      "Label":"",
      "Position":{
        "x":2.625,
        "y":-3.8125
      },
      "OutputPinColourInfo":[{"PinColour":0,"PinID":2}],
      "InternalData":null
    },
    {
      "Name":"3-STATE BUFFER",
      "ID":895356921,
      "Label":"",
      "Position":{
        "x":2.625,
        "y":-4.5625
      },
      "OutputPinColourInfo":[{"PinColour":0,"PinID":2}],
      "InternalData":null
    },
    {
      "Name":"3-STATE BUFFER",
      "ID":1190064861,
      "Label":"",
      "Position":{
        "x":2.625,
        "y":-5.3125
      },
      "OutputPinColourInfo":[{"PinColour":0,"PinID":2}],
      "InternalData":null
    },
    {
      "Name":"3-STATE BUFFER",
      "ID":794909951,
      "Label":"",
      "Position":{
        "x":2.625,
        "y":-6.0625
      },
      "OutputPinColourInfo":[{"PinColour":0,"PinID":2}],
      "InternalData":null
    },
    {
      "Name":"1-8BIT",
      "ID":571631802,
      "Label":"",
      "Position":{
        "x":5.1975,
        "y":-1.6875
      },
      "OutputPinColourInfo":[{"PinColour":0,"PinID":8}],
      "InternalData":null
    }
  ],
  "Wires":[
    {
      "SourcePinAddress":{
        "PinID":0,
        "PinOwnerID":1352841141
      },
      "TargetPinAddress":{
        "PinID":0,
        "PinOwnerID":373211545
      },
      "ConnectionType":0,
      "ConnectedWireIndex":-1,
      "ConnectedWireSegmentIndex":-1,
      "Points":[{"x":0.0,"y":0.0},{"x":0.0,"y":0.0}]
    },
    {
      "SourcePinAddress":{
        "PinID":1,
        "PinOwnerID":373211545
      },
      "TargetPinAddress":{
        "PinID":0,
        "PinOwnerID":1531483569
      },
      "ConnectionType":0,
      "ConnectedWireIndex":-1,
      "ConnectedWireSegmentIndex":-1,
      "Points":[{"x":0.0,"y":0.0},{"x":0.0,"y":0.0}]
    },
    {
      "SourcePinAddress":{
        "PinID":2,
        "PinOwnerID":373211545
      },
      "TargetPinAddress":{
        "PinID":0,
        "PinOwnerID":527331521
      },
      "ConnectionType":0,
      "ConnectedWireIndex":-1,
      "ConnectedWireSegmentIndex":-1,
      "Points":[{"x":0.0,"y":0.0},{"x":1.5,"y":-0.875},{"x":1.5,"y":-1.375},{"x":0.0,"y":0.0}]
    },
    {
      "SourcePinAddress":{
        "PinID":3,
        "PinOwnerID":373211545
      },
      "TargetPinAddress":{
        "PinID":0,
        "PinOwnerID":2104117780
      },
      "ConnectionType":0,
      "ConnectedWireIndex":-1,
      "ConnectedWireSegmentIndex":-1,
      "Points":[{"x":0.0,"y":0.0},{"x":1.375,"y":-1.125},{"x":1.375,"y":-2.125},{"x":0.0,"y":0.0}]
    },
    {
      "SourcePinAddress":{
        "PinID":4,
        "PinOwnerID":373211545
      },
      "TargetPinAddress":{
        "PinID":0,
        "PinOwnerID":1054648031
      },
      "ConnectionType":0,
      "ConnectedWireIndex":-1,
      "ConnectedWireSegmentIndex":-1,
      "Points":[{"x":0.0,"y":0.0},{"x":1.25,"y":-1.375},{"x":1.25,"y":-2.875},{"x":0.0,"y":0.0}]
    },
    {
      "SourcePinAddress":{
        "PinID":5,
        "PinOwnerID":373211545
      },
      "TargetPinAddress":{
        "PinID":0,
        "PinOwnerID":348611108
      },
      "ConnectionType":0,
      "ConnectedWireIndex":-1,
      "ConnectedWireSegmentIndex":-1,
      "Points":[{"x":0.0,"y":0.0},{"x":1.125,"y":-1.625},{"x":1.125,"y":-3.625},{"x":0.0,"y":0.0}]
    },
    {
      "SourcePinAddress":{
        "PinID":6,
        "PinOwnerID":373211545
      },
      "TargetPinAddress":{
        "PinID":0,
        "PinOwnerID":895356921
      },
      "ConnectionType":0,
      "ConnectedWireIndex":-1,
      "ConnectedWireSegmentIndex":-1,
      "Points":[{"x":0.0,"y":0.0},{"x":1.0,"y":-1.875},{"x":1.0,"y":-4.375},{"x":0.0,"y":0.0}]
    },
    {
      "SourcePinAddress":{
        "PinID":7,
        "PinOwnerID":373211545
      },
      "TargetPinAddress":{
        "PinID":0,
        "PinOwnerID":1190064861
      },
      "ConnectionType":0,
      "ConnectedWireIndex":-1,
      "ConnectedWireSegmentIndex":-1,
      "Points":[{"x":0.0,"y":0.0},{"x":0.875,"y":-2.125},{"x":0.875,"y":-5.125},{"x":0.0,"y":0.0}]
    },
    {
      "SourcePinAddress":{
        "PinID":8,
        "PinOwnerID":373211545
      },
      "TargetPinAddress":{
        "PinID":0,
        "PinOwnerID":794909951
      },
      "ConnectionType":0,
      "ConnectedWireIndex":-1,
      "ConnectedWireSegmentIndex":-1,
      "Points":[{"x":0.0,"y":0.0},{"x":0.75,"y":-2.375},{"x":0.75,"y":-5.875},{"x":0.0,"y":0.0}]
    },
    {
      "SourcePinAddress":{
        "PinID":0,
        "PinOwnerID":1623081114
      },
      "TargetPinAddress":{
        "PinID":1,
        "PinOwnerID":1054648031
      },
      "ConnectionType":0,
      "ConnectedWireIndex":-1,
      "ConnectedWireSegmentIndex":-1,
      "Points":[{"x":0.0,"y":0.0},{"x":0.0,"y":0.0}]
    },
    {
      "SourcePinAddress":{
        "PinID":0,
        "PinOwnerID":1623081114
      },
      "TargetPinAddress":{
        "PinID":1,
        "PinOwnerID":1531483569
      },
      "ConnectionType":1,
      "ConnectedWireIndex":9,
      "ConnectedWireSegmentIndex":0,
      "Points":[{"x":1.625,"y":-3.25},{"x":1.625,"y":-1.0},{"x":0.0,"y":0.0}]
    },
    {
      "SourcePinAddress":{
        "PinID":0,
        "PinOwnerID":1623081114
      },
      "TargetPinAddress":{
        "PinID":1,
        "PinOwnerID":527331521
      },
      "ConnectionType":1,
      "ConnectedWireIndex":10,
      "ConnectedWireSegmentIndex":0,
      "Points":[{"x":1.625,"y":-1.75},{"x":0.0,"y":0.0}]
    },
    {
      "SourcePinAddress":{
        "PinID":0,
        "PinOwnerID":1623081114
      },
      "TargetPinAddress":{
        "PinID":1,
        "PinOwnerID":2104117780
      },
      "ConnectionType":1,
      "ConnectedWireIndex":10,
      "ConnectedWireSegmentIndex":0,
      "Points":[{"x":1.625,"y":-2.5},{"x":0.0,"y":0.0}]
    },
    {
      "SourcePinAddress":{
        "PinID":0,
        "PinOwnerID":1623081114
      },
      "TargetPinAddress":{
        "PinID":1,
        "PinOwnerID":794909951
      },
      "ConnectionType":1,
      "ConnectedWireIndex":9,
      "ConnectedWireSegmentIndex":0,
      "Points":[{"x":1.625,"y":-3.25},{"x":1.625,"y":-6.25},{"x":0.0,"y":0.0}]
    },
    {
      "SourcePinAddress":{
        "PinID":0,
        "PinOwnerID":1623081114
      },
      "TargetPinAddress":{
        "PinID":1,
        "PinOwnerID":1190064861
      },
      "ConnectionType":1,
      "ConnectedWireIndex":13,
      "ConnectedWireSegmentIndex":0,
      "Points":[{"x":1.625,"y":-5.5},{"x":0.0,"y":0.0}]
    },
    {
      "SourcePinAddress":{
        "PinID":0,
        "PinOwnerID":1623081114
      },
      "TargetPinAddress":{
        "PinID":1,
        "PinOwnerID":895356921
      },
      "ConnectionType":1,
      "ConnectedWireIndex":13,
      "ConnectedWireSegmentIndex":0,
      "Points":[{"x":1.625,"y":-4.75},{"x":0.0,"y":0.0}]
    },
    {
      "SourcePinAddress":{
        "PinID":0,
        "PinOwnerID":1623081114
      },
      "TargetPinAddress":{
        "PinID":1,
        "PinOwnerID":348611108
      },
      "ConnectionType":1,
      "ConnectedWireIndex":13,
      "ConnectedWireSegmentIndex":0,
      "Points":[{"x":1.625,"y":-4.0},{"x":0.0,"y":0.0}]
    },
    {
      "SourcePinAddress":{
        "PinID":2,
        "PinOwnerID":1531483569
      },
      "TargetPinAddress":{
        "PinID":0,
        "PinOwnerID":571631802
      },
      "ConnectionType":0,
      "ConnectedWireIndex":-1,
      "ConnectedWireSegmentIndex":-1,
      "Points":[{"x":0.0,"y":0.0},{"x":0.0,"y":0.0}]
    },
    {
      "SourcePinAddress":{
        "PinID":2,
        "PinOwnerID":527331521
      },
      "TargetPinAddress":{
        "PinID":1,
        "PinOwnerID":571631802
      },
      "ConnectionType":0,
      "ConnectedWireIndex":-1,
      "ConnectedWireSegmentIndex":-1,
      "Points":[{"x":0.0,"y":0.0},{"x":3.625,"y":-1.5625},{"x":3.625,"y":-1.0625},{"x":0.0,"y":0.0}]
    },
    {
      "SourcePinAddress":{
        "PinID":2,
        "PinOwnerID":2104117780
      },
      "TargetPinAddress":{
        "PinID":2,
        "PinOwnerID":571631802
      },
      "ConnectionType":0,
      "ConnectedWireIndex":-1,
      "ConnectedWireSegmentIndex":-1,
      "Points":[{"x":0.0,"y":0.0},{"x":3.75,"y":-2.3125},{"x":3.75,"y":-1.3125},{"x":0.0,"y":0.0}]
    },
    {
      "SourcePinAddress":{
        "PinID":2,
        "PinOwnerID":1054648031
      },
      "TargetPinAddress":{
        "PinID":3,
        "PinOwnerID":571631802
      },
      "ConnectionType":0,
      "ConnectedWireIndex":-1,
      "ConnectedWireSegmentIndex":-1,
      "Points":[{"x":0.0,"y":0.0},{"x":3.875,"y":-3.0625},{"x":3.875,"y":-1.5625},{"x":0.0,"y":0.0}]
    },
    {
      "SourcePinAddress":{
        "PinID":2,
        "PinOwnerID":348611108
      },
      "TargetPinAddress":{
        "PinID":4,
        "PinOwnerID":571631802
      },
      "ConnectionType":0,
      "ConnectedWireIndex":-1,
      "ConnectedWireSegmentIndex":-1,
      "Points":[{"x":0.0,"y":0.0},{"x":4.0,"y":-3.8125},{"x":4.0,"y":-1.8125},{"x":0.0,"y":0.0}]
    },
    {
      "SourcePinAddress":{
        "PinID":2,
        "PinOwnerID":895356921
      },
      "TargetPinAddress":{
        "PinID":5,
        "PinOwnerID":571631802
      },
      "ConnectionType":0,
      "ConnectedWireIndex":-1,
      "ConnectedWireSegmentIndex":-1,
      "Points":[{"x":0.0,"y":0.0},{"x":4.125,"y":-4.5625},{"x":4.125,"y":-2.0625},{"x":0.0,"y":0.0}]
    },
    {
      "SourcePinAddress":{
        "PinID":2,
        "PinOwnerID":1190064861
      },
      "TargetPinAddress":{
        "PinID":6,
        "PinOwnerID":571631802
      },
      "ConnectionType":0,
      "ConnectedWireIndex":-1,
      "ConnectedWireSegmentIndex":-1,
      "Points":[{"x":0.0,"y":0.0},{"x":4.25,"y":-5.3125},{"x":4.25,"y":-2.3125},{"x":0.0,"y":0.0}]
    },
    {
      "SourcePinAddress":{
        "PinID":2,
        "PinOwnerID":794909951
      },
      "TargetPinAddress":{
        "PinID":7,
        "PinOwnerID":571631802
      },
      "ConnectionType":0,
      "ConnectedWireIndex":-1,
      "ConnectedWireSegmentIndex":-1,
      "Points":[{"x":0.0,"y":0.0},{"x":4.375,"y":-6.0625},{"x":4.375,"y":-2.5625},{"x":0.0,"y":0.0}]
    },
    {
      "SourcePinAddress":{
        "PinID":8,
        "PinOwnerID":571631802
      },
      "TargetPinAddress":{
        "PinID":0,
        "PinOwnerID":1692108889
      },
      "ConnectionType":0,
      "ConnectedWireIndex":-1,
      "ConnectedWireSegmentIndex":-1,
      "Points":[{"x":0.0,"y":0.0},{"x":0.0,"y":0.0}]
    }
  ]
}