{
  "ChipType": 0,
  "Colour": {
    "r": 0.271564364,
    "g": 0.2526164,
    "b": 0.69982,
    "a": 1
  },
  "Displays": null,
  "InputPins":[
    {
      "Name":"IN",
      "ID":2126110555,
      "Position":{
        "x":5.75,
        "y":1.5
      },
      "BitCount":8,
      "Colour":0,
      "ValueDisplayMode":0
    },
    {
      "Name":"IN",
      "ID":1387421340,
      "Position":{
        "x":5.75,
        "y":-5.375
      },
      "BitCount":8,
      "Colour":0,
      "ValueDisplayMode":0
    }
  ],
  "Name": "8BIT OR",
  "NameLocation": 0,
  "OutputPins":[
    {
      "Name":"OUT",
      "ID":1664554557,
      "Position":{
        "x":16.125,
        "y":-1.9375
      },
      "BitCount":8,
      "Colour":0,
      "ValueDisplayMode":0
    }
  ],
  "Size": {
    "x": 1.025,
    "y": 1.0
  },
  "SubChips":[
    {
      "Name":"8-1BIT",
      "ID":1482405842,
      "Label":"",
      "Position":{
        "x":8.1975,
        "y":1.5
      },
      "OutputPinColourInfo":[{"PinColour":0,"PinID":1},{"PinColour":0,"PinID":2},{"PinColour":0,"PinID":3},{"PinColour":0,"PinID":4},{"PinColour":0,"PinID":5},{"PinColour":0,"PinID":6},{"PinColour":0,"PinID":7},{"PinColour":0,"PinID":8}],
      "InternalData":null
    },
    {
      "Name":"8-1BIT",
      "ID":431765900,
      "Label":"",
      "Position":{
        "x":8.1975,
        "y":-5.375
      },
      "OutputPinColourInfo":[{"PinColour":0,"PinID":1},{"PinColour":0,"PinID":2},{"PinColour":0,"PinID":3},{"PinColour":0,"PinID":4},{"PinColour":0,"PinID":5},{"PinColour":0,"PinID":6},{"PinColour":0,"PinID":7},{"PinColour":0,"PinID":8}],
      "InternalData":null
    },
    {
      "Name":"OR",
      "ID":1089278245,
      "Label":"",
      "Position":{
        "x":11.7225,
        "y":0.25
      },
      "OutputPinColourInfo":[{"PinColour":0,"PinID":716179921}],
      "InternalData":null
    },
    {
      "Name":"OR",
      "ID":1118537098,
      "Label":"",
      "Position":{
        "x":11.7225,
        "y":-0.375
      },
      "OutputPinColourInfo":[{"PinColour":0,"PinID":716179921}],
      "InternalData":null
    },
    {
      "Name":"OR",
      "ID":491451493,
      "Label":"",
      "Position":{
        "x":11.7225,
        "y":-1.0
      },
      "OutputPinColourInfo":[{"PinColour":0,"PinID":716179921}],
      "InternalData":null
    },
    {
      "Name":"OR",
      "ID":625154464,
      "Label":"",
      "Position":{
        "x":11.7225,
        "y":-1.625
      },
      "OutputPinColourInfo":[{"PinColour":0,"PinID":716179921}],
      "InternalData":null
    },
    {
      "Name":"OR",
      "ID":1552174185,
      "Label":"",
      "Position":{
        "x":11.7225,
        "y":-2.25
      },
      "OutputPinColourInfo":[{"PinColour":0,"PinID":716179921}],
      "InternalData":null
    },
    {
      "Name":"OR",
      "ID":106596929,
      "Label":"",
      "Position":{
        "x":11.7225,
        "y":-2.875
      },
      "OutputPinColourInfo":[{"PinColour":0,"PinID":716179921}],
      "InternalData":null
    },
    {
      "Name":"OR",
      "ID":1867789721,
      "Label":"",
      "Position":{
        "x":11.7225,
        "y":-3.5
      },
      "OutputPinColourInfo":[{"PinColour":0,"PinID":716179921}],
      "InternalData":null
    },
    {
      "Name":"OR",
      "ID":1659227947,
      "Label":"",
      "Position":{
        "x":11.7225,
        "y":-4.125
      },
      "OutputPinColourInfo":[{"PinColour":0,"PinID":716179921}],
      "InternalData":null
    },
    {
      "Name":"1-8BIT",
      "ID":467340548,
      "Label":"",
      "Position":{
        "x":13.5725,
        "y":-1.9375
      },
      "OutputPinColourInfo":[{"PinColour":0,"PinID":8}],
      "InternalData":null
    }
  ],
  "Wires":[
    {
      "SourcePinAddress":{
        "PinID":0,
        "PinOwnerID":2126110555
      },
      "TargetPinAddress":{
        "PinID":0,
        "PinOwnerID":1482405842
      },
      "ConnectionType":0,
      "ConnectedWireIndex":-1,
      "ConnectedWireSegmentIndex":-1,
      "Points":[{"x":0.0,"y":0.0},{"x":0.0,"y":0.0}]
    },
    {
      "SourcePinAddress":{
        "PinID":0,
        "PinOwnerID":1387421340
      },
      "TargetPinAddress":{
        "PinID":0,
        "PinOwnerID":431765900
      },
      "ConnectionType":0,
      "ConnectedWireIndex":-1,
      "ConnectedWireSegmentIndex":-1,
      "Points":[{"x":0.0,"y":0.0},{"x":0.0,"y":0.0}]
    },
    {
      "SourcePinAddress":{
        "PinID":8,
        "PinOwnerID":431765900
      },
      "TargetPinAddress":{
        "PinID":916803389,
        "PinOwnerID":1659227947
      },
      "ConnectionType":0,
      "ConnectedWireIndex":-1,
      "ConnectedWireSegmentIndex":-1,
      "Points":[{"x":0.0,"y":0.0},{"x":11.25,"y":-6.25},{"x":11.25,"y":-4.25},{"x":0.0,"y":0.0}]
    },
    {
      "SourcePinAddress":{
        "PinID":8,
        "PinOwnerID":1482405842
      },
      "TargetPinAddress":{
        "PinID":1552709902,
        "PinOwnerID":1659227947
      },
      "ConnectionType":0,
      "ConnectedWireIndex":-1,
      "ConnectedWireSegmentIndex":-1,
      "Points":[{"x":0.0,"y":0.0},{"x":11.25,"y":0.625},{"x":11.25,"y":-4.0},{"x":0.0,"y":0.0}]
    },
    {
      "SourcePinAddress":{
        "PinID":7,
        "PinOwnerID":431765900
      },
      "TargetPinAddress":{
        "PinID":916803389,
        "PinOwnerID":1867789721
      },
      "ConnectionType":0,
      "ConnectedWireIndex":-1,
      "ConnectedWireSegmentIndex":-1,
      "Points":[{"x":0.0,"y":0.0},{"x":11.0,"y":-6.0},{"x":11.0,"y":-3.625},{"x":0.0,"y":0.0}]
    },
    {
      "SourcePinAddress":{
        "PinID":7,
        "PinOwnerID":1482405842
      },
      "TargetPinAddress":{
        "PinID":1552709902,
        "PinOwnerID":1867789721
      },
      "ConnectionType":0,
      "ConnectedWireIndex":-1,
      "ConnectedWireSegmentIndex":-1,
      "Points":[{"x":0.0,"y":0.0},{"x":11.0,"y":0.875},{"x":11.0,"y":-3.375},{"x":0.0,"y":0.0}]
    },
    {
      "SourcePinAddress":{
        "PinID":6,
        "PinOwnerID":431765900
      },
      "TargetPinAddress":{
        "PinID":916803389,
        "PinOwnerID":106596929
      },
      "ConnectionType":0,
      "ConnectedWireIndex":-1,
      "ConnectedWireSegmentIndex":-1,
      "Points":[{"x":0.0,"y":0.0},{"x":10.75,"y":-5.75},{"x":10.75,"y":-3.0},{"x":0.0,"y":0.0}]
    },
    {
      "SourcePinAddress":{
        "PinID":6,
        "PinOwnerID":1482405842
      },
      "TargetPinAddress":{
        "PinID":1552709902,
        "PinOwnerID":106596929
      },
      "ConnectionType":0,
      "ConnectedWireIndex":-1,
      "ConnectedWireSegmentIndex":-1,
      "Points":[{"x":0.0,"y":0.0},{"x":10.75,"y":1.125},{"x":10.75,"y":-2.75},{"x":0.0,"y":0.0}]
    },
    {
      "SourcePinAddress":{
        "PinID":5,
        "PinOwnerID":1482405842
      },
      "TargetPinAddress":{
        "PinID":1552709902,
        "PinOwnerID":1552174185
      },
      "ConnectionType":0,
      "ConnectedWireIndex":-1,
      "ConnectedWireSegmentIndex":-1,
      "Points":[{"x":0.0,"y":0.0},{"x":10.5,"y":1.375},{"x":10.5,"y":-2.125},{"x":0.0,"y":0.0}]
    },
    {
      "SourcePinAddress":{
        "PinID":5,
        "PinOwnerID":431765900
      },
      "TargetPinAddress":{
        "PinID":916803389,
        "PinOwnerID":1552174185
      },
      "ConnectionType":0,
      "ConnectedWireIndex":-1,
      "ConnectedWireSegmentIndex":-1,
      "Points":[{"x":0.0,"y":0.0},{"x":10.5,"y":-5.5},{"x":10.5,"y":-2.375},{"x":0.0,"y":0.0}]
    },
    {
      "SourcePinAddress":{
        "PinID":4,
        "PinOwnerID":431765900
      },
      "TargetPinAddress":{
        "PinID":916803389,
        "PinOwnerID":625154464
      },
      "ConnectionType":0,
      "ConnectedWireIndex":-1,
      "ConnectedWireSegmentIndex":-1,
      "Points":[{"x":0.0,"y":0.0},{"x":10.25,"y":-5.25},{"x":10.25,"y":-1.75},{"x":0.0,"y":0.0}]
    },
    {
      "SourcePinAddress":{
        "PinID":4,
        "PinOwnerID":1482405842
      },
      "TargetPinAddress":{
        "PinID":1552709902,
        "PinOwnerID":625154464
      },
      "ConnectionType":0,
      "ConnectedWireIndex":-1,
      "ConnectedWireSegmentIndex":-1,
      "Points":[{"x":0.0,"y":0.0},{"x":10.25,"y":1.625},{"x":10.25,"y":-1.5},{"x":0.0,"y":0.0}]
    },
    {
      "SourcePinAddress":{
        "PinID":3,
        "PinOwnerID":1482405842
      },
      "TargetPinAddress":{
        "PinID":1552709902,
        "PinOwnerID":491451493
      },
      "ConnectionType":0,
      "ConnectedWireIndex":-1,
      "ConnectedWireSegmentIndex":-1,
      "Points":[{"x":0.0,"y":0.0},{"x":10.0,"y":1.875},{"x":10.0,"y":-0.875},{"x":0.0,"y":0.0}]
    },
    {
      "SourcePinAddress":{
        "PinID":3,
        "PinOwnerID":431765900
      },
      "TargetPinAddress":{
        "PinID":916803389,
        "PinOwnerID":491451493
      },
      "ConnectionType":0,
      "ConnectedWireIndex":-1,
      "ConnectedWireSegmentIndex":-1,
      "Points":[{"x":0.0,"y":0.0},{"x":10.0,"y":-5.0},{"x":10.0,"y":-1.125},{"x":0.0,"y":0.0}]
    },
    {
      "SourcePinAddress":{
        "PinID":2,
        "PinOwnerID":431765900
      },
      "TargetPinAddress":{
        "PinID":916803389,
        "PinOwnerID":1118537098
      },
      "ConnectionType":0,
      "ConnectedWireIndex":-1,
      "ConnectedWireSegmentIndex":-1,
      "Points":[{"x":0.0,"y":0.0},{"x":9.75,"y":-4.75},{"x":9.75,"y":-0.5},{"x":0.0,"y":0.0}]
    },
    {
      "SourcePinAddress":{
        "PinID":2,
        "PinOwnerID":1482405842
      },
      "TargetPinAddress":{
        "PinID":1552709902,
        "PinOwnerID":1118537098
      },
      "ConnectionType":0,
      "ConnectedWireIndex":-1,
      "ConnectedWireSegmentIndex":-1,
      "Points":[{"x":0.0,"y":0.0},{"x":9.75,"y":2.125},{"x":9.75,"y":-0.25},{"x":0.0,"y":0.0}]
    },
    {
      "SourcePinAddress":{
        "PinID":1,
        "PinOwnerID":1482405842
      },
      "TargetPinAddress":{
        "PinID":1552709902,
        "PinOwnerID":1089278245
      },
      "ConnectionType":0,
      "ConnectedWireIndex":-1,
      "ConnectedWireSegmentIndex":-1,
      "Points":[{"x":0.0,"y":0.0},{"x":9.5,"y":2.375},{"x":9.5,"y":0.375},{"x":0.0,"y":0.0}]
    },
    {
      "SourcePinAddress":{
        "PinID":1,
        "PinOwnerID":431765900
      },
      "TargetPinAddress":{
        "PinID":916803389,
        "PinOwnerID":1089278245
      },
      "ConnectionType":0,
      "ConnectedWireIndex":-1,
      "ConnectedWireSegmentIndex":-1,
      "Points":[{"x":0.0,"y":0.0},{"x":9.5,"y":-4.5},{"x":9.5,"y":0.125},{"x":0.0,"y":0.0}]
    },
    {
      "SourcePinAddress":{
        "PinID":716179921,
        "PinOwnerID":1552174185
      },
      "TargetPinAddress":{
        "PinID":4,
        "PinOwnerID":467340548
      },
      "ConnectionType":0,
      "ConnectedWireIndex":-1,
      "ConnectedWireSegmentIndex":-1,
      "Points":[{"x":0.0,"y":0.0},{"x":12.125,"y":-2.25},{"x":12.125,"y":-2.0625},{"x":0.0,"y":0.0}]
    },
    {
      "SourcePinAddress":{
        "PinID":716179921,
        "PinOwnerID":625154464
      },
      "TargetPinAddress":{
        "PinID":3,
        "PinOwnerID":467340548
      },
      "ConnectionType":0,
      "ConnectedWireIndex":-1,
      "ConnectedWireSegmentIndex":-1,
      "Points":[{"x":0.0,"y":0.0},{"x":12.125,"y":-1.625},{"x":12.125,"y":-1.8125},{"x":0.0,"y":0.0}]
    },
    {
      "SourcePinAddress":{
        "PinID":716179921,
        "PinOwnerID":491451493
      },
      "TargetPinAddress":{
        "PinID":2,
        "PinOwnerID":467340548
      },
      "ConnectionType":0,
      "ConnectedWireIndex":-1,
      "ConnectedWireSegmentIndex":-1,
      "Points":[{"x":0.0,"y":0.0},{"x":12.25,"y":-1.0},{"x":12.25,"y":-1.5625},{"x":0.0,"y":0.0}]
    },
    {
      "SourcePinAddress":{
        "PinID":716179921,
        "PinOwnerID":1118537098
      },
      "TargetPinAddress":{
        "PinID":1,
        "PinOwnerID":467340548
      },
      "ConnectionType":0,
      "ConnectedWireIndex":-1,
      "ConnectedWireSegmentIndex":-1,
      "Points":[{"x":0.0,"y":0.0},{"x":12.375,"y":-0.375},{"x":12.375,"y":-1.3125},{"x":0.0,"y":0.0}]
    },
    {
      "SourcePinAddress":{
        "PinID":716179921,
        "PinOwnerID":1089278245
      },
      "TargetPinAddress":{
        "PinID":0,
        "PinOwnerID":467340548
      },
      "ConnectionType":0,
      "ConnectedWireIndex":-1,
      "ConnectedWireSegmentIndex":-1,
      "Points":[{"x":0.0,"y":0.0},{"x":12.5,"y":0.25},{"x":12.5,"y":-1.0625},{"x":0.0,"y":0.0}]
    },
    {
      "SourcePinAddress":{
        "PinID":716179921,
        "PinOwnerID":106596929
      },
      "TargetPinAddress":{
        "PinID":5,
        "PinOwnerID":467340548
      },
      "ConnectionType":0,
      "ConnectedWireIndex":-1,
      "ConnectedWireSegmentIndex":-1,
      "Points":[{"x":0.0,"y":0.0},{"x":12.25,"y":-2.875},{"x":12.25,"y":-2.3125},{"x":0.0,"y":0.0}]
    },
    {
      "SourcePinAddress":{
        "PinID":716179921,
        "PinOwnerID":1867789721
      },
      "TargetPinAddress":{
        "PinID":6,
        "PinOwnerID":467340548
      },
      "ConnectionType":0,
      "ConnectedWireIndex":-1,
      "ConnectedWireSegmentIndex":-1,
      "Points":[{"x":0.0,"y":0.0},{"x":12.375,"y":-3.5},{"x":12.375,"y":-2.5625},{"x":0.0,"y":0.0}]
    },
    {
      "SourcePinAddress":{
        "PinID":716179921,
        "PinOwnerID":1659227947
      },
      "TargetPinAddress":{
        "PinID":7,
        "PinOwnerID":467340548
      },
      "ConnectionType":0,
      "ConnectedWireIndex":-1,
      "ConnectedWireSegmentIndex":-1,
      "Points":[{"x":0.0,"y":0.0},{"x":12.5,"y":-4.125},{"x":12.5,"y":-2.8125},{"x":0.0,"y":0.0}]
    },
    {
      "SourcePinAddress":{
        "PinID":8,
        "PinOwnerID":467340548
      },
      "TargetPinAddress":{
        "PinID":0,
        "PinOwnerID":1664554557
      },
      "ConnectionType":0,
      "ConnectedWireIndex":-1,
      "ConnectedWireSegmentIndex":-1,
      "Points":[{"x":0.0,"y":0.0},{"x":0.0,"y":0.0}]
    }
  ]
}