{
  "ChipType": 0,
  "Colour": {
    "r": 0.337319732,
    "g": 0.482827842,
    "b": 0.465096563,
    "a": 1
  },
  "Displays":[],
  "InputPins":[
    {
      "Name":"IN",
      "ID":1127559229,
      "Position":{
        "x":-1.0,
        "y":1.25
      },
      "BitCount":8,
      "Colour":0,
      "ValueDisplayMode":0
    },
    {
      "Name":"B",
      "ID":2103305883,
      "Position":{
        "x":-1.0,
        "y":0.75
      },
      "BitCount":1,
      "Colour":0,
      "ValueDisplayMode":0
    },
    {
      "Name":"A",
      "ID":633226820,
      "Position":{
        "x":-1.0,
        "y":-0.375
      },
      "BitCount":1,
      "Colour":0,
      "ValueDisplayMode":0
    },
    {
      "Name":"IN",
      "ID":2080455771,
      "Position":{
        "x":-1.0,
        "y":-0.875
      },
      "BitCount":8,
      "Colour":0,
      "ValueDisplayMode":0
    }
  ],
  "Name": "ACC LOGIC",
  "NameLocation": 0,
  "OutputPins":[
    {
      "Name":"OUT",
      "ID":1688496325,
      "Position":{
        "x":8.875,
        "y":0.9375
      },
      "BitCount":8,
      "Colour":0,
      "ValueDisplayMode":0
    },
    {
      "Name":"OUT",
      "ID":2086128667,
      "Position":{
        "x":8.875,
        "y":-0.3125
      },
      "BitCount":8,
      "Colour":0,
      "ValueDisplayMode":0
    }
  ],
  "Size": {
    "x": 0.875,
    "y": 1.75
  },
  "SubChips":[
    {
      "Name":"2x8BIT AND",
      "ID":2004841984,
      "Label":"",
      "Position":{
        "x":2.06,
        "y":0.3125
      },
      "OutputPinColourInfo":[{"PinColour":0,"PinID":1962200244},{"PinColour":0,"PinID":2145002103}],
      "InternalData":null
    },
    {
      "Name":"2x8BIT AND",
      "ID":523374858,
      "Label":"",
      "Position":{
        "x":4.435,
        "y":0.3125
      },
      "OutputPinColourInfo":[{"PinColour":0,"PinID":1962200244},{"PinColour":0,"PinID":2145002103}],
      "InternalData":null
    },
    {
      "Name":"8BIT OR",
      "ID":1640524891,
      "Label":"",
      "Position":{
        "x":6.5225,
        "y":0.9375
      },
      "OutputPinColourInfo":[{"PinColour":0,"PinID":1664554557}],
      "InternalData":null
    },
    {
      "Name":"8BIT OR",
      "ID":1624914063,
      "Label":"",
      "Position":{
        "x":6.5225,
        "y":-0.3125
      },
      "OutputPinColourInfo":[{"PinColour":0,"PinID":1664554557}],
      "InternalData":null
    }
  ],
  "Wires":[
    {
      "SourcePinAddress":{
        "PinID":0,
        "PinOwnerID":1127559229
      },
      "TargetPinAddress":{
        "PinID":189521041,
        "PinOwnerID":2004841984
      },
      "ConnectionType":0,
      "ConnectedWireIndex":-1,
      "ConnectedWireSegmentIndex":-1,
      "Points":[{"x":0.0,"y":0.0},{"x":1.125,"y":1.25},{"x":1.125,"y":0.6875},{"x":0.0,"y":0.0}]
    },
    {
      "SourcePinAddress":{
        "PinID":0,
        "PinOwnerID":1127559229
      },
      "TargetPinAddress":{
        "PinID":189521041,
        "PinOwnerID":523374858
      },
      "ConnectionType":1,
      "ConnectedWireIndex":0,
      "ConnectedWireSegmentIndex":0,
      "Points":[{"x":1.125,"y":1.25},{"x":3.5,"y":1.25},{"x":3.5,"y":0.6875},{"x":0.0,"y":0.0}]
    },
    {
      "SourcePinAddress":{
        "PinID":0,
        "PinOwnerID":2080455771
      },
      "TargetPinAddress":{
        "PinID":204689138,
        "PinOwnerID":2004841984
      },
      "ConnectionType":0,
      "ConnectedWireIndex":-1,
      "ConnectedWireSegmentIndex":-1,
      "Points":[{"x":0.0,"y":0.0},{"x":1.125,"y":-0.875},{"x":1.125,"y":0.1875},{"x":0.0,"y":0.0}]
    },
    {
      "SourcePinAddress":{
        "PinID":0,
        "PinOwnerID":2080455771
      },
      "TargetPinAddress":{
        "PinID":204689138,
        "PinOwnerID":523374858
      },
      "ConnectionType":1,
      "ConnectedWireIndex":2,
      "ConnectedWireSegmentIndex":0,
      "Points":[{"x":1.125,"y":-0.875},{"x":3.5,"y":-0.875},{"x":3.5,"y":0.1875},{"x":0.0,"y":0.0}]
    },
    {
      "SourcePinAddress":{
        "PinID":0,
        "PinOwnerID":633226820
      },
      "TargetPinAddress":{
        "PinID":2087175006,
        "PinOwnerID":523374858
      },
      "ConnectionType":0,
      "ConnectedWireIndex":-1,
      "ConnectedWireSegmentIndex":-1,
      "Points":[{"x":0.0,"y":0.0},{"x":3.25,"y":-0.375},{"x":3.25,"y":-0.1875},{"x":0.0,"y":0.0}]
    },
    {
      "SourcePinAddress":{
        "PinID":0,
        "PinOwnerID":2103305883
      },
      "TargetPinAddress":{
        "PinID":2087175006,
        "PinOwnerID":2004841984
      },
      "ConnectionType":0,
      "ConnectedWireIndex":-1,
      "ConnectedWireSegmentIndex":-1,
      "Points":[{"x":0.0,"y":0.0},{"x":0.875,"y":0.75},{"x":0.875,"y":-0.1875},{"x":0.0,"y":0.0}]
    },
    {
      "SourcePinAddress":{
        "PinID":2145002103,
        "PinOwnerID":523374858
      },
      "TargetPinAddress":{
        "PinID":2126110555,
        "PinOwnerID":1624914063
      },
      "ConnectionType":0,
      "ConnectedWireIndex":-1,
      "ConnectedWireSegmentIndex":-1,
      "Points":[{"x":0.0,"y":0.0},{"x":0.0,"y":0.0}]
    },
    {
      "SourcePinAddress":{
        "PinID":1962200244,
        "PinOwnerID":523374858
      },
      "TargetPinAddress":{
        "PinID":1387421340,
        "PinOwnerID":1640524891
      },
      "ConnectionType":0,
      "ConnectedWireIndex":-1,
      "ConnectedWireSegmentIndex":-1,
      "Points":[{"x":0.0,"y":0.0},{"x":0.0,"y":0.0}]
    },
    {
      "SourcePinAddress":{
        "PinID":1962200244,
        "PinOwnerID":2004841984
      },
      "TargetPinAddress":{
        "PinID":2126110555,
        "PinOwnerID":1640524891
      },
      "ConnectionType":0,
      "ConnectedWireIndex":-1,
      "ConnectedWireSegmentIndex":-1,
      "Points":[{"x":0.0,"y":0.0},{"x":3.0,"y":0.6875},{"x":3.0,"y":1.6875},{"x":5.625,"y":1.6875},{"x":5.625,"y":1.1875},{"x":0.0,"y":0.0}]
    },
    {
      "SourcePinAddress":{
        "PinID":2145002103,
        "PinOwnerID":2004841984
      },
      "TargetPinAddress":{
        "PinID":1387421340,
        "PinOwnerID":1624914063
      },
      "ConnectionType":0,
      "ConnectedWireIndex":-1,
      "ConnectedWireSegmentIndex":-1,
      "Points":[{"x":0.0,"y":0.0},{"x":3.0,"y":-0.0625},{"x":3.0,"y":-1.375},{"x":5.625,"y":-1.375},{"x":5.625,"y":-0.5625},{"x":0.0,"y":0.0}]
    },
    {
      "SourcePinAddress":{
        "PinID":1664554557,
        "PinOwnerID":1624914063
      },
      "TargetPinAddress":{
        "PinID":0,
        "PinOwnerID":2086128667
      },
      "ConnectionType":0,
      "ConnectedWireIndex":-1,
      "ConnectedWireSegmentIndex":-1,
      "Points":[{"x":0.0,"y":0.0},{"x":0.0,"y":0.0}]
    },
    {
      "SourcePinAddress":{
        "PinID":1664554557,
        "PinOwnerID":1640524891
      },
      "TargetPinAddress":{
        "PinID":0,
        "PinOwnerID":1688496325
      },
      "ConnectionType":0,
      "ConnectedWireIndex":-1,
      "ConnectedWireSegmentIndex":-1,
      "Points":[{"x":0.0,"y":0.0},{"x":0.0,"y":0.0}]
    }
  ]
}