{
  "ChipType": 0,
  "Colour": {
    "r": 0.0520615056,
    "g": 0.543748438,
    "b": 0.6879113,
    "a": 1
  },
  "Displays":[],
  "InputPins":[
    {
      "Name":"ADR B",
      "ID":79536782,
      "Position":{
        "x":10.5,
        "y":-41.1875
      },
      "BitCount":4,
      "Colour":0,
      "ValueDisplayMode":1
    },
    {
      "Name":"ADR A",
      "ID":1254812472,
      "Position":{
        "x":10.5,
        "y":-45.4375
      },
      "BitCount":4,
      "Colour":0,
      "ValueDisplayMode":1
    },
    {
      "Name":"IN",
      "ID":821104998,
      "Position":{
        "x":10.5,
        "y":-46.25
      },
      "BitCount":1,
      "Colour":0,
      "ValueDisplayMode":0
    }
  ],
  "Name": "ACC",
  "NameLocation": 0,
  "OutputPins":[],
  "Size": {
    "x": 0.575,
    "y": 1.0
  },
  "SubChips":[
    {
      "Name":"2 x 8BIT MEM",
      "ID":1405506760,
      "Label":"",
      "Position":{
        "x":18.71,
        "y":-10.375
      },
      "OutputPinColourInfo":[{"PinColour":0,"PinID":722761987},{"PinColour":0,"PinID":1590346701}],
      "InternalData":null
    },
    {
      "Name":"2 x 8BIT MEM",
      "ID":331387097,
      "Label":"",
      "Position":{
        "x":18.71,
        "y":-12.25
      },
      "OutputPinColourInfo":[{"PinColour":0,"PinID":722761987},{"PinColour":0,"PinID":1590346701}],
      "InternalData":null
    },
    {
      "Name":"2 x 8BIT MEM",
      "ID":402993897,
      "Label":"",
      "Position":{
        "x":18.71,
        "y":-14.125
      },
      "OutputPinColourInfo":[{"PinColour":0,"PinID":722761987},{"PinColour":0,"PinID":1590346701}],
      "InternalData":null
    },
    {
      "Name":"2 x 8BIT MEM",
      "ID":1114192310,
      "Label":"",
      "Position":{
        "x":18.71,
        "y":-16.0
      },
      "OutputPinColourInfo":[{"PinColour":0,"PinID":722761987},{"PinColour":0,"PinID":1590346701}],
      "InternalData":null
    },
    {
      "Name":"2 x 8BIT MEM",
      "ID":1038536866,
      "Label":"",
      "Position":{
        "x":18.71,
        "y":-17.875
      },
      "OutputPinColourInfo":[{"PinColour":0,"PinID":722761987},{"PinColour":0,"PinID":1590346701}],
      "InternalData":null
    },
    {
      "Name":"2 x 8BIT MEM",
      "ID":1951196022,
      "Label":"",
      "Position":{
        "x":18.71,
        "y":-19.75
      },
      "OutputPinColourInfo":[{"PinColour":0,"PinID":722761987},{"PinColour":0,"PinID":1590346701}],
      "InternalData":null
    },
    {
      "Name":"2 x 8BIT MEM",
      "ID":688975844,
      "Label":"",
      "Position":{
        "x":18.71,
        "y":-21.625
      },
      "OutputPinColourInfo":[{"PinColour":0,"PinID":722761987},{"PinColour":0,"PinID":1590346701}],
      "InternalData":null
    },
    {
      "Name":"2 x 8BIT MEM",
      "ID":2101534574,
      "Label":"",
      "Position":{
        "x":18.71,
        "y":-23.5
      },
      "OutputPinColourInfo":[{"PinColour":0,"PinID":722761987},{"PinColour":0,"PinID":1590346701}],
      "InternalData":null
    },
    {
      "Name":"2 x 8BIT MEM",
      "ID":501348043,
      "Label":"",
      "Position":{
        "x":18.71,
        "y":-25.375
      },
      "OutputPinColourInfo":[{"PinColour":0,"PinID":722761987},{"PinColour":0,"PinID":1590346701}],
      "InternalData":null
    },
    {
      "Name":"2 x 8BIT MEM",
      "ID":118121212,
      "Label":"",
      "Position":{
        "x":18.71,
        "y":-27.25
      },
      "OutputPinColourInfo":[{"PinColour":0,"PinID":722761987},{"PinColour":0,"PinID":1590346701}],
      "InternalData":null
    },
    {
      "Name":"2 x 8BIT MEM",
      "ID":1140958892,
      "Label":"",
      "Position":{
        "x":18.71,
        "y":-29.125
      },
      "OutputPinColourInfo":[{"PinColour":0,"PinID":722761987},{"PinColour":0,"PinID":1590346701}],
      "InternalData":null
    },
    {
      "Name":"2 x 8BIT MEM",
      "ID":1707149941,
      "Label":"",
      "Position":{
        "x":18.71,
        "y":-31.0
      },
      "OutputPinColourInfo":[{"PinColour":0,"PinID":722761987},{"PinColour":0,"PinID":1590346701}],
      "InternalData":null
    },
    {
      "Name":"2 x 8BIT MEM",
      "ID":2145373175,
      "Label":"",
      "Position":{
        "x":18.71,
        "y":-32.875
      },
      "OutputPinColourInfo":[{"PinColour":0,"PinID":722761987},{"PinColour":0,"PinID":1590346701}],
      "InternalData":null
    },
    {
      "Name":"2 x 8BIT MEM",
      "ID":203046616,
      "Label":"",
      "Position":{
        "x":18.71,
        "y":-34.75
      },
      "OutputPinColourInfo":[{"PinColour":0,"PinID":722761987},{"PinColour":0,"PinID":1590346701}],
      "InternalData":null
    },
    {
      "Name":"2 x 8BIT MEM",
      "ID":599074694,
      "Label":"",
      "Position":{
        "x":18.71,
        "y":-36.625
      },
      "OutputPinColourInfo":[{"PinColour":0,"PinID":722761987},{"PinColour":0,"PinID":1590346701}],
      "InternalData":null
    },
    {
      "Name":"2 x 8BIT MEM",
      "ID":422952235,
      "Label":"",
      "Position":{
        "x":18.71,
        "y":-38.5
      },
      "OutputPinColourInfo":[{"PinColour":0,"PinID":722761987},{"PinColour":0,"PinID":1590346701}],
      "InternalData":null
    },
    {
      "Name":"MUX 4B",
      "ID":1582770113,
      "Label":"",
      "Position":{
        "x":14.0225,
        "y":-41.625
      },
      "OutputPinColourInfo":[{"PinColour":0,"PinID":797071394},{"PinColour":0,"PinID":193468183}],
      "InternalData":null
    },
    {
      "Name":"8-1BIT",
      "ID":608093787,
      "Label":"",
      "Position":{
        "x":15.6975,
        "y":-42.6875
      },
      "OutputPinColourInfo":[{"PinColour":0,"PinID":1},{"PinColour":0,"PinID":2},{"PinColour":0,"PinID":3},{"PinColour":0,"PinID":4},{"PinColour":0,"PinID":5},{"PinColour":0,"PinID":6},{"PinColour":0,"PinID":7},{"PinColour":0,"PinID":8}],
      "InternalData":null
    },
    {
      "Name":"8-1BIT",
      "ID":1296775818,
      "Label":"",
      "Position":{
        "x":15.6975,
        "y":-40.5625
      },
      "OutputPinColourInfo":[{"PinColour":0,"PinID":1},{"PinColour":0,"PinID":2},{"PinColour":0,"PinID":3},{"PinColour":0,"PinID":4},{"PinColour":0,"PinID":5},{"PinColour":0,"PinID":6},{"PinColour":0,"PinID":7},{"PinColour":0,"PinID":8}],
      "InternalData":null
    },
    {
      "Name":"4BIT AND",
      "ID":724684432,
      "Label":"",
      "Position":{
        "x":12.6475,
        "y":-41.3125
      },
      "OutputPinColourInfo":[{"PinColour":0,"PinID":338143613}],
      "InternalData":null
    },
    {
      "Name":"MUX 4B",
      "ID":1932221054,
      "Label":"",
      "Position":{
        "x":14.0225,
        "y":-45.875
      },
      "OutputPinColourInfo":[{"PinColour":0,"PinID":797071394},{"PinColour":0,"PinID":193468183}],
      "InternalData":null
    },
    {
      "Name":"8-1BIT",
      "ID":1517977403,
      "Label":"",
      "Position":{
        "x":15.6975,
        "y":-46.9375
      },
      "OutputPinColourInfo":[{"PinColour":0,"PinID":1},{"PinColour":0,"PinID":2},{"PinColour":0,"PinID":3},{"PinColour":0,"PinID":4},{"PinColour":0,"PinID":5},{"PinColour":0,"PinID":6},{"PinColour":0,"PinID":7},{"PinColour":0,"PinID":8}],
      "InternalData":null
    },
    {
      "Name":"8-1BIT",
      "ID":946851130,
      "Label":"",
      "Position":{
        "x":15.6975,
        "y":-44.8125
      },
      "OutputPinColourInfo":[{"PinColour":0,"PinID":1},{"PinColour":0,"PinID":2},{"PinColour":0,"PinID":3},{"PinColour":0,"PinID":4},{"PinColour":0,"PinID":5},{"PinColour":0,"PinID":6},{"PinColour":0,"PinID":7},{"PinColour":0,"PinID":8}],
      "InternalData":null
    },
    {
      "Name":"4BIT AND",
      "ID":1572644017,
      "Label":"",
      "Position":{
        "x":12.6475,
        "y":-45.5625
      },
      "OutputPinColourInfo":[{"PinColour":0,"PinID":338143613}],
      "InternalData":null
    },
    {
      "Name":"ACC LOGIC",
      "ID":1510032077,
      "Label":"",
      "Position":{
        "x":22.9475,
        "y":-10.375
      },
      "OutputPinColourInfo":[{"PinColour":0,"PinID":1688496325},{"PinColour":0,"PinID":2086128667}],
      "InternalData":null
    },
    {
      "Name":"ACC LOGIC",
      "ID":208180068,
      "Label":"",
      "Position":{
        "x":22.9475,
        "y":-12.25
      },
      "OutputPinColourInfo":[{"PinColour":0,"PinID":1688496325},{"PinColour":0,"PinID":2086128667}],
      "InternalData":null
    },
    {
      "Name":"ACC LOGIC",
      "ID":561933772,
      "Label":"",
      "Position":{
        "x":22.9475,
        "y":-14.125
      },
      "OutputPinColourInfo":[{"PinColour":0,"PinID":1688496325},{"PinColour":0,"PinID":2086128667}],
      "InternalData":null
    },
    {
      "Name":"ACC LOGIC",
      "ID":815652825,
      "Label":"",
      "Position":{
        "x":22.9475,
        "y":-16.0
      },
      "OutputPinColourInfo":[{"PinColour":0,"PinID":1688496325},{"PinColour":0,"PinID":2086128667}],
      "InternalData":null
    },
    {
      "Name":"ACC LOGIC",
      "ID":1489330076,
      "Label":"",
      "Position":{
        "x":22.9475,
        "y":-17.875
      },
      "OutputPinColourInfo":[{"PinColour":0,"PinID":1688496325},{"PinColour":0,"PinID":2086128667}],
      "InternalData":null
    },
    {
      "Name":"ACC LOGIC",
      "ID":620729661,
      "Label":"",
      "Position":{
        "x":22.9475,
        "y":-19.75
      },
      "OutputPinColourInfo":[{"PinColour":0,"PinID":1688496325},{"PinColour":0,"PinID":2086128667}],
      "InternalData":null
    },
    {
      "Name":"ACC LOGIC",
      "ID":851458085,
      "Label":"",
      "Position":{
        "x":22.9475,
        "y":-21.625
      },
      "OutputPinColourInfo":[{"PinColour":0,"PinID":1688496325},{"PinColour":0,"PinID":2086128667}],
      "InternalData":null
    },
    {
      "Name":"ACC LOGIC",
      "ID":1467535478,
      "Label":"",
      "Position":{
        "x":22.9475,
        "y":-23.5
      },
      "OutputPinColourInfo":[{"PinColour":0,"PinID":1688496325},{"PinColour":0,"PinID":2086128667}],
      "InternalData":null
    },
    {
      "Name":"ACC LOGIC",
      "ID":382045283,
      "Label":"",
      "Position":{
        "x":22.9475,
        "y":-25.375
      },
      "OutputPinColourInfo":[{"PinColour":0,"PinID":1688496325},{"PinColour":0,"PinID":2086128667}],
      "InternalData":null
    },
    {
      "Name":"ACC LOGIC",
      "ID":1928755414,
      "Label":"",
      "Position":{
        "x":22.9475,
        "y":-27.25
      },
      "OutputPinColourInfo":[{"PinColour":0,"PinID":1688496325},{"PinColour":0,"PinID":2086128667}],
      "InternalData":null
    },
    {
      "Name":"ACC LOGIC",
      "ID":56308270,
      "Label":"",
      "Position":{
        "x":22.9475,
        "y":-29.125
      },
      "OutputPinColourInfo":[{"PinColour":0,"PinID":1688496325},{"PinColour":0,"PinID":2086128667}],
      "InternalData":null
    },
    {
      "Name":"ACC LOGIC",
      "ID":823051048,
      "Label":"",
      "Position":{
        "x":22.9475,
        "y":-31.0
      },
      "OutputPinColourInfo":[{"PinColour":0,"PinID":1688496325},{"PinColour":0,"PinID":2086128667}],
      "InternalData":null
    },
    {
      "Name":"ACC LOGIC",
      "ID":1985221187,
      "Label":"",
      "Position":{
        "x":22.9475,
        "y":-32.875
      },
      "OutputPinColourInfo":[{"PinColour":0,"PinID":1688496325},{"PinColour":0,"PinID":2086128667}],
      "InternalData":null
    },
    {
      "Name":"ACC LOGIC",
      "ID":735119261,
      "Label":"",
      "Position":{
        "x":22.9475,
        "y":-34.75
      },
      "OutputPinColourInfo":[{"PinColour":0,"PinID":1688496325},{"PinColour":0,"PinID":2086128667}],
      "InternalData":null
    },
    {
      "Name":"ACC LOGIC",
      "ID":61397481,
      "Label":"",
      "Position":{
        "x":22.9475,
        "y":-36.625
      },
      "OutputPinColourInfo":[{"PinColour":0,"PinID":1688496325},{"PinColour":0,"PinID":2086128667}],
      "InternalData":null
    },
    {
      "Name":"ACC LOGIC",
      "ID":1038715295,
      "Label":"",
      "Position":{
        "x":22.9475,
        "y":-38.5
      },
      "OutputPinColourInfo":[{"PinColour":0,"PinID":1688496325},{"PinColour":0,"PinID":2086128667}],
      "InternalData":null
    }
  ],
  "Wires":[
    {
      "SourcePinAddress":{
        "PinID":8,
        "PinOwnerID":608093787
      },
      "TargetPinAddress":{
        "PinID":639368962,
        "PinOwnerID":422952235
      },
      "ConnectionType":0,
      "ConnectedWireIndex":-1,
      "ConnectedWireSegmentIndex":-1,
      "Points":[{"x":0.0,"y":0.0},{"x":17.75,"y":-43.5625},{"x":17.75,"y":-39.25},{"x":0.0,"y":0.0}]
    },
    {
      "SourcePinAddress":{
        "PinID":7,
        "PinOwnerID":608093787
      },
      "TargetPinAddress":{
        "PinID":639368962,
        "PinOwnerID":599074694
      },
      "ConnectionType":0,
      "ConnectedWireIndex":-1,
      "ConnectedWireSegmentIndex":-1,
      "Points":[{"x":0.0,"y":0.0},{"x":17.6875,"y":-43.3125},{"x":17.6875,"y":-37.375},{"x":0.0,"y":0.0}]
    },
    {
      "SourcePinAddress":{
        "PinID":6,
        "PinOwnerID":608093787
      },
      "TargetPinAddress":{
        "PinID":639368962,
        "PinOwnerID":203046616
      },
      "ConnectionType":0,
      "ConnectedWireIndex":-1,
      "ConnectedWireSegmentIndex":-1,
      "Points":[{"x":0.0,"y":0.0},{"x":17.625,"y":-43.0625},{"x":17.625,"y":-35.5},{"x":0.0,"y":0.0}]
    },
    {
      "SourcePinAddress":{
        "PinID":5,
        "PinOwnerID":608093787
      },
      "TargetPinAddress":{
        "PinID":639368962,
        "PinOwnerID":2145373175
      },
      "ConnectionType":0,
      "ConnectedWireIndex":-1,
      "ConnectedWireSegmentIndex":-1,
      "Points":[{"x":0.0,"y":0.0},{"x":17.5625,"y":-42.8125},{"x":17.5625,"y":-33.625},{"x":0.0,"y":0.0}]
    },
    {
      "SourcePinAddress":{
        "PinID":4,
        "PinOwnerID":608093787
      },
      "TargetPinAddress":{
        "PinID":639368962,
        "PinOwnerID":1707149941
      },
      "ConnectionType":0,
      "ConnectedWireIndex":-1,
      "ConnectedWireSegmentIndex":-1,
      "Points":[{"x":0.0,"y":0.0},{"x":17.5,"y":-42.5625},{"x":17.5,"y":-31.75},{"x":0.0,"y":0.0}]
    },
    {
      "SourcePinAddress":{
        "PinID":3,
        "PinOwnerID":608093787
      },
      "TargetPinAddress":{
        "PinID":639368962,
        "PinOwnerID":1140958892
      },
      "ConnectionType":0,
      "ConnectedWireIndex":-1,
      "ConnectedWireSegmentIndex":-1,
      "Points":[{"x":0.0,"y":0.0},{"x":17.4375,"y":-42.3125},{"x":17.4375,"y":-29.875},{"x":0.0,"y":0.0}]
    },
    {
      "SourcePinAddress":{
        "PinID":2,
        "PinOwnerID":608093787
      },
      "TargetPinAddress":{
        "PinID":639368962,
        "PinOwnerID":118121212
      },
      "ConnectionType":0,
      "ConnectedWireIndex":-1,
      "ConnectedWireSegmentIndex":-1,
      "Points":[{"x":0.0,"y":0.0},{"x":17.375,"y":-42.0625},{"x":17.375,"y":-28.0},{"x":0.0,"y":0.0}]
    },
    {
      "SourcePinAddress":{
        "PinID":1,
        "PinOwnerID":608093787
      },
      "TargetPinAddress":{
        "PinID":639368962,
        "PinOwnerID":501348043
      },
      "ConnectionType":0,
      "ConnectedWireIndex":-1,
      "ConnectedWireSegmentIndex":-1,
      "Points":[{"x":0.0,"y":0.0},{"x":17.3125,"y":-41.8125},{"x":17.3125,"y":-26.125},{"x":0.0,"y":0.0}]
    },
    {
      "SourcePinAddress":{
        "PinID":193468183,
        "PinOwnerID":1582770113
      },
      "TargetPinAddress":{
        "PinID":0,
        "PinOwnerID":608093787
      },
      "ConnectionType":0,
      "ConnectedWireIndex":-1,
      "ConnectedWireSegmentIndex":-1,
      "Points":[{"x":0.0,"y":0.0},{"x":14.8125,"y":-41.875},{"x":14.8125,"y":-42.6875},{"x":0.0,"y":0.0}]
    },
    {
      "SourcePinAddress":{
        "PinID":797071394,
        "PinOwnerID":1582770113
      },
      "TargetPinAddress":{
        "PinID":0,
        "PinOwnerID":1296775818
      },
      "ConnectionType":0,
      "ConnectedWireIndex":-1,
      "ConnectedWireSegmentIndex":-1,
      "Points":[{"x":0.0,"y":0.0},{"x":14.8125,"y":-41.375},{"x":14.8125,"y":-40.5625},{"x":0.0,"y":0.0}]
    },
    {
      "SourcePinAddress":{
        "PinID":0,
        "PinOwnerID":79536782
      },
      "TargetPinAddress":{
        "PinID":904559807,
        "PinOwnerID":724684432
      },
      "ConnectionType":0,
      "ConnectedWireIndex":-1,
      "ConnectedWireSegmentIndex":-1,
      "Points":[{"x":0.0,"y":0.0},{"x":0.0,"y":0.0}]
    },
    {
      "SourcePinAddress":{
        "PinID":338143613,
        "PinOwnerID":724684432
      },
      "TargetPinAddress":{
        "PinID":1104882137,
        "PinOwnerID":1582770113
      },
      "ConnectionType":0,
      "ConnectedWireIndex":-1,
      "ConnectedWireSegmentIndex":-1,
      "Points":[{"x":0.0,"y":0.0},{"x":0.0,"y":0.0}]
    },
    {
      "SourcePinAddress":{
        "PinID":8,
        "PinOwnerID":1296775818
      },
      "TargetPinAddress":{
        "PinID":639368962,
        "PinOwnerID":2101534574
      },
      "ConnectionType":0,
      "ConnectedWireIndex":-1,
      "ConnectedWireSegmentIndex":-1,
      "Points":[{"x":0.0,"y":0.0},{"x":17.25,"y":-41.4375},{"x":17.25,"y":-24.25},{"x":0.0,"y":0.0}]
    },
    {
      "SourcePinAddress":{
        "PinID":7,
        "PinOwnerID":1296775818
      },
      "TargetPinAddress":{
        "PinID":639368962,
        "PinOwnerID":688975844
      },
      "ConnectionType":0,
      "ConnectedWireIndex":-1,
      "ConnectedWireSegmentIndex":-1,
      "Points":[{"x":0.0,"y":0.0},{"x":17.1875,"y":-41.1875},{"x":17.1875,"y":-22.375},{"x":0.0,"y":0.0}]
    },
    {
      "SourcePinAddress":{
        "PinID":6,
        "PinOwnerID":1296775818
      },
      "TargetPinAddress":{
        "PinID":639368962,
        "PinOwnerID":1951196022
      },
      "ConnectionType":0,
      "ConnectedWireIndex":-1,
      "ConnectedWireSegmentIndex":-1,
      "Points":[{"x":0.0,"y":0.0},{"x":17.125,"y":-40.9375},{"x":17.125,"y":-20.5},{"x":0.0,"y":0.0}]
    },
    {
      "SourcePinAddress":{
        "PinID":5,
        "PinOwnerID":1296775818
      },
      "TargetPinAddress":{
        "PinID":639368962,
        "PinOwnerID":1038536866
      },
      "ConnectionType":0,
      "ConnectedWireIndex":-1,
      "ConnectedWireSegmentIndex":-1,
      "Points":[{"x":0.0,"y":0.0},{"x":17.0625,"y":-40.6875},{"x":17.0625,"y":-18.625},{"x":0.0,"y":0.0}]
    },
    {
      "SourcePinAddress":{
        "PinID":4,
        "PinOwnerID":1296775818
      },
      "TargetPinAddress":{
        "PinID":639368962,
        "PinOwnerID":1114192310
      },
      "ConnectionType":0,
      "ConnectedWireIndex":-1,
      "ConnectedWireSegmentIndex":-1,
      "Points":[{"x":0.0,"y":0.0},{"x":17.0,"y":-40.4375},{"x":17.0,"y":-16.75},{"x":0.0,"y":0.0}]
    },
    {
      "SourcePinAddress":{
        "PinID":3,
        "PinOwnerID":1296775818
      },
      "TargetPinAddress":{
        "PinID":639368962,
        "PinOwnerID":402993897
      },
      "ConnectionType":0,
      "ConnectedWireIndex":-1,
      "ConnectedWireSegmentIndex":-1,
      "Points":[{"x":0.0,"y":0.0},{"x":16.9375,"y":-40.1875},{"x":16.9375,"y":-14.875},{"x":0.0,"y":0.0}]
    },
    {
      "SourcePinAddress":{
        "PinID":2,
        "PinOwnerID":1296775818
      },
      "TargetPinAddress":{
        "PinID":639368962,
        "PinOwnerID":331387097
      },
      "ConnectionType":0,
      "ConnectedWireIndex":-1,
      "ConnectedWireSegmentIndex":-1,
      "Points":[{"x":0.0,"y":0.0},{"x":16.875,"y":-39.9375},{"x":16.875,"y":-13.0},{"x":0.0,"y":0.0}]
    },
    {
      "SourcePinAddress":{
        "PinID":1,
        "PinOwnerID":1296775818
      },
      "TargetPinAddress":{
        "PinID":639368962,
        "PinOwnerID":1405506760
      },
      "ConnectionType":0,
      "ConnectedWireIndex":-1,
      "ConnectedWireSegmentIndex":-1,
      "Points":[{"x":0.0,"y":0.0},{"x":16.8125,"y":-39.6875},{"x":16.8125,"y":-11.125},{"x":0.0,"y":0.0}]
    },
    {
      "SourcePinAddress":{
        "PinID":797071394,
        "PinOwnerID":1932221054
      },
      "TargetPinAddress":{
        "PinID":0,
        "PinOwnerID":946851130
      },
      "ConnectionType":0,
      "ConnectedWireIndex":-1,
      "ConnectedWireSegmentIndex":-1,
      "Points":[{"x":0.0,"y":0.0},{"x":14.8125,"y":-45.625},{"x":14.8125,"y":-44.8125},{"x":0.0,"y":0.0}]
    },
    {
      "SourcePinAddress":{
        "PinID":193468183,
        "PinOwnerID":1932221054
      },
      "TargetPinAddress":{
        "PinID":0,
        "PinOwnerID":1517977403
      },
      "ConnectionType":0,
      "ConnectedWireIndex":-1,
      "ConnectedWireSegmentIndex":-1,
      "Points":[{"x":0.0,"y":0.0},{"x":14.8125,"y":-46.125},{"x":14.8125,"y":-46.9375},{"x":0.0,"y":0.0}]
    },
    {
      "SourcePinAddress":{
        "PinID":338143613,
        "PinOwnerID":1572644017
      },
      "TargetPinAddress":{
        "PinID":1104882137,
        "PinOwnerID":1932221054
      },
      "ConnectionType":0,
      "ConnectedWireIndex":-1,
      "ConnectedWireSegmentIndex":-1,
      "Points":[{"x":0.0,"y":0.0},{"x":0.0,"y":0.0}]
    },
    {
      "SourcePinAddress":{
        "PinID":0,
        "PinOwnerID":1254812472
      },
      "TargetPinAddress":{
        "PinID":904559807,
        "PinOwnerID":1572644017
      },
      "ConnectionType":0,
      "ConnectedWireIndex":-1,
      "ConnectedWireSegmentIndex":-1,
      "Points":[{"x":0.0,"y":0.0},{"x":0.0,"y":0.0}]
    },
    {
      "SourcePinAddress":{
        "PinID":0,
        "PinOwnerID":821104998
      },
      "TargetPinAddress":{
        "PinID":1863240206,
        "PinOwnerID":1932221054
      },
      "ConnectionType":0,
      "ConnectedWireIndex":-1,
      "ConnectedWireSegmentIndex":-1,
      "Points":[{"x":0.0,"y":0.0},{"x":0.0,"y":0.0}]
    },
    {
      "SourcePinAddress":{
        "PinID":0,
        "PinOwnerID":821104998
      },
      "TargetPinAddress":{
        "PinID":943212059,
        "PinOwnerID":724684432
      },
      "ConnectionType":1,
      "ConnectedWireIndex":24,
      "ConnectedWireSegmentIndex":0,
      "Points":[{"x":11.75,"y":-46.25},{"x":11.75,"y":-41.5},{"x":0.0,"y":0.0}]
    },
    {
      "SourcePinAddress":{
        "PinID":0,
        "PinOwnerID":821104998
      },
      "TargetPinAddress":{
        "PinID":1863240206,
        "PinOwnerID":1582770113
      },
      "ConnectionType":1,
      "ConnectedWireIndex":25,
      "ConnectedWireSegmentIndex":0,
      "Points":[{"x":11.75,"y":-42.0},{"x":0.0,"y":0.0}]
    },
    {
      "SourcePinAddress":{
        "PinID":0,
        "PinOwnerID":821104998
      },
      "TargetPinAddress":{
        "PinID":943212059,
        "PinOwnerID":1572644017
      },
      "ConnectionType":1,
      "ConnectedWireIndex":25,
      "ConnectedWireSegmentIndex":0,
      "Points":[{"x":11.75,"y":-45.75},{"x":0.0,"y":0.0}]
    },
    {
      "SourcePinAddress":{
        "PinID":722761987,
        "PinOwnerID":422952235
      },
      "TargetPinAddress":{
        "PinID":1127559229,
        "PinOwnerID":1038715295
      },
      "ConnectionType":0,
      "ConnectedWireIndex":-1,
      "ConnectedWireSegmentIndex":-1,
      "Points":[{"x":0.0,"y":0.0},{"x":0.0,"y":0.0}]
    },
    {
      "SourcePinAddress":{
        "PinID":1590346701,
        "PinOwnerID":422952235
      },
      "TargetPinAddress":{
        "PinID":2080455771,
        "PinOwnerID":1038715295
      },
      "ConnectionType":0,
      "ConnectedWireIndex":-1,
      "ConnectedWireSegmentIndex":-1,
      "Points":[{"x":0.0,"y":0.0},{"x":0.0,"y":0.0}]
    },
    {
      "SourcePinAddress":{
        "PinID":1590346701,
        "PinOwnerID":599074694
      },
      "TargetPinAddress":{
        "PinID":2080455771,
        "PinOwnerID":61397481
      },
      "ConnectionType":0,
      "ConnectedWireIndex":-1,
      "ConnectedWireSegmentIndex":-1,
      "Points":[{"x":0.0,"y":0.0},{"x":0.0,"y":0.0}]
    },
    {
      "SourcePinAddress":{
        "PinID":722761987,
        "PinOwnerID":599074694
      },
      "TargetPinAddress":{
        "PinID":1127559229,
        "PinOwnerID":61397481
      },
      "ConnectionType":0,
      "ConnectedWireIndex":-1,
      "ConnectedWireSegmentIndex":-1,
      "Points":[{"x":0.0,"y":0.0},{"x":0.0,"y":0.0}]
    },
    {
      "SourcePinAddress":{
        "PinID":1590346701,
        "PinOwnerID":203046616
      },
      "TargetPinAddress":{
        "PinID":2080455771,
        "PinOwnerID":735119261
      },
      "ConnectionType":0,
      "ConnectedWireIndex":-1,
      "ConnectedWireSegmentIndex":-1,
      "Points":[{"x":0.0,"y":0.0},{"x":0.0,"y":0.0}]
    },
    {
      "SourcePinAddress":{
        "PinID":722761987,
        "PinOwnerID":203046616
      },
      "TargetPinAddress":{
        "PinID":1127559229,
        "PinOwnerID":735119261
      },
      "ConnectionType":0,
      "ConnectedWireIndex":-1,
      "ConnectedWireSegmentIndex":-1,
      "Points":[{"x":0.0,"y":0.0},{"x":0.0,"y":0.0}]
    },
    {
      "SourcePinAddress":{
        "PinID":1590346701,
        "PinOwnerID":2145373175
      },
      "TargetPinAddress":{
        "PinID":2080455771,
        "PinOwnerID":1985221187
      },
      "ConnectionType":0,
      "ConnectedWireIndex":-1,
      "ConnectedWireSegmentIndex":-1,
      "Points":[{"x":0.0,"y":0.0},{"x":0.0,"y":0.0}]
    },
    {
      "SourcePinAddress":{
        "PinID":722761987,
        "PinOwnerID":2145373175
      },
      "TargetPinAddress":{
        "PinID":1127559229,
        "PinOwnerID":1985221187
      },
      "ConnectionType":0,
      "ConnectedWireIndex":-1,
      "ConnectedWireSegmentIndex":-1,
      "Points":[{"x":0.0,"y":0.0},{"x":0.0,"y":0.0}]
    },
    {
      "SourcePinAddress":{
        "PinID":1590346701,
        "PinOwnerID":1707149941
      },
      "TargetPinAddress":{
        "PinID":2080455771,
        "PinOwnerID":823051048
      },
      "ConnectionType":0,
      "ConnectedWireIndex":-1,
      "ConnectedWireSegmentIndex":-1,
      "Points":[{"x":0.0,"y":0.0},{"x":0.0,"y":0.0}]
    },
    {
      "SourcePinAddress":{
        "PinID":722761987,
        "PinOwnerID":1707149941
      },
      "TargetPinAddress":{
        "PinID":1127559229,
        "PinOwnerID":823051048
      },
      "ConnectionType":0,
      "ConnectedWireIndex":-1,
      "ConnectedWireSegmentIndex":-1,
      "Points":[{"x":0.0,"y":0.0},{"x":0.0,"y":0.0}]
    },
    {
      "SourcePinAddress":{
        "PinID":1590346701,
        "PinOwnerID":1140958892
      },
      "TargetPinAddress":{
        "PinID":2080455771,
        "PinOwnerID":56308270
      },
      "ConnectionType":0,
      "ConnectedWireIndex":-1,
      "ConnectedWireSegmentIndex":-1,
      "Points":[{"x":0.0,"y":0.0},{"x":0.0,"y":0.0}]
    },
    {
      "SourcePinAddress":{
        "PinID":722761987,
        "PinOwnerID":1140958892
      },
      "TargetPinAddress":{
        "PinID":1127559229,
        "PinOwnerID":56308270
      },
      "ConnectionType":0,
      "ConnectedWireIndex":-1,
      "ConnectedWireSegmentIndex":-1,
      "Points":[{"x":0.0,"y":0.0},{"x":0.0,"y":0.0}]
    },
    {
      "SourcePinAddress":{
        "PinID":1590346701,
        "PinOwnerID":118121212
      },
      "TargetPinAddress":{
        "PinID":2080455771,
        "PinOwnerID":1928755414
      },
      "ConnectionType":0,
      "ConnectedWireIndex":-1,
      "ConnectedWireSegmentIndex":-1,
      "Points":[{"x":0.0,"y":0.0},{"x":0.0,"y":0.0}]
    },
    {
      "SourcePinAddress":{
        "PinID":722761987,
        "PinOwnerID":118121212
      },
      "TargetPinAddress":{
        "PinID":1127559229,
        "PinOwnerID":1928755414
      },
      "ConnectionType":0,
      "ConnectedWireIndex":-1,
      "ConnectedWireSegmentIndex":-1,
      "Points":[{"x":0.0,"y":0.0},{"x":0.0,"y":0.0}]
    },
    {
      "SourcePinAddress":{
        "PinID":1590346701,
        "PinOwnerID":501348043
      },
      "TargetPinAddress":{
        "PinID":2080455771,
        "PinOwnerID":382045283
      },
      "ConnectionType":0,
      "ConnectedWireIndex":-1,
      "ConnectedWireSegmentIndex":-1,
      "Points":[{"x":0.0,"y":0.0},{"x":0.0,"y":0.0}]
    },
    {
      "SourcePinAddress":{
        "PinID":722761987,
        "PinOwnerID":501348043
      },
      "TargetPinAddress":{
        "PinID":1127559229,
        "PinOwnerID":382045283
      },
      "ConnectionType":0,
      "ConnectedWireIndex":-1,
      "ConnectedWireSegmentIndex":-1,
      "Points":[{"x":0.0,"y":0.0},{"x":0.0,"y":0.0}]
    },
    {
      "SourcePinAddress":{
        "PinID":1590346701,
        "PinOwnerID":2101534574
      },
      "TargetPinAddress":{
        "PinID":2080455771,
        "PinOwnerID":1467535478
      },
      "ConnectionType":0,
      "ConnectedWireIndex":-1,
      "ConnectedWireSegmentIndex":-1,
      "Points":[{"x":0.0,"y":0.0},{"x":0.0,"y":0.0}]
    },
    {
      "SourcePinAddress":{
        "PinID":722761987,
        "PinOwnerID":2101534574
      },
      "TargetPinAddress":{
        "PinID":1127559229,
        "PinOwnerID":1467535478
      },
      "ConnectionType":0,
      "ConnectedWireIndex":-1,
      "ConnectedWireSegmentIndex":-1,
      "Points":[{"x":0.0,"y":0.0},{"x":19.5625,"y":-22.875},{"x":0.0,"y":0.0}]
    },
    {
      "SourcePinAddress":{
        "PinID":1590346701,
        "PinOwnerID":688975844
      },
      "TargetPinAddress":{
        "PinID":2080455771,
        "PinOwnerID":851458085
      },
      "ConnectionType":0,
      "ConnectedWireIndex":-1,
      "ConnectedWireSegmentIndex":-1,
      "Points":[{"x":0.0,"y":0.0},{"x":0.0,"y":0.0}]
    },
    {
      "SourcePinAddress":{
        "PinID":722761987,
        "PinOwnerID":688975844
      },
      "TargetPinAddress":{
        "PinID":1127559229,
        "PinOwnerID":851458085
      },
      "ConnectionType":0,
      "ConnectedWireIndex":-1,
      "ConnectedWireSegmentIndex":-1,
      "Points":[{"x":0.0,"y":0.0},{"x":0.0,"y":0.0}]
    },
    {
      "SourcePinAddress":{
        "PinID":1590346701,
        "PinOwnerID":1951196022
      },
      "TargetPinAddress":{
        "PinID":2080455771,
        "PinOwnerID":620729661
      },
      "ConnectionType":0,
      "ConnectedWireIndex":-1,
      "ConnectedWireSegmentIndex":-1,
      "Points":[{"x":0.0,"y":0.0},{"x":0.0,"y":0.0}]
    },
    {
      "SourcePinAddress":{
        "PinID":722761987,
        "PinOwnerID":1951196022
      },
      "TargetPinAddress":{
        "PinID":1127559229,
        "PinOwnerID":620729661
      },
      "ConnectionType":0,
      "ConnectedWireIndex":-1,
      "ConnectedWireSegmentIndex":-1,
      "Points":[{"x":0.0,"y":0.0},{"x":0.0,"y":0.0}]
    },
    {
      "SourcePinAddress":{
        "PinID":1590346701,
        "PinOwnerID":1038536866
      },
      "TargetPinAddress":{
        "PinID":2080455771,
        "PinOwnerID":1489330076
      },
      "ConnectionType":0,
      "ConnectedWireIndex":-1,
      "ConnectedWireSegmentIndex":-1,
      "Points":[{"x":0.0,"y":0.0},{"x":0.0,"y":0.0}]
    },
    {
      "SourcePinAddress":{
        "PinID":722761987,
        "PinOwnerID":1038536866
      },
      "TargetPinAddress":{
        "PinID":1127559229,
        "PinOwnerID":1489330076
      },
      "ConnectionType":0,
      "ConnectedWireIndex":-1,
      "ConnectedWireSegmentIndex":-1,
      "Points":[{"x":0.0,"y":0.0},{"x":0.0,"y":0.0}]
    },
    {
      "SourcePinAddress":{
        "PinID":1590346701,
        "PinOwnerID":1114192310
      },
      "TargetPinAddress":{
        "PinID":2080455771,
        "PinOwnerID":815652825
      },
      "ConnectionType":0,
      "ConnectedWireIndex":-1,
      "ConnectedWireSegmentIndex":-1,
      "Points":[{"x":0.0,"y":0.0},{"x":0.0,"y":0.0}]
    },
    {
      "SourcePinAddress":{
        "PinID":722761987,
        "PinOwnerID":1114192310
      },
      "TargetPinAddress":{
        "PinID":1127559229,
        "PinOwnerID":815652825
      },
      "ConnectionType":0,
      "ConnectedWireIndex":-1,
      "ConnectedWireSegmentIndex":-1,
      "Points":[{"x":0.0,"y":0.0},{"x":0.0,"y":0.0}]
    },
    {
      "SourcePinAddress":{
        "PinID":1590346701,
        "PinOwnerID":402993897
      },
      "TargetPinAddress":{
        "PinID":2080455771,
        "PinOwnerID":561933772
      },
      "ConnectionType":0,
      "ConnectedWireIndex":-1,
      "ConnectedWireSegmentIndex":-1,
      "Points":[{"x":0.0,"y":0.0},{"x":19.5625,"y":-14.75},{"x":0.0,"y":0.0}]
    },
    {
      "SourcePinAddress":{
        "PinID":722761987,
        "PinOwnerID":402993897
      },
      "TargetPinAddress":{
        "PinID":1127559229,
        "PinOwnerID":561933772
      },
      "ConnectionType":0,
      "ConnectedWireIndex":-1,
      "ConnectedWireSegmentIndex":-1,
      "Points":[{"x":0.0,"y":0.0},{"x":0.0,"y":0.0}]
    },
    {
      "SourcePinAddress":{
        "PinID":1590346701,
        "PinOwnerID":331387097
      },
      "TargetPinAddress":{
        "PinID":2080455771,
        "PinOwnerID":208180068
      },
      "ConnectionType":0,
      "ConnectedWireIndex":-1,
      "ConnectedWireSegmentIndex":-1,
      "Points":[{"x":0.0,"y":0.0},{"x":0.0,"y":0.0}]
    },
    {
      "SourcePinAddress":{
        "PinID":722761987,
        "PinOwnerID":331387097
      },
      "TargetPinAddress":{
        "PinID":1127559229,
        "PinOwnerID":208180068
      },
      "ConnectionType":0,
      "ConnectedWireIndex":-1,
      "ConnectedWireSegmentIndex":-1,
      "Points":[{"x":0.0,"y":0.0},{"x":0.0,"y":0.0}]
    },
    {
      "SourcePinAddress":{
        "PinID":1590346701,
        "PinOwnerID":1405506760
      },
      "TargetPinAddress":{
        "PinID":2080455771,
        "PinOwnerID":1510032077
      },
      "ConnectionType":0,
      "ConnectedWireIndex":-1,
      "ConnectedWireSegmentIndex":-1,
      "Points":[{"x":0.0,"y":0.0},{"x":0.0,"y":0.0}]
    },
    {
      "SourcePinAddress":{
        "PinID":722761987,
        "PinOwnerID":1405506760
      },
      "TargetPinAddress":{
        "PinID":1127559229,
        "PinOwnerID":1510032077
      },
      "ConnectionType":0,
      "ConnectedWireIndex":-1,
      "ConnectedWireSegmentIndex":-1,
      "Points":[{"x":0.0,"y":0.0},{"x":0.0,"y":0.0}]
    },
    {
      "SourcePinAddress":{
        "PinID":1,
        "PinOwnerID":1296775818
      },
      "TargetPinAddress":{
        "PinID":2103305883,
        "PinOwnerID":1510032077
      },
      "ConnectionType":1,
      "ConnectedWireIndex":19,
      "ConnectedWireSegmentIndex":0,
      "Points":[{"x":16.8125,"y":-39.6875},{"x":19.5625,"y":-39.6875},{"x":19.5625,"y":-10.1875},{"x":0.0,"y":0.0}]
    },
    {
      "SourcePinAddress":{
        "PinID":2,
        "PinOwnerID":1296775818
      },
      "TargetPinAddress":{
        "PinID":2103305883,
        "PinOwnerID":208180068
      },
      "ConnectionType":1,
      "ConnectedWireIndex":18,
      "ConnectedWireSegmentIndex":0,
      "Points":[{"x":16.875,"y":-39.9375},{"x":19.625,"y":-39.9375},{"x":19.625,"y":-12.08333},{"x":0.0,"y":0.0}]
    },
    {
      "SourcePinAddress":{
        "PinID":3,
        "PinOwnerID":1296775818
      },
      "TargetPinAddress":{
        "PinID":2103305883,
        "PinOwnerID":561933772
      },
      "ConnectionType":1,
      "ConnectedWireIndex":17,
      "ConnectedWireSegmentIndex":0,
      "Points":[{"x":16.9375,"y":-40.1875},{"x":19.6875,"y":-40.1875},{"x":19.6875,"y":-13.9375},{"x":0.0,"y":0.0}]
    },
    {
      "SourcePinAddress":{
        "PinID":4,
        "PinOwnerID":1296775818
      },
      "TargetPinAddress":{
        "PinID":2103305883,
        "PinOwnerID":815652825
      },
      "ConnectionType":1,
      "ConnectedWireIndex":16,
      "ConnectedWireSegmentIndex":0,
      "Points":[{"x":17.0,"y":-40.4375},{"x":19.75,"y":-40.4375},{"x":19.75,"y":-15.83333},{"x":0.0,"y":0.0}]
    },
    {
      "SourcePinAddress":{
        "PinID":5,
        "PinOwnerID":1296775818
      },
      "TargetPinAddress":{
        "PinID":2103305883,
        "PinOwnerID":1489330076
      },
      "ConnectionType":1,
      "ConnectedWireIndex":15,
      "ConnectedWireSegmentIndex":0,
      "Points":[{"x":17.0625,"y":-40.6875},{"x":19.8125,"y":-40.6875},{"x":19.8125,"y":-17.6875},{"x":0.0,"y":0.0}]
    },
    {
      "SourcePinAddress":{
        "PinID":6,
        "PinOwnerID":1296775818
      },
      "TargetPinAddress":{
        "PinID":2103305883,
        "PinOwnerID":620729661
      },
      "ConnectionType":1,
      "ConnectedWireIndex":14,
      "ConnectedWireSegmentIndex":0,
      "Points":[{"x":17.125,"y":-40.9375},{"x":19.875,"y":-40.9375},{"x":19.875,"y":-19.58333},{"x":0.0,"y":0.0}]
    },
    {
      "SourcePinAddress":{
        "PinID":7,
        "PinOwnerID":1296775818
      },
      "TargetPinAddress":{
        "PinID":2103305883,
        "PinOwnerID":851458085
      },
      "ConnectionType":1,
      "ConnectedWireIndex":13,
      "ConnectedWireSegmentIndex":0,
      "Points":[{"x":17.1875,"y":-41.1875},{"x":19.9375,"y":-41.1875},{"x":19.9375,"y":-21.45833},{"x":0.0,"y":0.0}]
    },
    {
      "SourcePinAddress":{
        "PinID":8,
        "PinOwnerID":1296775818
      },
      "TargetPinAddress":{
        "PinID":2103305883,
        "PinOwnerID":1467535478
      },
      "ConnectionType":1,
      "ConnectedWireIndex":12,
      "ConnectedWireSegmentIndex":0,
      "Points":[{"x":17.25,"y":-41.4375},{"x":20.0,"y":-41.4375},{"x":20.0,"y":-23.33333},{"x":0.0,"y":0.0}]
    },
    {
      "SourcePinAddress":{
        "PinID":1,
        "PinOwnerID":608093787
      },
      "TargetPinAddress":{
        "PinID":2103305883,
        "PinOwnerID":382045283
      },
      "ConnectionType":1,
      "ConnectedWireIndex":7,
      "ConnectedWireSegmentIndex":0,
      "Points":[{"x":17.3125,"y":-41.8125},{"x":20.0625,"y":-41.8125},{"x":20.0625,"y":-25.20833},{"x":0.0,"y":0.0}]
    },
    {
      "SourcePinAddress":{
        "PinID":2,
        "PinOwnerID":608093787
      },
      "TargetPinAddress":{
        "PinID":2103305883,
        "PinOwnerID":1928755414
      },
      "ConnectionType":1,
      "ConnectedWireIndex":6,
      "ConnectedWireSegmentIndex":0,
      "Points":[{"x":17.375,"y":-42.0625},{"x":20.125,"y":-42.0625},{"x":20.125,"y":-27.0625},{"x":0.0,"y":0.0}]
    },
    {
      "SourcePinAddress":{
        "PinID":3,
        "PinOwnerID":608093787
      },
      "TargetPinAddress":{
        "PinID":2103305883,
        "PinOwnerID":56308270
      },
      "ConnectionType":1,
      "ConnectedWireIndex":5,
      "ConnectedWireSegmentIndex":0,
      "Points":[{"x":17.4375,"y":-42.3125},{"x":20.1875,"y":-42.3125},{"x":20.1875,"y":-28.95833},{"x":0.0,"y":0.0}]
    },
    {
      "SourcePinAddress":{
        "PinID":4,
        "PinOwnerID":608093787
      },
      "TargetPinAddress":{
        "PinID":2103305883,
        "PinOwnerID":823051048
      },
      "ConnectionType":1,
      "ConnectedWireIndex":4,
      "ConnectedWireSegmentIndex":0,
      "Points":[{"x":17.5,"y":-42.5625},{"x":20.25,"y":-42.5625},{"x":20.25,"y":-30.8125},{"x":0.0,"y":0.0}]
    },
    {
      "SourcePinAddress":{
        "PinID":5,
        "PinOwnerID":608093787
      },
      "TargetPinAddress":{
        "PinID":2103305883,
        "PinOwnerID":1985221187
      },
      "ConnectionType":1,
      "ConnectedWireIndex":3,
      "ConnectedWireSegmentIndex":0,
      "Points":[{"x":17.5625,"y":-42.8125},{"x":20.3125,"y":-42.8125},{"x":20.3125,"y":-32.70833},{"x":0.0,"y":0.0}]
    },
    {
      "SourcePinAddress":{
        "PinID":6,
        "PinOwnerID":608093787
      },
      "TargetPinAddress":{
        "PinID":2103305883,
        "PinOwnerID":735119261
      },
      "ConnectionType":1,
      "ConnectedWireIndex":2,
      "ConnectedWireSegmentIndex":0,
      "Points":[{"x":17.625,"y":-43.0625},{"x":20.375,"y":-43.0625},{"x":20.375,"y":-34.5625},{"x":0.0,"y":0.0}]
    }
  ]
}