{
  "ChipType": 0,
  "Colour": {
    "r": 0.03279567,
    "g": 0.238972813,
    "b": 0.0570367947,
    "a": 1
  },
  "Displays":[],
  "InputPins":[
    {
      "Name":"IN",
      "ID":1461907309,
      "Position":{
        "x":3.375,
        "y":1.0
      },
      "BitCount":8,
      "Colour":0,
      "ValueDisplayMode":0
    },
    {
      "Name":"IN",
      "ID":190062431,
      "Position":{
        "x":3.375,
        "y":0.5
      },
      "BitCount":8,
      "Colour":0,
      "ValueDisplayMode":0
    },
    {
      "Name":"BUS/ROM",
      "ID":2014207872,
      "Position":{
        "x":3.375,
        "y":-0.5
      },
      "BitCount":1,
      "Colour":0,
      "ValueDisplayMode":0
    }
  ],
  "Name": "ADR CTRL",
  "NameLocation": 0,
  "OutputPins":[
    {
      "Name":"OUT",
      "ID":1475995953,
      "Position":{
        "x":11.625,
        "y":-0.25
      },
      "BitCount":8,
      "Colour":0,
      "ValueDisplayMode":0
    }
  ],
  "Size": {
    "x": 1.025,
    "y": 1.25
  },
  "SubChips":[
    {
      "Name":"8BIT AND",
      "ID":675166006,
      "Label":"",
      "Position":{
        "x":7.1475,
        "y":0.875
      },
      "OutputPinColourInfo":[{"PinColour":0,"PinID":784645988}],
      "InternalData":null
    },
    {
      "Name":"8BIT AND",
      "ID":1751612852,
      "Label":"",
      "Position":{
        "x":7.1475,
        "y":0.0
      },
      "OutputPinColourInfo":[{"PinColour":0,"PinID":784645988}],
      "InternalData":null
    },
    {
      "Name":"NOT",
      "ID":616410555,
      "Label":"",
      "Position":{
        "x":5.4225,
        "y":-0.25
      },
      "OutputPinColourInfo":[{"PinColour":0,"PinID":1732242051}],
      "InternalData":null
    },
    {
      "Name":"8BIT OR",
      "ID":779168338,
      "Label":"",
      "Position":{
        "x":9.1475,
        "y":-0.25
      },
      "OutputPinColourInfo":[{"PinColour":0,"PinID":1664554557}],
      "InternalData":null
    }
  ],
  "Wires":[
    {
      "SourcePinAddress":{
        "PinID":0,
        "PinOwnerID":2014207872
      },
      "TargetPinAddress":{
        "PinID":1772587332,
        "PinOwnerID":616410555
      },
      "ConnectionType":0,
      "ConnectedWireIndex":-1,
      "ConnectedWireSegmentIndex":-1,
      "Points":[{"x":0.0,"y":0.0},{"x":4.75,"y":-0.5},{"x":4.75,"y":-0.25},{"x":0.0,"y":0.0}]
    },
    {
      "SourcePinAddress":{
        "PinID":0,
        "PinOwnerID":2014207872
      },
      "TargetPinAddress":{
        "PinID":1720693614,
        "PinOwnerID":675166006
      },
      "ConnectionType":1,
      "ConnectedWireIndex":0,
      "ConnectedWireSegmentIndex":0,
      "Points":[{"x":4.75,"y":-0.5},{"x":6.375,"y":-0.5},{"x":6.375,"y":-0.25},{"x":6.375,"y":0.625},{"x":0.0,"y":0.0}]
    },
    {
      "SourcePinAddress":{
        "PinID":0,
        "PinOwnerID":1461907309
      },
      "TargetPinAddress":{
        "PinID":617130315,
        "PinOwnerID":675166006
      },
      "ConnectionType":0,
      "ConnectedWireIndex":-1,
      "ConnectedWireSegmentIndex":-1,
      "Points":[{"x":0.0,"y":0.0},{"x":0.0,"y":0.0}]
    },
    {
      "SourcePinAddress":{
        "PinID":0,
        "PinOwnerID":190062431
      },
      "TargetPinAddress":{
        "PinID":617130315,
        "PinOwnerID":1751612852
      },
      "ConnectionType":0,
      "ConnectedWireIndex":-1,
      "ConnectedWireSegmentIndex":-1,
      "Points":[{"x":0.0,"y":0.0},{"x":6.0,"y":0.5},{"x":6.0,"y":0.125},{"x":0.0,"y":0.0}]
    },
    {
      "SourcePinAddress":{
        "PinID":784645988,
        "PinOwnerID":1751612852
      },
      "TargetPinAddress":{
        "PinID":2126110555,
        "PinOwnerID":779168338
      },
      "ConnectionType":0,
      "ConnectedWireIndex":-1,
      "ConnectedWireSegmentIndex":-1,
      "Points":[{"x":0.0,"y":0.0},{"x":0.0,"y":0.0}]
    },
    {
      "SourcePinAddress":{
        "PinID":1664554557,
        "PinOwnerID":779168338
      },
      "TargetPinAddress":{
        "PinID":0,
        "PinOwnerID":1475995953
      },
      "ConnectionType":0,
      "ConnectedWireIndex":-1,
      "ConnectedWireSegmentIndex":-1,
      "Points":[{"x":0.0,"y":0.0},{"x":0.0,"y":0.0}]
    },
    {
      "SourcePinAddress":{
        "PinID":784645988,
        "PinOwnerID":675166006
      },
      "TargetPinAddress":{
        "PinID":1387421340,
        "PinOwnerID":779168338
      },
      "ConnectionType":0,
      "ConnectedWireIndex":-1,
      "ConnectedWireSegmentIndex":-1,
      "Points":[{"x":0.0,"y":0.0},{"x":8.125,"y":0.875},{"x":8.125,"y":-0.5},{"x":0.0,"y":0.0}]
    },
    {
      "SourcePinAddress":{
        "PinID":1732242051,
        "PinOwnerID":616410555
      },
      "TargetPinAddress":{
        "PinID":1720693614,
        "PinOwnerID":1751612852
      },
      "ConnectionType":0,
      "ConnectedWireIndex":-1,
      "ConnectedWireSegmentIndex":-1,
      "Points":[{"x":0.0,"y":0.0},{"x":0.0,"y":0.0}]
    }
  ]
}