{
  "ChipType": 0,
  "Colour": {
    "r": 0.6704716,
    "g": 0.33614713,
    "b": 0.2230447,
    "a": 1
  },
  "Displays": null,
  "InputPins":[
    {
      "Name":"IN",
      "ID":897348161,
      "Position":{
        "x":-4.74074,
        "y":0.76852
      },
      "BitCount":1,
      "Colour":0,
      "ValueDisplayMode":0
    },
    {
      "Name":"IN",
      "ID":543772438,
      "Position":{
        "x":-4.82407,
        "y":-0.37037
      },
      "BitCount":1,
      "Colour":0,
      "ValueDisplayMode":0
    }
  ],
  "Name": "AND",
  "NameLocation": 0,
  "OutputPins":[
    {
      "Name":"OUT",
      "ID":2083071430,
      "Position":{
        "x":1.87963,
        "y":0.40741
      },
      "BitCount":1,
      "Colour":0,
      "ValueDisplayMode":0
    }
  ],
  "Size": {
    "x": 0.575,
    "y": 0.5
  },
  "SubChips":[
    {
      "Name":"NAND",
      "ID":1633291827,
      "Label":"",
      "Position":{
        "x":-1.97222,
        "y":0.35185
      },
      "OutputPinColourInfo":[{"PinColour":0,"PinID":2}],
      "InternalData":null
    },
    {
      "Name":"NAND",
      "ID":795684489,
      "Label":"",
      "Position":{
        "x":-0.35185,
        "y":0.37037
      },
      "OutputPinColourInfo":[{"PinColour":0,"PinID":2}],
      "InternalData":null
    }
  ],
  "Wires":[
    {
      "SourcePinAddress":{
        "PinID":2,
        "PinOwnerID":1633291827
      },
      "TargetPinAddress":{
        "PinID":0,
        "PinOwnerID":795684489
      },
      "ConnectionType":0,
      "ConnectedWireIndex":-1,
      "ConnectedWireSegmentIndex":-1,
      "Points":[{"x":0.0,"y":0.0},{"x":0.0,"y":0.0}]
    },
    {
      "SourcePinAddress":{
        "PinID":2,
        "PinOwnerID":1633291827
      },
      "TargetPinAddress":{
        "PinID":1,
        "PinOwnerID":795684489
      },
      "ConnectionType":0,
      "ConnectedWireIndex":-1,
      "ConnectedWireSegmentIndex":-1,
      "Points":[{"x":0.0,"y":0.0},{"x":0.0,"y":0.0}]
    },
    {
      "SourcePinAddress":{
        "PinID":0,
        "PinOwnerID":543772438
      },
      "TargetPinAddress":{
        "PinID":1,
        "PinOwnerID":1633291827
      },
      "ConnectionType":0,
      "ConnectedWireIndex":-1,
      "ConnectedWireSegmentIndex":-1,
      "Points":[{"x":0.0,"y":0.0},{"x":0.0,"y":0.0}]
    },
    {
      "SourcePinAddress":{
        "PinID":0,
        "PinOwnerID":897348161
      },
      "TargetPinAddress":{
        "PinID":0,
        "PinOwnerID":1633291827
      },
      "ConnectionType":0,
      "ConnectedWireIndex":-1,
      "ConnectedWireSegmentIndex":-1,
      "Points":[{"x":0.0,"y":0.0},{"x":0.0,"y":0.0}]
    },
    {
      "SourcePinAddress":{
        "PinID":2,
        "PinOwnerID":795684489
      },
      "TargetPinAddress":{
        "PinID":0,
        "PinOwnerID":2083071430
      },
      "ConnectionType":0,
      "ConnectedWireIndex":-1,
      "ConnectedWireSegmentIndex":-1,
      "Points":[{"x":0.0,"y":0.0},{"x":0.0,"y":0.0}]
    }
  ]
}