{
  "ChipType": 0,
  "Colour": {
    "r": 0.9191618,
    "g": 0.7899282,
    "b": 0.5202918,
    "a": 1
  },
  "Displays": null,
  "InputPins":[
    {
      "Name":"IN",
      "ID":1313893102,
      "Position":{
        "x":-5.67593,
        "y":0.55556
      },
      "BitCount":1,
      "Colour":0,
      "ValueDisplayMode":0
    }
  ],
  "Name": "BUFFER",
  "NameLocation": 0,
  "OutputPins":[
    {
      "Name":"OUT",
      "ID":830893206,
      "Position":{
        "x":1.28704,
        "y":0.57407
      },
      "BitCount":1,
      "Colour":0,
      "ValueDisplayMode":0
    }
  ],
  "Size": {
    "x": 1.025,
    "y": 0.375
  },
  "SubChips":[
    {
      "Name":"NAND",
      "ID":1450753241,
      "Label":"",
      "Position":{
        "x":-3.28704,
        "y":0.47222
      },
      "OutputPinColourInfo":[{"PinColour":0,"PinID":2}],
      "InternalData":null
    },
    {
      "Name":"NAND",
      "ID":512853742,
      "Label":"",
      "Position":{
        "x":-0.93519,
        "y":0.4537
      },
      "OutputPinColourInfo":[{"PinColour":0,"PinID":2}],
      "InternalData":null
    }
  ],
  "Wires":[
    {
      "SourcePinAddress":{
        "PinID":0,
        "PinOwnerID":1313893102
      },
      "TargetPinAddress":{
        "PinID":0,
        "PinOwnerID":1450753241
      },
      "ConnectionType":0,
      "ConnectedWireIndex":-1,
      "ConnectedWireSegmentIndex":-1,
      "Points":[{"x":0.0,"y":0.0},{"x":0.0,"y":0.0}]
    },
    {
      "SourcePinAddress":{
        "PinID":0,
        "PinOwnerID":1313893102
      },
      "TargetPinAddress":{
        "PinID":1,
        "PinOwnerID":1450753241
      },
      "ConnectionType":0,
      "ConnectedWireIndex":-1,
      "ConnectedWireSegmentIndex":-1,
      "Points":[{"x":0.0,"y":0.0},{"x":0.0,"y":0.0}]
    },
    {
      "SourcePinAddress":{
        "PinID":2,
        "PinOwnerID":1450753241
      },
      "TargetPinAddress":{
        "PinID":0,
        "PinOwnerID":512853742
      },
      "ConnectionType":0,
      "ConnectedWireIndex":-1,
      "ConnectedWireSegmentIndex":-1,
      "Points":[{"x":0.0,"y":0.0},{"x":0.0,"y":0.0}]
    },
    {
      "SourcePinAddress":{
        "PinID":2,
        "PinOwnerID":1450753241
      },
      "TargetPinAddress":{
        "PinID":1,
        "PinOwnerID":512853742
      },
      "ConnectionType":0,
      "ConnectedWireIndex":-1,
      "ConnectedWireSegmentIndex":-1,
      "Points":[{"x":0.0,"y":0.0},{"x":0.0,"y":0.0}]
    },
    {
      "SourcePinAddress":{
        "PinID":2,
        "PinOwnerID":512853742
      },
      "TargetPinAddress":{
        "PinID":0,
        "PinOwnerID":830893206
      },
      "ConnectionType":0,
      "ConnectedWireIndex":-1,
      "ConnectedWireSegmentIndex":-1,
      "Points":[{"x":0.0,"y":0.0},{"x":0.0,"y":0.0}]
    }
  ]
}