{
  "ChipType": 0,
  "Colour": {
    "r": 0.9572914,
    "g": 0.5726569,
    "b": 0.171153769,
    "a": 1
  },
  "Displays": null,
  "InputPins":[
    {
      "Name":"IN",
      "ID":1681297482,
      "Position":{
        "x":-5.875,
        "y":-0.25
      },
      "BitCount":1,
      "Colour":0,
      "ValueDisplayMode":0
    }
  ],
  "Name": "COUNTER PART",
  "NameLocation": 0,
  "OutputPins":[
    {
      "Name":"OUT",
      "ID":228164053,
      "Position":{
        "x":-0.5,
        "y":-0.5
      },
      "BitCount":1,
      "Colour":0,
      "ValueDisplayMode":0
    }
  ],
  "Size": {
    "x": 1.25,
    "y": 0.5
  },
  "SubChips":[
    {
      "Name":"T FLIP FLOP",
      "ID":1105239311,
      "Label":"",
      "Position":{
        "x":-3.19,
        "y":-0.5
      },
      "OutputPinColourInfo":[{"PinColour":0,"PinID":1514191633}],
      "InternalData":null
    }
  ],
  "Wires":[
    {
      "SourcePinAddress":{
        "PinID":1514191633,
        "PinOwnerID":1105239311
      },
      "TargetPinAddress":{
        "PinID":0,
        "PinOwnerID":228164053
      },
      "ConnectionType":0,
      "ConnectedWireIndex":-1,
      "ConnectedWireSegmentIndex":-1,
      "Points":[{"x":0.0,"y":0.0},{"x":0.0,"y":0.0}]
    },
    {
      "SourcePinAddress":{
        "PinID":0,
        "PinOwnerID":1681297482
      },
      "TargetPinAddress":{
        "PinID":1289003025,
        "PinOwnerID":1105239311
      },
      "ConnectionType":0,
      "ConnectedWireIndex":-1,
      "ConnectedWireSegmentIndex":-1,
      "Points":[{"x":0.0,"y":0.0},{"x":-4.375,"y":-0.25},{"x":-4.375,"y":-0.5},{"x":0.0,"y":0.0}]
    }
  ]
}