{
  "Name": "D FLIP FLOP",
  "NameLocation": 0,
  "ChipType": 0,
  "Size": {
    "x": 1.1,
    "y": 0.5
  },
  "Colour": {
    "r": 0.55196774,
    "g": 0.7712519,
    "b": 0.9311191,
    "a": 1
  },
  "InputPins":[
    {
      "Name":"IN",
      "ID":519676730,
      "Position":{
        "x":13.75,
        "y":-3.25
      },
      "BitCount":1,
      "Colour":0,
      "ValueDisplayMode":0
    },
    {
      "Name":"IN",
      "ID":1145290327,
      "Position":{
        "x":13.75,
        "y":-3.75
      },
      "BitCount":1,
      "Colour":0,
      "ValueDisplayMode":0
    }
  ],
  "OutputPins":[
    {
      "Name":"Q",
      "ID":1917018763,
      "Position":{
        "x":20.5,
        "y":-3.125
      },
      "BitCount":1,
      "Colour":0,
      "ValueDisplayMode":0
    },
    {
      "Name":"Q'",
      "ID":841407460,
      "Position":{
        "x":20.5,
        "y":-3.75
      },
      "BitCount":1,
      "Colour":0,
      "ValueDisplayMode":0
    }
  ],
  "SubChips":[
    {
      "Name":"NAND",
      "ID":315348110,
      "Label":"",
      "Position":{
        "x":16.75,
        "y":-3.0
      },
      "OutputPinColourInfo":[{"PinColour":0,"PinID":2}],
      "InternalData":null
    },
    {
      "Name":"NAND",
      "ID":578714126,
      "Label":"",
      "Position":{
        "x":16.75,
        "y":-3.875
      },
      "OutputPinColourInfo":[{"PinColour":0,"PinID":2}],
      "InternalData":null
    },
    {
      "Name":"NAND",
      "ID":917072530,
      "Label":"",
      "Position":{
        "x":18.125,
        "y":-3.125
      },
      "OutputPinColourInfo":[{"PinColour":0,"PinID":2}],
      "InternalData":null
    },
    {
      "Name":"NAND",
      "ID":1970236182,
      "Label":"",
      "Position":{
        "x":18.125,
        "y":-3.75
      },
      "OutputPinColourInfo":[{"PinColour":0,"PinID":2}],
      "InternalData":null
    },
    {
      "Name":"NOT",
      "ID":1225670111,
      "Label":"",
      "Position":{
        "x":15.6725,
        "y":-2.875
      },
      "OutputPinColourInfo":[{"PinColour":0,"PinID":1732242051}],
      "InternalData":null
    }
  ],
  "Wires":[
    {
      "SourcePinAddress":{
        "PinID":2,
        "PinOwnerID":1970236182
      },
      "TargetPinAddress":{
        "PinID":1,
        "PinOwnerID":917072530
      },
      "ConnectionType":0,
      "ConnectedWireIndex":-1,
      "ConnectedWireSegmentIndex":-1,
      "Points":[{"x":0.0,"y":0.0},{"x":18.8125,"y":-3.75},{"x":18.8125,"y":-4.125},{"x":17.4375,"y":-4.125},{"x":17.4375,"y":-3.25},{"x":0.0,"y":0.0}]
    },
    {
      "SourcePinAddress":{
        "PinID":2,
        "PinOwnerID":917072530
      },
      "TargetPinAddress":{
        "PinID":0,
        "PinOwnerID":1970236182
      },
      "ConnectionType":0,
      "ConnectedWireIndex":-1,
      "ConnectedWireSegmentIndex":-1,
      "Points":[{"x":0.0,"y":0.0},{"x":18.8125,"y":-3.125},{"x":18.8125,"y":-2.75},{"x":17.375,"y":-2.75},{"x":17.375,"y":-3.625},{"x":0.0,"y":0.0}]
    },
    {
      "SourcePinAddress":{
        "PinID":2,
        "PinOwnerID":315348110
      },
      "TargetPinAddress":{
        "PinID":0,
        "PinOwnerID":917072530
      },
      "ConnectionType":0,
      "ConnectedWireIndex":-1,
      "ConnectedWireSegmentIndex":-1,
      "Points":[{"x":0.0,"y":0.0},{"x":0.0,"y":0.0}]
    },
    {
      "SourcePinAddress":{
        "PinID":2,
        "PinOwnerID":578714126
      },
      "TargetPinAddress":{
        "PinID":1,
        "PinOwnerID":1970236182
      },
      "ConnectionType":0,
      "ConnectedWireIndex":-1,
      "ConnectedWireSegmentIndex":-1,
      "Points":[{"x":0.0,"y":0.0},{"x":0.0,"y":0.0}]
    },
    {
      "SourcePinAddress":{
        "PinID":0,
        "PinOwnerID":1145290327
      },
      "TargetPinAddress":{
        "PinID":0,
        "PinOwnerID":578714126
      },
      "ConnectionType":0,
      "ConnectedWireIndex":-1,
      "ConnectedWireSegmentIndex":-1,
      "Points":[{"x":0.0,"y":0.0},{"x":0.0,"y":0.0}]
    },
    {
      "SourcePinAddress":{
        "PinID":0,
        "PinOwnerID":1145290327
      },
      "TargetPinAddress":{
        "PinID":1,
        "PinOwnerID":315348110
      },
      "ConnectionType":1,
      "ConnectedWireIndex":4,
      "ConnectedWireSegmentIndex":0,
      "Points":[{"x":16.0625,"y":-3.75},{"x":16.0625,"y":-3.125},{"x":0.0,"y":0.0}]
    },
    {
      "SourcePinAddress":{
        "PinID":1732242051,
        "PinOwnerID":1225670111
      },
      "TargetPinAddress":{
        "PinID":0,
        "PinOwnerID":315348110
      },
      "ConnectionType":0,
      "ConnectedWireIndex":-1,
      "ConnectedWireSegmentIndex":-1,
      "Points":[{"x":0.0,"y":0.0},{"x":0.0,"y":0.0}]
    },
    {
      "SourcePinAddress":{
        "PinID":0,
        "PinOwnerID":519676730
      },
      "TargetPinAddress":{
        "PinID":1772587332,
        "PinOwnerID":1225670111
      },
      "ConnectionType":0,
      "ConnectedWireIndex":-1,
      "ConnectedWireSegmentIndex":-1,
      "Points":[{"x":0.0,"y":0.0},{"x":15.1875,"y":-3.25},{"x":15.1875,"y":-2.875},{"x":0.0,"y":0.0}]
    },
    {
      "SourcePinAddress":{
        "PinID":0,
        "PinOwnerID":519676730
      },
      "TargetPinAddress":{
        "PinID":1,
        "PinOwnerID":578714126
      },
      "ConnectionType":1,
      "ConnectedWireIndex":7,
      "ConnectedWireSegmentIndex":0,
      "Points":[{"x":15.1875,"y":-3.25},{"x":15.1875,"y":-4.0},{"x":0.0,"y":0.0}]
    },
    {
      "SourcePinAddress":{
        "PinID":2,
        "PinOwnerID":1970236182
      },
      "TargetPinAddress":{
        "PinID":0,
        "PinOwnerID":1917018763
      },
      "ConnectionType":1,
      "ConnectedWireIndex":0,
      "ConnectedWireSegmentIndex":0,
      "Points":[{"x":18.8125,"y":-3.75},{"x":19.0,"y":-3.75},{"x":19.0,"y":-3.125},{"x":0.0,"y":0.0}]
    },
    {
      "SourcePinAddress":{
        "PinID":2,
        "PinOwnerID":917072530
      },
      "TargetPinAddress":{
        "PinID":0,
        "PinOwnerID":841407460
      },
      "ConnectionType":1,
      "ConnectedWireIndex":1,
      "ConnectedWireSegmentIndex":0,
      "Points":[{"x":18.8125,"y":-3.125},{"x":18.8125,"y":-3.4375},{"x":19.1875,"y":-3.4375},{"x":19.1875,"y":-3.75},{"x":0.0,"y":0.0}]
    }
  ],
  "Displays": null
}