{
  "Name": "D FLIP FLOP MS",
  "NameLocation": 0,
  "ChipType": 0,
  "Size": {
    "x": 1.25,
    "y": 0.5
  },
  "Colour": {
    "r": 0.282453448,
    "g": 0.1335928,
    "b": 0.4118926,
    "a": 1
  },
  "InputPins":[
    {
      "Name":"D",
      "ID":1553158680,
      "Position":{
        "x":22.75,
        "y":2.0
      },
      "BitCount":1,
      "Colour":0,
      "ValueDisplayMode":0
    },
    {
      "Name":"CLK",
      "ID":145938871,
      "Position":{
        "x":22.75,
        "y":0.5
      },
      "BitCount":1,
      "Colour":0,
      "ValueDisplayMode":0
    }
  ],
  "OutputPins":[
    {
      "Name":"OUT",
      "ID":1343561387,
      "Position":{
        "x":31.125,
        "y":1.875
      },
      "BitCount":1,
      "Colour":0,
      "ValueDisplayMode":0
    },
    {
      "Name":"OUT",
      "ID":1964387366,
      "Position":{
        "x":31.125,
        "y":1.125
      },
      "BitCount":1,
      "Colour":0,
      "ValueDisplayMode":0
    }
  ],
  "SubChips":[
    {
      "Name":"AND",
      "ID":1544553691,
      "Label":"",
      "Position":{
        "x":25.7975,
        "y":1.875
      },
      "OutputPinColourInfo":[{"PinColour":0,"PinID":2083071430}],
      "InternalData":null
    },
    {
      "Name":"AND",
      "ID":80541414,
      "Label":"",
      "Position":{
        "x":25.7975,
        "y":1.125
      },
      "OutputPinColourInfo":[{"PinColour":0,"PinID":2083071430}],
      "InternalData":null
    },
    {
      "Name":"NOR",
      "ID":217038310,
      "Label":"",
      "Position":{
        "x":26.9225,
        "y":1.875
      },
      "OutputPinColourInfo":[{"PinColour":0,"PinID":1052563618}],
      "InternalData":null
    },
    {
      "Name":"NOR",
      "ID":861879663,
      "Label":"",
      "Position":{
        "x":26.9225,
        "y":1.125
      },
      "OutputPinColourInfo":[{"PinColour":0,"PinID":1052563618}],
      "InternalData":null
    },
    {
      "Name":"AND",
      "ID":1379927925,
      "Label":"",
      "Position":{
        "x":28.0475,
        "y":1.875
      },
      "OutputPinColourInfo":[{"PinColour":0,"PinID":2083071430}],
      "InternalData":null
    },
    {
      "Name":"AND",
      "ID":428114856,
      "Label":"",
      "Position":{
        "x":28.0475,
        "y":1.125
      },
      "OutputPinColourInfo":[{"PinColour":0,"PinID":2083071430}],
      "InternalData":null
    },
    {
      "Name":"NOR",
      "ID":1062079128,
      "Label":"",
      "Position":{
        "x":29.1725,
        "y":1.875
      },
      "OutputPinColourInfo":[{"PinColour":0,"PinID":1052563618}],
      "InternalData":null
    },
    {
      "Name":"NOR",
      "ID":359530943,
      "Label":"",
      "Position":{
        "x":29.1725,
        "y":1.125
      },
      "OutputPinColourInfo":[{"PinColour":0,"PinID":1052563618}],
      "InternalData":null
    },
    {
      "Name":"NOT",
      "ID":353646263,
      "Label":"",
      "Position":{
        "x":24.6725,
        "y":1.0
      },
      "OutputPinColourInfo":[{"PinColour":0,"PinID":1732242051}],
      "InternalData":null
    },
    {
      "Name":"NOT",
      "ID":1363921576,
      "Label":"",
      "Position":{
        "x":25.7975,
        "y":0.5
      },
      "OutputPinColourInfo":[{"PinColour":0,"PinID":1732242051}],
      "InternalData":null
    }
  ],
  "Wires":[
    {
      "SourcePinAddress":{
        "PinID":1732242051,
        "PinOwnerID":353646263
      },
      "TargetPinAddress":{
        "PinID":543772438,
        "PinOwnerID":80541414
      },
      "ConnectionType":0,
      "ConnectedWireIndex":-1,
      "ConnectedWireSegmentIndex":-1,
      "Points":[{"x":0.0,"y":0.0},{"x":0.0,"y":0.0}]
    },
    {
      "SourcePinAddress":{
        "PinID":0,
        "PinOwnerID":1553158680
      },
      "TargetPinAddress":{
        "PinID":1772587332,
        "PinOwnerID":353646263
      },
      "ConnectionType":0,
      "ConnectedWireIndex":-1,
      "ConnectedWireSegmentIndex":-1,
      "Points":[{"x":0.0,"y":0.0},{"x":24.125,"y":2.0},{"x":24.125,"y":1.0},{"x":0.0,"y":0.0}]
    },
    {
      "SourcePinAddress":{
        "PinID":0,
        "PinOwnerID":1553158680
      },
      "TargetPinAddress":{
        "PinID":897348161,
        "PinOwnerID":1544553691
      },
      "ConnectionType":1,
      "ConnectedWireIndex":1,
      "ConnectedWireSegmentIndex":0,
      "Points":[{"x":24.125,"y":2.0},{"x":0.0,"y":0.0}]
    },
    {
      "SourcePinAddress":{
        "PinID":0,
        "PinOwnerID":145938871
      },
      "TargetPinAddress":{
        "PinID":543772438,
        "PinOwnerID":1544553691
      },
      "ConnectionType":0,
      "ConnectedWireIndex":-1,
      "ConnectedWireSegmentIndex":-1,
      "Points":[{"x":0.0,"y":0.0},{"x":25.25,"y":0.5},{"x":25.25,"y":1.75},{"x":0.0,"y":0.0}]
    },
    {
      "SourcePinAddress":{
        "PinID":0,
        "PinOwnerID":145938871
      },
      "TargetPinAddress":{
        "PinID":1772587332,
        "PinOwnerID":1363921576
      },
      "ConnectionType":1,
      "ConnectedWireIndex":3,
      "ConnectedWireSegmentIndex":0,
      "Points":[{"x":25.25,"y":0.5},{"x":0.0,"y":0.0}]
    },
    {
      "SourcePinAddress":{
        "PinID":2083071430,
        "PinOwnerID":80541414
      },
      "TargetPinAddress":{
        "PinID":590874012,
        "PinOwnerID":861879663
      },
      "ConnectionType":0,
      "ConnectedWireIndex":-1,
      "ConnectedWireSegmentIndex":-1,
      "Points":[{"x":0.0,"y":0.0},{"x":26.25,"y":1.125},{"x":26.25,"y":1.0},{"x":0.0,"y":0.0}]
    },
    {
      "SourcePinAddress":{
        "PinID":2083071430,
        "PinOwnerID":1544553691
      },
      "TargetPinAddress":{
        "PinID":255988826,
        "PinOwnerID":217038310
      },
      "ConnectionType":0,
      "ConnectedWireIndex":-1,
      "ConnectedWireSegmentIndex":-1,
      "Points":[{"x":0.0,"y":0.0},{"x":26.25,"y":1.875},{"x":26.25,"y":2.0},{"x":0.0,"y":0.0}]
    },
    {
      "SourcePinAddress":{
        "PinID":1052563618,
        "PinOwnerID":861879663
      },
      "TargetPinAddress":{
        "PinID":590874012,
        "PinOwnerID":217038310
      },
      "ConnectionType":0,
      "ConnectedWireIndex":-1,
      "ConnectedWireSegmentIndex":-1,
      "Points":[{"x":0.0,"y":0.0},{"x":27.375,"y":1.125},{"x":27.375,"y":1.4375},{"x":26.4375,"y":1.4375},{"x":26.4375,"y":1.75},{"x":0.0,"y":0.0}]
    },
    {
      "SourcePinAddress":{
        "PinID":1052563618,
        "PinOwnerID":217038310
      },
      "TargetPinAddress":{
        "PinID":255988826,
        "PinOwnerID":861879663
      },
      "ConnectionType":0,
      "ConnectedWireIndex":-1,
      "ConnectedWireSegmentIndex":-1,
      "Points":[{"x":0.0,"y":0.0},{"x":27.375,"y":1.875},{"x":27.375,"y":1.5625},{"x":26.3125,"y":1.5625},{"x":26.3125,"y":1.25},{"x":0.0,"y":0.0}]
    },
    {
      "SourcePinAddress":{
        "PinID":1052563618,
        "PinOwnerID":861879663
      },
      "TargetPinAddress":{
        "PinID":897348161,
        "PinOwnerID":428114856
      },
      "ConnectionType":1,
      "ConnectedWireIndex":7,
      "ConnectedWireSegmentIndex":1,
      "Points":[{"x":27.375,"y":1.25},{"x":0.0,"y":0.0}]
    },
    {
      "SourcePinAddress":{
        "PinID":1052563618,
        "PinOwnerID":217038310
      },
      "TargetPinAddress":{
        "PinID":543772438,
        "PinOwnerID":1379927925
      },
      "ConnectionType":1,
      "ConnectedWireIndex":8,
      "ConnectedWireSegmentIndex":1,
      "Points":[{"x":27.375,"y":1.75},{"x":0.0,"y":0.0}]
    },
    {
      "SourcePinAddress":{
        "PinID":1732242051,
        "PinOwnerID":1363921576
      },
      "TargetPinAddress":{
        "PinID":897348161,
        "PinOwnerID":1379927925
      },
      "ConnectionType":0,
      "ConnectedWireIndex":-1,
      "ConnectedWireSegmentIndex":-1,
      "Points":[{"x":0.0,"y":0.0},{"x":27.5,"y":0.5},{"x":27.5,"y":2.0},{"x":0.0,"y":0.0}]
    },
    {
      "SourcePinAddress":{
        "PinID":2083071430,
        "PinOwnerID":428114856
      },
      "TargetPinAddress":{
        "PinID":590874012,
        "PinOwnerID":359530943
      },
      "ConnectionType":0,
      "ConnectedWireIndex":-1,
      "ConnectedWireSegmentIndex":-1,
      "Points":[{"x":0.0,"y":0.0},{"x":28.5,"y":1.125},{"x":28.5,"y":1.0},{"x":0.0,"y":0.0}]
    },
    {
      "SourcePinAddress":{
        "PinID":2083071430,
        "PinOwnerID":1379927925
      },
      "TargetPinAddress":{
        "PinID":255988826,
        "PinOwnerID":1062079128
      },
      "ConnectionType":0,
      "ConnectedWireIndex":-1,
      "ConnectedWireSegmentIndex":-1,
      "Points":[{"x":0.0,"y":0.0},{"x":28.5,"y":1.875},{"x":28.5,"y":2.0},{"x":0.0,"y":0.0}]
    },
    {
      "SourcePinAddress":{
        "PinID":1052563618,
        "PinOwnerID":359530943
      },
      "TargetPinAddress":{
        "PinID":590874012,
        "PinOwnerID":1062079128
      },
      "ConnectionType":0,
      "ConnectedWireIndex":-1,
      "ConnectedWireSegmentIndex":-1,
      "Points":[{"x":0.0,"y":0.0},{"x":29.625,"y":1.125},{"x":29.625,"y":1.4375},{"x":28.6875,"y":1.4375},{"x":28.6875,"y":1.75},{"x":0.0,"y":0.0}]
    },
    {
      "SourcePinAddress":{
        "PinID":1052563618,
        "PinOwnerID":1062079128
      },
      "TargetPinAddress":{
        "PinID":255988826,
        "PinOwnerID":359530943
      },
      "ConnectionType":0,
      "ConnectedWireIndex":-1,
      "ConnectedWireSegmentIndex":-1,
      "Points":[{"x":0.0,"y":0.0},{"x":29.625,"y":1.875},{"x":29.625,"y":1.5625},{"x":28.5625,"y":1.5625},{"x":28.5625,"y":1.25},{"x":0.0,"y":0.0}]
    },
    {
      "SourcePinAddress":{
        "PinID":1052563618,
        "PinOwnerID":359530943
      },
      "TargetPinAddress":{
        "PinID":0,
        "PinOwnerID":1964387366
      },
      "ConnectionType":1,
      "ConnectedWireIndex":14,
      "ConnectedWireSegmentIndex":0,
      "Points":[{"x":29.625,"y":1.125},{"x":0.0,"y":0.0}]
    },
    {
      "SourcePinAddress":{
        "PinID":1052563618,
        "PinOwnerID":1062079128
      },
      "TargetPinAddress":{
        "PinID":0,
        "PinOwnerID":1343561387
      },
      "ConnectionType":1,
      "ConnectedWireIndex":15,
      "ConnectedWireSegmentIndex":0,
      "Points":[{"x":29.625,"y":1.875},{"x":0.0,"y":0.0}]
    }
  ],
  "Displays": null
}