{
  "ChipType": 0,
  "Colour": {
    "r": 0.383584738,
    "g": 0.387208343,
    "b": 0.234735921,
    "a": 1
  },
  "Displays": null,
  "InputPins":[
    {
      "Name":"ENABLE",
      "ID":1546208249,
      "Position":{
        "x":-1.625,
        "y":-0.875
      },
      "BitCount":1,
      "Colour":0,
      "ValueDisplayMode":0
    },
    {
      "Name":"TOGGLE",
      "ID":1646316691,
      "Position":{
        "x":-1.625,
        "y":-1.5
      },
      "BitCount":1,
      "Colour":0,
      "ValueDisplayMode":0
    }
  ],
  "Name": "D LATCH",
  "NameLocation": 0,
  "OutputPins":[
    {
      "Name":"OUT",
      "ID":1318326997,
      "Position":{
        "x":5.875,
        "y":-0.875
      },
      "BitCount":1,
      "Colour":0,
      "ValueDisplayMode":0
    }
  ],
  "Size": {
    "x": 1.025,
    "y": 0.5
  },
  "SubChips":[
    {
      "Name":"NOT",
      "ID":446840556,
      "Label":"",
      "Position":{
        "x":0.9225,
        "y":-1.5
      },
      "OutputPinColourInfo":[{"PinColour":0,"PinID":1732242051}],
      "InternalData":null
    },
    {
      "Name":"SR LATCH",
      "ID":1736615430,
      "Label":"",
      "Position":{
        "x":3.7725,
        "y":-0.875
      },
      "OutputPinColourInfo":[{"PinColour":0,"PinID":1303636576}],
      "InternalData":null
    },
    {
      "Name":"AND",
      "ID":1120803651,
      "Label":"",
      "Position":{
        "x":2.2975,
        "y":-0.375
      },
      "OutputPinColourInfo":[{"PinColour":0,"PinID":2083071430}],
      "InternalData":null
    },
    {
      "Name":"AND",
      "ID":565502241,
      "Label":"",
      "Position":{
        "x":2.2975,
        "y":-1.375
      },
      "OutputPinColourInfo":[{"PinColour":0,"PinID":2083071430}],
      "InternalData":null
    }
  ],
  "Wires":[
    {
      "SourcePinAddress":{
        "PinID":0,
        "PinOwnerID":1646316691
      },
      "TargetPinAddress":{
        "PinID":1772587332,
        "PinOwnerID":446840556
      },
      "ConnectionType":0,
      "ConnectedWireIndex":-1,
      "ConnectedWireSegmentIndex":-1,
      "Points":[{"x":0.0,"y":0.0},{"x":0.0,"y":0.0}]
    },
    {
      "SourcePinAddress":{
        "PinID":1303636576,
        "PinOwnerID":1736615430
      },
      "TargetPinAddress":{
        "PinID":0,
        "PinOwnerID":1318326997
      },
      "ConnectionType":0,
      "ConnectedWireIndex":-1,
      "ConnectedWireSegmentIndex":-1,
      "Points":[{"x":0.0,"y":0.0},{"x":0.0,"y":0.0}]
    },
    {
      "SourcePinAddress":{
        "PinID":1732242051,
        "PinOwnerID":446840556
      },
      "TargetPinAddress":{
        "PinID":543772438,
        "PinOwnerID":565502241
      },
      "ConnectionType":0,
      "ConnectedWireIndex":-1,
      "ConnectedWireSegmentIndex":-1,
      "Points":[{"x":0.0,"y":0.0},{"x":0.0,"y":0.0}]
    },
    {
      "SourcePinAddress":{
        "PinID":2083071430,
        "PinOwnerID":565502241
      },
      "TargetPinAddress":{
        "PinID":354627677,
        "PinOwnerID":1736615430
      },
      "ConnectionType":0,
      "ConnectedWireIndex":-1,
      "ConnectedWireSegmentIndex":-1,
      "Points":[{"x":0.0,"y":0.0},{"x":2.9375,"y":-1.375},{"x":2.9375,"y":-1.0},{"x":0.0,"y":0.0}]
    },
    {
      "SourcePinAddress":{
        "PinID":2083071430,
        "PinOwnerID":1120803651
      },
      "TargetPinAddress":{
        "PinID":1268972727,
        "PinOwnerID":1736615430
      },
      "ConnectionType":0,
      "ConnectedWireIndex":-1,
      "ConnectedWireSegmentIndex":-1,
      "Points":[{"x":0.0,"y":0.0},{"x":2.9375,"y":-0.375},{"x":2.9375,"y":-0.75},{"x":0.0,"y":0.0}]
    },
    {
      "SourcePinAddress":{
        "PinID":0,
        "PinOwnerID":1546208249
      },
      "TargetPinAddress":{
        "PinID":543772438,
        "PinOwnerID":1120803651
      },
      "ConnectionType":0,
      "ConnectedWireIndex":-1,
      "ConnectedWireSegmentIndex":-1,
      "Points":[{"x":0.0,"y":0.0},{"x":1.75,"y":-0.875},{"x":1.75,"y":-0.5},{"x":0.0,"y":0.0}]
    },
    {
      "SourcePinAddress":{
        "PinID":0,
        "PinOwnerID":1546208249
      },
      "TargetPinAddress":{
        "PinID":897348161,
        "PinOwnerID":565502241
      },
      "ConnectionType":1,
      "ConnectedWireIndex":5,
      "ConnectedWireSegmentIndex":0,
      "Points":[{"x":1.75,"y":-0.875},{"x":1.75,"y":-1.25},{"x":0.0,"y":0.0}]
    },
    {
      "SourcePinAddress":{
        "PinID":0,
        "PinOwnerID":1646316691
      },
      "TargetPinAddress":{
        "PinID":897348161,
        "PinOwnerID":1120803651
      },
      "ConnectionType":1,
      "ConnectedWireIndex":0,
      "ConnectedWireSegmentIndex":0,
      "Points":[{"x":0.25,"y":-1.5},{"x":0.25,"y":-0.25},{"x":0.0,"y":0.0}]
    }
  ]
}