{
  "Name": "D RECORD BIT",
  "NameLocation": 0,
  "ChipType": 0,
  "Size": {
    "x": 1.4,
    "y": 0.5
  },
  "Colour": {
    "r": 0.284524322,
    "g": 0.26453343,
    "b": 0.420741558,
    "a": 1
  },
  "InputPins":[
    {
      "Name":"DATA",
      "ID":281600028,
      "Position":{
        "x":41.125,
        "y":4.8125
      },
      "BitCount":1,
      "Colour":0,
      "ValueDisplayMode":0
    },
    {
      "Name":"REC",
      "ID":1085130283,
      "Position":{
        "x":41.125,
        "y":3.9375
      },
      "BitCount":1,
      "Colour":0,
      "ValueDisplayMode":0
    }
  ],
  "OutputPins":[
    {
      "Name":"OUT",
      "ID":807267116,
      "Position":{
        "x":45.875,
        "y":4.3125
      },
      "BitCount":1,
      "Colour":0,
      "ValueDisplayMode":0
    }
  ],
  "SubChips":[
    {
      "Name":"D FLIP FLOP",
      "ID":942388297,
      "Label":"",
      "Position":{
        "x":43.435,
        "y":4.4375
      },
      "OutputPinColourInfo":[{"PinColour":0,"PinID":1917018763},{"PinColour":0,"PinID":841407460}],
      "InternalData":null
    }
  ],
  "Wires":[
    {
      "SourcePinAddress":{
        "PinID":0,
        "PinOwnerID":281600028
      },
      "TargetPinAddress":{
        "PinID":519676730,
        "PinOwnerID":942388297
      },
      "ConnectionType":0,
      "ConnectedWireIndex":-1,
      "ConnectedWireSegmentIndex":-1,
      "Points":[{"x":0.0,"y":0.0},{"x":0.0,"y":0.0}]
    },
    {
      "SourcePinAddress":{
        "PinID":0,
        "PinOwnerID":1085130283
      },
      "TargetPinAddress":{
        "PinID":1145290327,
        "PinOwnerID":942388297
      },
      "ConnectionType":0,
      "ConnectedWireIndex":-1,
      "ConnectedWireSegmentIndex":-1,
      "Points":[{"x":0.0,"y":0.0},{"x":0.0,"y":0.0}]
    },
    {
      "SourcePinAddress":{
        "PinID":1917018763,
        "PinOwnerID":942388297
      },
      "TargetPinAddress":{
        "PinID":0,
        "PinOwnerID":807267116
      },
      "ConnectionType":0,
      "ConnectedWireIndex":-1,
      "ConnectedWireSegmentIndex":-1,
      "Points":[{"x":0.0,"y":0.0},{"x":0.0,"y":0.0}]
    }
  ],
  "Displays": null
}