{
  "ChipType": 0,
  "Colour": {
    "r": 0.501946568,
    "g": 0.7575977,
    "b": 0.783434749,
    "a": 1
  },
  "Displays": null,
  "InputPins":[
    {
      "Name":"IN",
      "ID":1019356571,
      "Position":{
        "x":-10.875,
        "y":-6.375
      },
      "BitCount":4,
      "Colour":0,
      "ValueDisplayMode":0
    }
  ],
  "Name": "DABBLE",
  "NameLocation": 0,
  "OutputPins":[
    {
      "Name":"OUT",
      "ID":989809859,
      "Position":{
        "x":-0.875,
        "y":-5.625
      },
      "BitCount":1,
      "Colour":0,
      "ValueDisplayMode":0
    },
    {
      "Name":"OUT",
      "ID":1724408306,
      "Position":{
        "x":-0.875,
        "y":-6.5
      },
      "BitCount":1,
      "Colour":0,
      "ValueDisplayMode":0
    },
    {
      "Name":"OUT",
      "ID":1615174155,
      "Position":{
        "x":-0.875,
        "y":-7.125
      },
      "BitCount":1,
      "Colour":0,
      "ValueDisplayMode":0
    },
    {
      "Name":"OUT",
      "ID":1413409358,
      "Position":{
        "x":-0.875,
        "y":-7.75
      },
      "BitCount":1,
      "Colour":0,
      "ValueDisplayMode":0
    }
  ],
  "Size": {
    "x": 1.025,
    "y": 1.0
  },
  "SubChips":[
    {
      "Name":"XOR",
      "ID":1536247637,
      "Label":"",
      "Position":{
        "x":-6.7025,
        "y":-5.375
      },
      "OutputPinColourInfo":[{"PinColour":0,"PinID":979300091}],
      "InternalData":null
    },
    {
      "Name":"NOR",
      "ID":145952473,
      "Label":"",
      "Position":{
        "x":-6.7025,
        "y":-6.0
      },
      "OutputPinColourInfo":[{"PinColour":0,"PinID":1052563618}],
      "InternalData":null
    },
    {
      "Name":"XOR",
      "ID":1496626429,
      "Label":"",
      "Position":{
        "x":-6.7025,
        "y":-7.0
      },
      "OutputPinColourInfo":[{"PinColour":0,"PinID":979300091}],
      "InternalData":null
    },
    {
      "Name":"NOR",
      "ID":371888799,
      "Label":"",
      "Position":{
        "x":-5.3275,
        "y":-5.5
      },
      "OutputPinColourInfo":[{"PinColour":0,"PinID":1052563618}],
      "InternalData":null
    },
    {
      "Name":"NOR",
      "ID":306004476,
      "Label":"",
      "Position":{
        "x":-4.2025,
        "y":-5.625
      },
      "OutputPinColourInfo":[{"PinColour":0,"PinID":1052563618}],
      "InternalData":null
    },
    {
      "Name":"OR",
      "ID":160619447,
      "Label":"",
      "Position":{
        "x":-4.2775,
        "y":-6.375
      },
      "OutputPinColourInfo":[{"PinColour":0,"PinID":716179921}],
      "InternalData":null
    },
    {
      "Name":"NOR",
      "ID":382725525,
      "Label":"",
      "Position":{
        "x":-2.7025,
        "y":-6.5
      },
      "OutputPinColourInfo":[{"PinColour":0,"PinID":1052563618}],
      "InternalData":null
    },
    {
      "Name":"AND",
      "ID":724514648,
      "Label":"",
      "Position":{
        "x":-2.7025,
        "y":-7.125
      },
      "OutputPinColourInfo":[{"PinColour":0,"PinID":2083071430}],
      "InternalData":null
    },
    {
      "Name":"XOR",
      "ID":1011698922,
      "Label":"",
      "Position":{
        "x":-2.7025,
        "y":-7.75
      },
      "OutputPinColourInfo":[{"PinColour":0,"PinID":979300091}],
      "InternalData":null
    },
    {
      "Name":"4-1BIT",
      "ID":1856436180,
      "Label":"",
      "Position":{
        "x":-8.9275,
        "y":-6.375
      },
      "OutputPinColourInfo":[{"PinColour":0,"PinID":1},{"PinColour":0,"PinID":2},{"PinColour":0,"PinID":3},{"PinColour":0,"PinID":4}],
      "InternalData":null
    }
  ],
  "Wires":[
    {
      "SourcePinAddress":{
        "PinID":3,
        "PinOwnerID":1856436180
      },
      "TargetPinAddress":{
        "PinID":46046312,
        "PinOwnerID":1496626429
      },
      "ConnectionType":0,
      "ConnectedWireIndex":-1,
      "ConnectedWireSegmentIndex":-1,
      "Points":[{"x":0.0,"y":0.0},{"x":-7.25,"y":-6.5},{"x":-7.25,"y":-6.875},{"x":0.0,"y":0.0}]
    },
    {
      "SourcePinAddress":{
        "PinID":2,
        "PinOwnerID":1856436180
      },
      "TargetPinAddress":{
        "PinID":590874012,
        "PinOwnerID":145952473
      },
      "ConnectionType":0,
      "ConnectedWireIndex":-1,
      "ConnectedWireSegmentIndex":-1,
      "Points":[{"x":0.0,"y":0.0},{"x":-7.25,"y":-6.25},{"x":-7.25,"y":-6.125},{"x":0.0,"y":0.0}]
    },
    {
      "SourcePinAddress":{
        "PinID":1,
        "PinOwnerID":1856436180
      },
      "TargetPinAddress":{
        "PinID":401736906,
        "PinOwnerID":1536247637
      },
      "ConnectionType":0,
      "ConnectedWireIndex":-1,
      "ConnectedWireSegmentIndex":-1,
      "Points":[{"x":0.0,"y":0.0},{"x":-7.5,"y":-6.0},{"x":-7.5,"y":-5.5},{"x":0.0,"y":0.0}]
    },
    {
      "SourcePinAddress":{
        "PinID":1,
        "PinOwnerID":1856436180
      },
      "TargetPinAddress":{
        "PinID":255988826,
        "PinOwnerID":145952473
      },
      "ConnectionType":1,
      "ConnectedWireIndex":2,
      "ConnectedWireSegmentIndex":1,
      "Points":[{"x":-7.5,"y":-5.875},{"x":0.0,"y":0.0}]
    },
    {
      "SourcePinAddress":{
        "PinID":4,
        "PinOwnerID":1856436180
      },
      "TargetPinAddress":{
        "PinID":46046312,
        "PinOwnerID":1536247637
      },
      "ConnectionType":0,
      "ConnectedWireIndex":-1,
      "ConnectedWireSegmentIndex":-1,
      "Points":[{"x":0.0,"y":0.0},{"x":-7.75,"y":-6.75},{"x":-7.75,"y":-5.25},{"x":0.0,"y":0.0}]
    },
    {
      "SourcePinAddress":{
        "PinID":1,
        "PinOwnerID":1856436180
      },
      "TargetPinAddress":{
        "PinID":401736906,
        "PinOwnerID":1496626429
      },
      "ConnectionType":1,
      "ConnectedWireIndex":2,
      "ConnectedWireSegmentIndex":0,
      "Points":[{"x":-7.5,"y":-6.0},{"x":-7.5,"y":-7.125},{"x":0.0,"y":0.0}]
    },
    {
      "SourcePinAddress":{
        "PinID":979300091,
        "PinOwnerID":1536247637
      },
      "TargetPinAddress":{
        "PinID":255988826,
        "PinOwnerID":371888799
      },
      "ConnectionType":0,
      "ConnectedWireIndex":-1,
      "ConnectedWireSegmentIndex":-1,
      "Points":[{"x":0.0,"y":0.0},{"x":0.0,"y":0.0}]
    },
    {
      "SourcePinAddress":{
        "PinID":979300091,
        "PinOwnerID":1496626429
      },
      "TargetPinAddress":{
        "PinID":590874012,
        "PinOwnerID":371888799
      },
      "ConnectionType":0,
      "ConnectedWireIndex":-1,
      "ConnectedWireSegmentIndex":-1,
      "Points":[{"x":0.0,"y":0.0},{"x":-6.125,"y":-7.0},{"x":-6.125,"y":-5.625},{"x":0.0,"y":0.0}]
    },
    {
      "SourcePinAddress":{
        "PinID":1052563618,
        "PinOwnerID":371888799
      },
      "TargetPinAddress":{
        "PinID":255988826,
        "PinOwnerID":306004476
      },
      "ConnectionType":0,
      "ConnectedWireIndex":-1,
      "ConnectedWireSegmentIndex":-1,
      "Points":[{"x":0.0,"y":0.0},{"x":0.0,"y":0.0}]
    },
    {
      "SourcePinAddress":{
        "PinID":1052563618,
        "PinOwnerID":145952473
      },
      "TargetPinAddress":{
        "PinID":590874012,
        "PinOwnerID":306004476
      },
      "ConnectionType":0,
      "ConnectedWireIndex":-1,
      "ConnectedWireSegmentIndex":-1,
      "Points":[{"x":0.0,"y":0.0},{"x":-4.75,"y":-6.0},{"x":-4.75,"y":-5.75},{"x":0.0,"y":0.0}]
    },
    {
      "SourcePinAddress":{
        "PinID":1052563618,
        "PinOwnerID":145952473
      },
      "TargetPinAddress":{
        "PinID":1552709902,
        "PinOwnerID":160619447
      },
      "ConnectionType":1,
      "ConnectedWireIndex":9,
      "ConnectedWireSegmentIndex":0,
      "Points":[{"x":-4.75,"y":-6.0},{"x":-4.75,"y":-6.25},{"x":0.0,"y":0.0}]
    },
    {
      "SourcePinAddress":{
        "PinID":716179921,
        "PinOwnerID":160619447
      },
      "TargetPinAddress":{
        "PinID":255988826,
        "PinOwnerID":382725525
      },
      "ConnectionType":0,
      "ConnectedWireIndex":-1,
      "ConnectedWireSegmentIndex":-1,
      "Points":[{"x":0.0,"y":0.0},{"x":0.0,"y":0.0}]
    },
    {
      "SourcePinAddress":{
        "PinID":716179921,
        "PinOwnerID":160619447
      },
      "TargetPinAddress":{
        "PinID":897348161,
        "PinOwnerID":724514648
      },
      "ConnectionType":1,
      "ConnectedWireIndex":11,
      "ConnectedWireSegmentIndex":0,
      "Points":[{"x":-3.5,"y":-6.375},{"x":-3.5,"y":-7.0},{"x":0.0,"y":0.0}]
    },
    {
      "SourcePinAddress":{
        "PinID":1052563618,
        "PinOwnerID":306004476
      },
      "TargetPinAddress":{
        "PinID":46046312,
        "PinOwnerID":1011698922
      },
      "ConnectionType":0,
      "ConnectedWireIndex":-1,
      "ConnectedWireSegmentIndex":-1,
      "Points":[{"x":0.0,"y":0.0},{"x":-3.25,"y":-5.625},{"x":-3.25,"y":-7.625},{"x":0.0,"y":0.0}]
    },
    {
      "SourcePinAddress":{
        "PinID":4,
        "PinOwnerID":1856436180
      },
      "TargetPinAddress":{
        "PinID":401736906,
        "PinOwnerID":1011698922
      },
      "ConnectionType":1,
      "ConnectedWireIndex":4,
      "ConnectedWireSegmentIndex":0,
      "Points":[{"x":-7.75,"y":-6.75},{"x":-7.75,"y":-7.875},{"x":0.0,"y":0.0}]
    },
    {
      "SourcePinAddress":{
        "PinID":979300091,
        "PinOwnerID":1496626429
      },
      "TargetPinAddress":{
        "PinID":543772438,
        "PinOwnerID":724514648
      },
      "ConnectionType":1,
      "ConnectedWireIndex":7,
      "ConnectedWireSegmentIndex":0,
      "Points":[{"x":-6.125,"y":-7.0},{"x":-6.125,"y":-7.25},{"x":0.0,"y":0.0}]
    },
    {
      "SourcePinAddress":{
        "PinID":3,
        "PinOwnerID":1856436180
      },
      "TargetPinAddress":{
        "PinID":590874012,
        "PinOwnerID":382725525
      },
      "ConnectionType":1,
      "ConnectedWireIndex":0,
      "ConnectedWireSegmentIndex":0,
      "Points":[{"x":-7.25,"y":-6.5},{"x":-5.875,"y":-6.5},{"x":-5.875,"y":-7.0},{"x":-3.75,"y":-7.0},{"x":-3.75,"y":-6.625},{"x":0.0,"y":0.0}]
    },
    {
      "SourcePinAddress":{
        "PinID":979300091,
        "PinOwnerID":1536247637
      },
      "TargetPinAddress":{
        "PinID":916803389,
        "PinOwnerID":160619447
      },
      "ConnectionType":1,
      "ConnectedWireIndex":6,
      "ConnectedWireSegmentIndex":0,
      "Points":[{"x":-5.875,"y":-5.375},{"x":-5.875,"y":-6.25},{"x":-5.625,"y":-6.25},{"x":-5.625,"y":-6.5},{"x":0.0,"y":0.0}]
    },
    {
      "SourcePinAddress":{
        "PinID":979300091,
        "PinOwnerID":1011698922
      },
      "TargetPinAddress":{
        "PinID":0,
        "PinOwnerID":1413409358
      },
      "ConnectionType":0,
      "ConnectedWireIndex":-1,
      "ConnectedWireSegmentIndex":-1,
      "Points":[{"x":0.0,"y":0.0},{"x":0.0,"y":0.0}]
    },
    {
      "SourcePinAddress":{
        "PinID":2083071430,
        "PinOwnerID":724514648
      },
      "TargetPinAddress":{
        "PinID":0,
        "PinOwnerID":1615174155
      },
      "ConnectionType":0,
      "ConnectedWireIndex":-1,
      "ConnectedWireSegmentIndex":-1,
      "Points":[{"x":0.0,"y":0.0},{"x":0.0,"y":0.0}]
    },
    {
      "SourcePinAddress":{
        "PinID":1052563618,
        "PinOwnerID":382725525
      },
      "TargetPinAddress":{
        "PinID":0,
        "PinOwnerID":1724408306
      },
      "ConnectionType":0,
      "ConnectedWireIndex":-1,
      "ConnectedWireSegmentIndex":-1,
      "Points":[{"x":0.0,"y":0.0},{"x":0.0,"y":0.0}]
    },
    {
      "SourcePinAddress":{
        "PinID":1052563618,
        "PinOwnerID":306004476
      },
      "TargetPinAddress":{
        "PinID":0,
        "PinOwnerID":989809859
      },
      "ConnectionType":1,
      "ConnectedWireIndex":13,
      "ConnectedWireSegmentIndex":0,
      "Points":[{"x":-3.25,"y":-5.625},{"x":0.0,"y":0.0}]
    },
    {
      "SourcePinAddress":{
        "PinID":0,
        "PinOwnerID":1019356571
      },
      "TargetPinAddress":{
        "PinID":0,
        "PinOwnerID":1856436180
      },
      "ConnectionType":0,
      "ConnectedWireIndex":-1,
      "ConnectedWireSegmentIndex":-1,
      "Points":[{"x":0.0,"y":0.0},{"x":0.0,"y":0.0}]
    }
  ]
}