{
  "ChipType": 0,
  "Colour": {
    "r": 0.0281449,
    "g": 0.9275602,
    "b": 0.07027777,
    "a": 1
  },
  "Displays": null,
  "InputPins":[
    {
      "Name":"SET",
      "ID":273532408,
      "Position":{
        "x":-11.54506,
        "y":2.44977
      },
      "BitCount":1,
      "Colour":0,
      "ValueDisplayMode":0
    },
    {
      "Name":"DATA",
      "ID":1965997796,
      "Position":{
        "x":-11.54506,
        "y":1.93477
      },
      "BitCount":1,
      "Colour":0,
      "ValueDisplayMode":0
    }
  ],
  "Name": "DATA SET MEMORY",
  "NameLocation": 0,
  "OutputPins":[
    {
      "Name":"OUT",
      "ID":511793979,
      "Position":{
        "x":-0.27769,
        "y":2.41818
      },
      "BitCount":1,
      "Colour":0,
      "ValueDisplayMode":0
    }
  ],
  "Size": {
    "x": 1.4,
    "y": 0.5
  },
  "SubChips":[
    {
      "Name":"SR LATCH",
      "ID":125667829,
      "Label":"",
      "Position":{
        "x":-3.00502,
        "y":2.41818
      },
      "OutputPinColourInfo":[{"PinColour":0,"PinID":1303636576}],
      "InternalData":null
    },
    {
      "Name":"AND",
      "ID":1922228989,
      "Label":"",
      "Position":{
        "x":-5.20584,
        "y":2.81833
      },
      "OutputPinColourInfo":[{"PinColour":0,"PinID":2083071430}],
      "InternalData":null
    },
    {
      "Name":"AND",
      "ID":470006797,
      "Label":"",
      "Position":{
        "x":-5.20584,
        "y":2.18833
      },
      "OutputPinColourInfo":[{"PinColour":0,"PinID":2083071430}],
      "InternalData":null
    },
    {
      "Name":"NOT",
      "ID":343704062,
      "Label":"",
      "Position":{
        "x":-7.11182,
        "y":2.04962
      },
      "OutputPinColourInfo":[{"PinColour":0,"PinID":1732242051}],
      "InternalData":null
    }
  ],
  "Wires":[
    {
      "SourcePinAddress":{
        "PinID":2083071430,
        "PinOwnerID":470006797
      },
      "TargetPinAddress":{
        "PinID":354627677,
        "PinOwnerID":125667829
      },
      "ConnectionType":0,
      "ConnectedWireIndex":-1,
      "ConnectedWireSegmentIndex":-1,
      "Points":[{"x":0.0,"y":0.0},{"x":0.0,"y":0.0}]
    },
    {
      "SourcePinAddress":{
        "PinID":2083071430,
        "PinOwnerID":1922228989
      },
      "TargetPinAddress":{
        "PinID":1268972727,
        "PinOwnerID":125667829
      },
      "ConnectionType":0,
      "ConnectedWireIndex":-1,
      "ConnectedWireSegmentIndex":-1,
      "Points":[{"x":0.0,"y":0.0},{"x":0.0,"y":0.0}]
    },
    {
      "SourcePinAddress":{
        "PinID":1732242051,
        "PinOwnerID":343704062
      },
      "TargetPinAddress":{
        "PinID":543772438,
        "PinOwnerID":470006797
      },
      "ConnectionType":0,
      "ConnectedWireIndex":-1,
      "ConnectedWireSegmentIndex":-1,
      "Points":[{"x":0.0,"y":0.0},{"x":0.0,"y":0.0}]
    },
    {
      "SourcePinAddress":{
        "PinID":0,
        "PinOwnerID":1965997796
      },
      "TargetPinAddress":{
        "PinID":1772587332,
        "PinOwnerID":343704062
      },
      "ConnectionType":0,
      "ConnectedWireIndex":-1,
      "ConnectedWireSegmentIndex":-1,
      "Points":[{"x":0.0,"y":0.0},{"x":0.0,"y":0.0}]
    },
    {
      "SourcePinAddress":{
        "PinID":0,
        "PinOwnerID":1965997796
      },
      "TargetPinAddress":{
        "PinID":897348161,
        "PinOwnerID":1922228989
      },
      "ConnectionType":0,
      "ConnectedWireIndex":-1,
      "ConnectedWireSegmentIndex":-1,
      "Points":[{"x":0.0,"y":0.0},{"x":0.0,"y":0.0}]
    },
    {
      "SourcePinAddress":{
        "PinID":0,
        "PinOwnerID":273532408
      },
      "TargetPinAddress":{
        "PinID":897348161,
        "PinOwnerID":470006797
      },
      "ConnectionType":0,
      "ConnectedWireIndex":-1,
      "ConnectedWireSegmentIndex":-1,
      "Points":[{"x":0.0,"y":0.0},{"x":0.0,"y":0.0}]
    },
    {
      "SourcePinAddress":{
        "PinID":0,
        "PinOwnerID":273532408
      },
      "TargetPinAddress":{
        "PinID":543772438,
        "PinOwnerID":1922228989
      },
      "ConnectionType":0,
      "ConnectedWireIndex":-1,
      "ConnectedWireSegmentIndex":-1,
      "Points":[{"x":0.0,"y":0.0},{"x":0.0,"y":0.0}]
    },
    {
      "SourcePinAddress":{
        "PinID":1303636576,
        "PinOwnerID":125667829
      },
      "TargetPinAddress":{
        "PinID":0,
        "PinOwnerID":511793979
      },
      "ConnectionType":0,
      "ConnectedWireIndex":-1,
      "ConnectedWireSegmentIndex":-1,
      "Points":[{"x":0.0,"y":0.0},{"x":0.0,"y":0.0}]
    }
  ]
}