{
  "ChipType": 0,
  "Colour": {
    "r": 0.03279566,
    "g": 0.238972813,
    "b": 0.05703678,
    "a": 1
  },
  "Displays": null,
  "InputPins":[
    {
      "Name":"BUS B",
      "ID":2093475073,
      "Position":{
        "x":3.375,
        "y":2.75
      },
      "BitCount":8,
      "Colour":0,
      "ValueDisplayMode":0
    },
    {
      "Name":"BUS A",
      "ID":1497290375,
      "Position":{
        "x":3.375,
        "y":2.25
      },
      "BitCount":8,
      "Colour":0,
      "ValueDisplayMode":0
    },
    {
      "Name":"ROM B",
      "ID":1461907309,
      "Position":{
        "x":3.375,
        "y":1.0
      },
      "BitCount":8,
      "Colour":0,
      "ValueDisplayMode":0
    },
    {
      "Name":"ROM A",
      "ID":190062431,
      "Position":{
        "x":3.375,
        "y":0.5
      },
      "BitCount":8,
      "Colour":0,
      "ValueDisplayMode":0
    },
    {
      "Name":"BUS/ROM",
      "ID":2014207872,
      "Position":{
        "x":3.375,
        "y":-0.5
      },
      "BitCount":1,
      "Colour":0,
      "ValueDisplayMode":0
    }
  ],
  "Name": "DATA CTRL",
  "NameLocation": 0,
  "OutputPins":[
    {
      "Name":"DATA B",
      "ID":1362251014,
      "Position":{
        "x":10.875,
        "y":2.875
      },
      "BitCount":8,
      "Colour":0,
      "ValueDisplayMode":0
    },
    {
      "Name":"DATA A",
      "ID":1475995953,
      "Position":{
        "x":11.875,
        "y":-0.25
      },
      "BitCount":8,
      "Colour":0,
      "ValueDisplayMode":0
    }
  ],
  "Size": {
    "x": 1.025,
    "y": 2.25
  },
  "SubChips":[
    {
      "Name":"8BIT AND",
      "ID":675166006,
      "Label":"",
      "Position":{
        "x":7.1475,
        "y":0.875
      },
      "OutputPinColourInfo":[{"PinColour":0,"PinID":784645988}],
      "InternalData":null
    },
    {
      "Name":"8BIT AND",
      "ID":1751612852,
      "Label":"",
      "Position":{
        "x":7.1475,
        "y":0.0
      },
      "OutputPinColourInfo":[{"PinColour":0,"PinID":784645988}],
      "InternalData":null
    },
    {
      "Name":"NOT",
      "ID":616410555,
      "Label":"",
      "Position":{
        "x":5.4225,
        "y":-0.25
      },
      "OutputPinColourInfo":[{"PinColour":0,"PinID":1732242051}],
      "InternalData":null
    },
    {
      "Name":"8BIT AND",
      "ID":652591174,
      "Label":"",
      "Position":{
        "x":7.1475,
        "y":2.625
      },
      "OutputPinColourInfo":[{"PinColour":0,"PinID":784645988}],
      "InternalData":null
    },
    {
      "Name":"8BIT AND",
      "ID":1788804205,
      "Label":"",
      "Position":{
        "x":7.1475,
        "y":1.75
      },
      "OutputPinColourInfo":[{"PinColour":0,"PinID":784645988}],
      "InternalData":null
    },
    {
      "Name":"8BIT OR",
      "ID":1479247942,
      "Label":"",
      "Position":{
        "x":8.8975,
        "y":2.875
      },
      "OutputPinColourInfo":[{"PinColour":0,"PinID":1664554557}],
      "InternalData":null
    },
    {
      "Name":"8BIT OR",
      "ID":779168338,
      "Label":"",
      "Position":{
        "x":9.3975,
        "y":-0.25
      },
      "OutputPinColourInfo":[{"PinColour":0,"PinID":1664554557}],
      "InternalData":null
    }
  ],
  "Wires":[
    {
      "SourcePinAddress":{
        "PinID":0,
        "PinOwnerID":2014207872
      },
      "TargetPinAddress":{
        "PinID":1772587332,
        "PinOwnerID":616410555
      },
      "ConnectionType":0,
      "ConnectedWireIndex":-1,
      "ConnectedWireSegmentIndex":-1,
      "Points":[{"x":0.0,"y":0.0},{"x":4.75,"y":-0.5},{"x":4.75,"y":-0.25},{"x":0.0,"y":0.0}]
    },
    {
      "SourcePinAddress":{
        "PinID":0,
        "PinOwnerID":2014207872
      },
      "TargetPinAddress":{
        "PinID":1720693614,
        "PinOwnerID":1751612852
      },
      "ConnectionType":1,
      "ConnectedWireIndex":0,
      "ConnectedWireSegmentIndex":0,
      "Points":[{"x":4.75,"y":-0.5},{"x":6.375,"y":-0.5},{"x":6.375,"y":-0.25},{"x":0.0,"y":0.0}]
    },
    {
      "SourcePinAddress":{
        "PinID":0,
        "PinOwnerID":2014207872
      },
      "TargetPinAddress":{
        "PinID":1720693614,
        "PinOwnerID":675166006
      },
      "ConnectionType":1,
      "ConnectedWireIndex":1,
      "ConnectedWireSegmentIndex":1,
      "Points":[{"x":6.375,"y":-0.25},{"x":6.375,"y":0.625},{"x":0.0,"y":0.0}]
    },
    {
      "SourcePinAddress":{
        "PinID":1732242051,
        "PinOwnerID":616410555
      },
      "TargetPinAddress":{
        "PinID":1720693614,
        "PinOwnerID":1788804205
      },
      "ConnectionType":0,
      "ConnectedWireIndex":-1,
      "ConnectedWireSegmentIndex":-1,
      "Points":[{"x":0.0,"y":0.0},{"x":6.25,"y":-0.25},{"x":6.25,"y":1.5},{"x":0.0,"y":0.0}]
    },
    {
      "SourcePinAddress":{
        "PinID":1732242051,
        "PinOwnerID":616410555
      },
      "TargetPinAddress":{
        "PinID":1720693614,
        "PinOwnerID":652591174
      },
      "ConnectionType":1,
      "ConnectedWireIndex":3,
      "ConnectedWireSegmentIndex":1,
      "Points":[{"x":6.25,"y":1.5},{"x":6.25,"y":2.375},{"x":0.0,"y":0.0}]
    },
    {
      "SourcePinAddress":{
        "PinID":0,
        "PinOwnerID":2093475073
      },
      "TargetPinAddress":{
        "PinID":617130315,
        "PinOwnerID":652591174
      },
      "ConnectionType":0,
      "ConnectedWireIndex":-1,
      "ConnectedWireSegmentIndex":-1,
      "Points":[{"x":0.0,"y":0.0},{"x":0.0,"y":0.0}]
    },
    {
      "SourcePinAddress":{
        "PinID":0,
        "PinOwnerID":1497290375
      },
      "TargetPinAddress":{
        "PinID":617130315,
        "PinOwnerID":1788804205
      },
      "ConnectionType":0,
      "ConnectedWireIndex":-1,
      "ConnectedWireSegmentIndex":-1,
      "Points":[{"x":0.0,"y":0.0},{"x":6.0,"y":2.25},{"x":6.0,"y":1.875},{"x":0.0,"y":0.0}]
    },
    {
      "SourcePinAddress":{
        "PinID":0,
        "PinOwnerID":1461907309
      },
      "TargetPinAddress":{
        "PinID":617130315,
        "PinOwnerID":675166006
      },
      "ConnectionType":0,
      "ConnectedWireIndex":-1,
      "ConnectedWireSegmentIndex":-1,
      "Points":[{"x":0.0,"y":0.0},{"x":0.0,"y":0.0}]
    },
    {
      "SourcePinAddress":{
        "PinID":0,
        "PinOwnerID":190062431
      },
      "TargetPinAddress":{
        "PinID":617130315,
        "PinOwnerID":1751612852
      },
      "ConnectionType":0,
      "ConnectedWireIndex":-1,
      "ConnectedWireSegmentIndex":-1,
      "Points":[{"x":0.0,"y":0.0},{"x":6.0,"y":0.5},{"x":6.0,"y":0.125},{"x":0.0,"y":0.0}]
    },
    {
      "SourcePinAddress":{
        "PinID":784645988,
        "PinOwnerID":675166006
      },
      "TargetPinAddress":{
        "PinID":2126110555,
        "PinOwnerID":1479247942
      },
      "ConnectionType":0,
      "ConnectedWireIndex":-1,
      "ConnectedWireSegmentIndex":-1,
      "Points":[{"x":0.0,"y":0.0},{"x":8.0,"y":0.875},{"x":8.0,"y":3.125},{"x":0.0,"y":0.0}]
    },
    {
      "SourcePinAddress":{
        "PinID":784645988,
        "PinOwnerID":652591174
      },
      "TargetPinAddress":{
        "PinID":1387421340,
        "PinOwnerID":1479247942
      },
      "ConnectionType":0,
      "ConnectedWireIndex":-1,
      "ConnectedWireSegmentIndex":-1,
      "Points":[{"x":0.0,"y":0.0},{"x":0.0,"y":0.0}]
    },
    {
      "SourcePinAddress":{
        "PinID":784645988,
        "PinOwnerID":1751612852
      },
      "TargetPinAddress":{
        "PinID":2126110555,
        "PinOwnerID":779168338
      },
      "ConnectionType":0,
      "ConnectedWireIndex":-1,
      "ConnectedWireSegmentIndex":-1,
      "Points":[{"x":0.0,"y":0.0},{"x":0.0,"y":0.0}]
    },
    {
      "SourcePinAddress":{
        "PinID":784645988,
        "PinOwnerID":1788804205
      },
      "TargetPinAddress":{
        "PinID":1387421340,
        "PinOwnerID":779168338
      },
      "ConnectionType":0,
      "ConnectedWireIndex":-1,
      "ConnectedWireSegmentIndex":-1,
      "Points":[{"x":0.0,"y":0.0},{"x":8.5,"y":1.75},{"x":8.5,"y":-0.5},{"x":0.0,"y":0.0}]
    },
    {
      "SourcePinAddress":{
        "PinID":1664554557,
        "PinOwnerID":779168338
      },
      "TargetPinAddress":{
        "PinID":0,
        "PinOwnerID":1475995953
      },
      "ConnectionType":0,
      "ConnectedWireIndex":-1,
      "ConnectedWireSegmentIndex":-1,
      "Points":[{"x":0.0,"y":0.0},{"x":0.0,"y":0.0}]
    },
    {
      "SourcePinAddress":{
        "PinID":1664554557,
        "PinOwnerID":1479247942
      },
      "TargetPinAddress":{
        "PinID":0,
        "PinOwnerID":1362251014
      },
      "ConnectionType":0,
      "ConnectedWireIndex":-1,
      "ConnectedWireSegmentIndex":-1,
      "Points":[{"x":0.0,"y":0.0},{"x":0.0,"y":0.0}]
    }
  ]
}