{
  "Name": "DISPLAY SELECT",
  "NameLocation": 0,
  "ChipType": 0,
  "Size": {
    "x": 1.25,
    "y": 3.0
  },
  "Colour": {
    "r": 0.34979105,
    "g": 0.1335364,
    "b": 0.0987018943,
    "a": 1
  },
  "InputPins":[
    {
      "Name":"ADR Y",
      "ID":2055907510,
      "Position":{
        "x":5.625,
        "y":-6.3125
      },
      "BitCount":8,
      "Colour":1,
      "ValueDisplayMode":0
    },
    {
      "Name":"ADR X",
      "ID":2072346178,
      "Position":{
        "x":5.625,
        "y":-7.375
      },
      "BitCount":8,
      "Colour":1,
      "ValueDisplayMode":0
    },
    {
      "Name":"COORD",
      "ID":1899422471,
      "Position":{
        "x":5.625,
        "y":-8.4375
      },
      "BitCount":8,
      "Colour":1,
      "ValueDisplayMode":0
    },
    {
      "Name":"R",
      "ID":1234241463,
      "Position":{
        "x":5.625,
        "y":-9.5
      },
      "BitCount":4,
      "Colour":0,
      "ValueDisplayMode":0
    },
    {
      "Name":"G",
      "ID":549659242,
      "Position":{
        "x":5.625,
        "y":-10.0
      },
      "BitCount":4,
      "Colour":2,
      "ValueDisplayMode":0
    },
    {
      "Name":"B",
      "ID":499617621,
      "Position":{
        "x":5.625,
        "y":-10.5
      },
      "BitCount":4,
      "Colour":3,
      "ValueDisplayMode":0
    },
    {
      "Name":"EXE",
      "ID":505232458,
      "Position":{
        "x":5.625,
        "y":-11.1875
      },
      "BitCount":4,
      "Colour":1,
      "ValueDisplayMode":0
    }
  ],
  "OutputPins":[
    {
      "Name":"ADR",
      "ID":487026087,
      "Position":{
        "x":15.0,
        "y":-6.3125
      },
      "BitCount":8,
      "Colour":0,
      "ValueDisplayMode":0
    },
    {
      "Name":"R",
      "ID":301945182,
      "Position":{
        "x":15.0,
        "y":-6.8125
      },
      "BitCount":4,
      "Colour":0,
      "ValueDisplayMode":0
    },
    {
      "Name":"G",
      "ID":928977525,
      "Position":{
        "x":15.0,
        "y":-7.3125
      },
      "BitCount":4,
      "Colour":0,
      "ValueDisplayMode":0
    },
    {
      "Name":"B",
      "ID":1639662587,
      "Position":{
        "x":15.0,
        "y":-7.8125
      },
      "BitCount":4,
      "Colour":0,
      "ValueDisplayMode":0
    },
    {
      "Name":"EXE",
      "ID":452131665,
      "Position":{
        "x":15.0,
        "y":-8.5625
      },
      "BitCount":4,
      "Colour":0,
      "ValueDisplayMode":0
    }
  ],
  "SubChips":[
    {
      "Name":"DISP COORD ENABLE",
      "ID":1870668719,
      "Label":"",
      "Position":{
        "x":8.61,
        "y":-7.375
      },
      "OutputPinColourInfo":[{"PinColour":1,"PinID":487026087},{"PinColour":6,"PinID":1396111448}],
      "InternalData":null
    },
    {
      "Name":"AND",
      "ID":764979816,
      "Label":"",
      "Position":{
        "x":10.1725,
        "y":-9.0625
      },
      "OutputPinColourInfo":[{"PinColour":5,"PinID":2083071430}],
      "InternalData":null
    },
    {
      "Name":"4-1BIT",
      "ID":207233313,
      "Label":"",
      "Position":{
        "x":7.9475,
        "y":-11.1875
      },
      "OutputPinColourInfo":[{"PinColour":6,"PinID":1},{"PinColour":5,"PinID":2},{"PinColour":5,"PinID":3},{"PinColour":5,"PinID":4}],
      "InternalData":null
    },
    {
      "Name":"1-4BIT",
      "ID":532258235,
      "Label":"",
      "Position":{
        "x":12.9475,
        "y":-8.5625
      },
      "OutputPinColourInfo":[{"PinColour":0,"PinID":4}],
      "InternalData":null
    }
  ],
  "Wires":[
    {
      "SourcePinAddress":{
        "PinID":0,
        "PinOwnerID":2072346178
      },
      "TargetPinAddress":{
        "PinID":2072346178,
        "PinOwnerID":1870668719
      },
      "ConnectionType":0,
      "ConnectedWireIndex":-1,
      "ConnectedWireSegmentIndex":-1,
      "Points":[{"x":0.0,"y":0.0},{"x":0.0,"y":0.0}]
    },
    {
      "SourcePinAddress":{
        "PinID":0,
        "PinOwnerID":2055907510
      },
      "TargetPinAddress":{
        "PinID":2055907510,
        "PinOwnerID":1870668719
      },
      "ConnectionType":0,
      "ConnectedWireIndex":-1,
      "ConnectedWireSegmentIndex":-1,
      "Points":[{"x":0.0,"y":0.0},{"x":0.0,"y":0.0}]
    },
    {
      "SourcePinAddress":{
        "PinID":487026087,
        "PinOwnerID":1870668719
      },
      "TargetPinAddress":{
        "PinID":0,
        "PinOwnerID":487026087
      },
      "ConnectionType":0,
      "ConnectedWireIndex":-1,
      "ConnectedWireSegmentIndex":-1,
      "Points":[{"x":0.0,"y":0.0},{"x":0.0,"y":0.0}]
    },
    {
      "SourcePinAddress":{
        "PinID":1396111448,
        "PinOwnerID":1870668719
      },
      "TargetPinAddress":{
        "PinID":897348161,
        "PinOwnerID":764979816
      },
      "ConnectionType":0,
      "ConnectedWireIndex":-1,
      "ConnectedWireSegmentIndex":-1,
      "Points":[{"x":0.0,"y":0.0},{"x":9.625,"y":-8.5625},{"x":9.625,"y":-8.9375},{"x":0.0,"y":0.0}]
    },
    {
      "SourcePinAddress":{
        "PinID":0,
        "PinOwnerID":499617621
      },
      "TargetPinAddress":{
        "PinID":0,
        "PinOwnerID":1639662587
      },
      "ConnectionType":0,
      "ConnectedWireIndex":-1,
      "ConnectedWireSegmentIndex":-1,
      "Points":[{"x":0.0,"y":0.0},{"x":11.5,"y":-10.5},{"x":11.5,"y":-7.8125},{"x":0.0,"y":0.0}]
    },
    {
      "SourcePinAddress":{
        "PinID":0,
        "PinOwnerID":1234241463
      },
      "TargetPinAddress":{
        "PinID":0,
        "PinOwnerID":301945182
      },
      "ConnectionType":0,
      "ConnectedWireIndex":-1,
      "ConnectedWireSegmentIndex":-1,
      "Points":[{"x":0.0,"y":0.0},{"x":11.0,"y":-9.5},{"x":11.0,"y":-6.8125},{"x":0.0,"y":0.0}]
    },
    {
      "SourcePinAddress":{
        "PinID":0,
        "PinOwnerID":549659242
      },
      "TargetPinAddress":{
        "PinID":0,
        "PinOwnerID":928977525
      },
      "ConnectionType":0,
      "ConnectedWireIndex":-1,
      "ConnectedWireSegmentIndex":-1,
      "Points":[{"x":0.0,"y":0.0},{"x":11.25,"y":-10.0},{"x":11.25,"y":-7.3125},{"x":0.0,"y":0.0}]
    },
    {
      "SourcePinAddress":{
        "PinID":0,
        "PinOwnerID":1899422471
      },
      "TargetPinAddress":{
        "PinID":1441474776,
        "PinOwnerID":1870668719
      },
      "ConnectionType":0,
      "ConnectedWireIndex":-1,
      "ConnectedWireSegmentIndex":-1,
      "Points":[{"x":0.0,"y":0.0},{"x":0.0,"y":0.0}]
    },
    {
      "SourcePinAddress":{
        "PinID":0,
        "PinOwnerID":505232458
      },
      "TargetPinAddress":{
        "PinID":0,
        "PinOwnerID":207233313
      },
      "ConnectionType":0,
      "ConnectedWireIndex":-1,
      "ConnectedWireSegmentIndex":-1,
      "Points":[{"x":0.0,"y":0.0},{"x":0.0,"y":0.0}]
    },
    {
      "SourcePinAddress":{
        "PinID":2,
        "PinOwnerID":207233313
      },
      "TargetPinAddress":{
        "PinID":543772438,
        "PinOwnerID":764979816
      },
      "ConnectionType":0,
      "ConnectedWireIndex":-1,
      "ConnectedWireSegmentIndex":-1,
      "Points":[{"x":0.0,"y":0.0},{"x":9.625,"y":-11.0625},{"x":9.625,"y":-9.1875},{"x":0.0,"y":0.0}]
    },
    {
      "SourcePinAddress":{
        "PinID":4,
        "PinOwnerID":532258235
      },
      "TargetPinAddress":{
        "PinID":0,
        "PinOwnerID":452131665
      },
      "ConnectionType":0,
      "ConnectedWireIndex":-1,
      "ConnectedWireSegmentIndex":-1,
      "Points":[{"x":0.0,"y":0.0},{"x":0.0,"y":0.0}]
    },
    {
      "SourcePinAddress":{
        "PinID":1,
        "PinOwnerID":207233313
      },
      "TargetPinAddress":{
        "PinID":0,
        "PinOwnerID":532258235
      },
      "ConnectionType":0,
      "ConnectedWireIndex":-1,
      "ConnectedWireSegmentIndex":-1,
      "Points":[{"x":0.0,"y":0.0},{"x":11.75,"y":-10.8125},{"x":11.75,"y":-8.1875},{"x":0.0,"y":0.0}]
    },
    {
      "SourcePinAddress":{
        "PinID":2083071430,
        "PinOwnerID":764979816
      },
      "TargetPinAddress":{
        "PinID":1,
        "PinOwnerID":532258235
      },
      "ConnectionType":0,
      "ConnectedWireIndex":-1,
      "ConnectedWireSegmentIndex":-1,
      "Points":[{"x":0.0,"y":0.0},{"x":11.875,"y":-9.0625},{"x":11.875,"y":-8.4375},{"x":0.0,"y":0.0}]
    },
    {
      "SourcePinAddress":{
        "PinID":3,
        "PinOwnerID":207233313
      },
      "TargetPinAddress":{
        "PinID":2,
        "PinOwnerID":532258235
      },
      "ConnectionType":0,
      "ConnectedWireIndex":-1,
      "ConnectedWireSegmentIndex":-1,
      "Points":[{"x":0.0,"y":0.0},{"x":12.0,"y":-11.3125},{"x":12.0,"y":-8.6875},{"x":0.0,"y":0.0}]
    },
    {
      "SourcePinAddress":{
        "PinID":4,
        "PinOwnerID":207233313
      },
      "TargetPinAddress":{
        "PinID":3,
        "PinOwnerID":532258235
      },
      "ConnectionType":0,
      "ConnectedWireIndex":-1,
      "ConnectedWireSegmentIndex":-1,
      "Points":[{"x":0.0,"y":0.0},{"x":12.125,"y":-11.5625},{"x":12.125,"y":-8.9375},{"x":0.0,"y":0.0}]
    }
  ],
  "Displays":[]
}