{
  "Name": "DISP COORD ENABLE",
  "NameLocation": 0,
  "ChipType": 0,
  "Size": {
    "x": 1.7,
    "y": 2.625
  },
  "Colour": {
    "r": 0.34979105,
    "g": 0.1335364,
    "b": 0.0987018943,
    "a": 1
  },
  "InputPins":[
    {
      "Name":"ADR Y",
      "ID":2055907510,
      "Position":{
        "x":4.875,
        "y":-6.3125
      },
      "BitCount":8,
      "Colour":0,
      "ValueDisplayMode":0
    },
    {
      "Name":"ADR X",
      "ID":2072346178,
      "Position":{
        "x":4.875,
        "y":-7.1875
      },
      "BitCount":8,
      "Colour":0,
      "ValueDisplayMode":0
    },
    {
      "Name":"COORD",
      "ID":1441474776,
      "Position":{
        "x":4.875,
        "y":-9.5625
      },
      "BitCount":8,
      "Colour":0,
      "ValueDisplayMode":0
    }
  ],
  "OutputPins":[
    {
      "Name":"ADR",
      "ID":487026087,
      "Position":{
        "x":17.5,
        "y":-6.8125
      },
      "BitCount":8,
      "Colour":0,
      "ValueDisplayMode":0
    },
    {
      "Name":"Enable",
      "ID":1396111448,
      "Position":{
        "x":15.875,
        "y":-8.375
      },
      "BitCount":1,
      "Colour":0,
      "ValueDisplayMode":0
    }
  ],
  "SubChips":[
    {
      "Name":"8-4BIT",
      "ID":105310016,
      "Label":"",
      "Position":{
        "x":7.5725,
        "y":-6.3125
      },
      "OutputPinColourInfo":[{"PinColour":0,"PinID":1},{"PinColour":0,"PinID":2}],
      "InternalData":null
    },
    {
      "Name":"8-4BIT",
      "ID":1346345350,
      "Label":"",
      "Position":{
        "x":7.5725,
        "y":-7.1875
      },
      "OutputPinColourInfo":[{"PinColour":0,"PinID":1},{"PinColour":0,"PinID":2}],
      "InternalData":null
    },
    {
      "Name":"4-8BIT",
      "ID":1690873858,
      "Label":"",
      "Position":{
        "x":9.6975,
        "y":-6.6875
      },
      "OutputPinColourInfo":[{"PinColour":0,"PinID":2}],
      "InternalData":null
    },
    {
      "Name":"4BIT x2 XNOR",
      "ID":1904946117,
      "Label":"",
      "Position":{
        "x":9.76,
        "y":-8.8125
      },
      "OutputPinColourInfo":[{"PinColour":0,"PinID":1773724041}],
      "InternalData":null
    },
    {
      "Name":"8-4BIT",
      "ID":256291705,
      "Label":"",
      "Position":{
        "x":7.5725,
        "y":-9.5625
      },
      "OutputPinColourInfo":[{"PinColour":0,"PinID":1},{"PinColour":0,"PinID":2}],
      "InternalData":null
    },
    {
      "Name":"AND",
      "ID":927333457,
      "Label":"",
      "Position":{
        "x":13.4225,
        "y":-8.375
      },
      "OutputPinColourInfo":[{"PinColour":0,"PinID":2083071430}],
      "InternalData":null
    },
    {
      "Name":"8BIT AND",
      "ID":1282434055,
      "Label":"",
      "Position":{
        "x":14.8975,
        "y":-6.8125
      },
      "OutputPinColourInfo":[{"PinColour":0,"PinID":784645988}],
      "InternalData":null
    },
    {
      "Name":"4BIT x2 XNOR",
      "ID":1303381663,
      "Label":"",
      "Position":{
        "x":9.76,
        "y":-7.9375
      },
      "OutputPinColourInfo":[{"PinColour":0,"PinID":1773724041}],
      "InternalData":null
    },
    {
      "Name":"4BIT x1 AND",
      "ID":1244447717,
      "Label":"",
      "Position":{
        "x":11.2725,
        "y":-7.9375
      },
      "OutputPinColourInfo":[{"PinColour":0,"PinID":933171434}],
      "InternalData":null
    },
    {
      "Name":"4BIT x1 AND",
      "ID":498750257,
      "Label":"",
      "Position":{
        "x":11.2725,
        "y":-8.8125
      },
      "OutputPinColourInfo":[{"PinColour":0,"PinID":933171434}],
      "InternalData":null
    }
  ],
  "Wires":[
    {
      "SourcePinAddress":{
        "PinID":0,
        "PinOwnerID":2055907510
      },
      "TargetPinAddress":{
        "PinID":0,
        "PinOwnerID":105310016
      },
      "ConnectionType":0,
      "ConnectedWireIndex":-1,
      "ConnectedWireSegmentIndex":-1,
      "Points":[{"x":0.0,"y":0.0},{"x":0.0,"y":0.0}]
    },
    {
      "SourcePinAddress":{
        "PinID":0,
        "PinOwnerID":2072346178
      },
      "TargetPinAddress":{
        "PinID":0,
        "PinOwnerID":1346345350
      },
      "ConnectionType":0,
      "ConnectedWireIndex":-1,
      "ConnectedWireSegmentIndex":-1,
      "Points":[{"x":0.0,"y":0.0},{"x":0.0,"y":0.0}]
    },
    {
      "SourcePinAddress":{
        "PinID":2,
        "PinOwnerID":105310016
      },
      "TargetPinAddress":{
        "PinID":0,
        "PinOwnerID":1690873858
      },
      "ConnectionType":0,
      "ConnectedWireIndex":-1,
      "ConnectedWireSegmentIndex":-1,
      "Points":[{"x":0.0,"y":0.0},{"x":0.0,"y":0.0}]
    },
    {
      "SourcePinAddress":{
        "PinID":2,
        "PinOwnerID":1346345350
      },
      "TargetPinAddress":{
        "PinID":1,
        "PinOwnerID":1690873858
      },
      "ConnectionType":0,
      "ConnectedWireIndex":-1,
      "ConnectedWireSegmentIndex":-1,
      "Points":[{"x":0.0,"y":0.0},{"x":8.875,"y":-7.375},{"x":8.875,"y":-6.875},{"x":0.0,"y":0.0}]
    },
    {
      "SourcePinAddress":{
        "PinID":1,
        "PinOwnerID":1346345350
      },
      "TargetPinAddress":{
        "PinID":1771514258,
        "PinOwnerID":1904946117
      },
      "ConnectionType":0,
      "ConnectedWireIndex":-1,
      "ConnectedWireSegmentIndex":-1,
      "Points":[{"x":0.0,"y":0.0},{"x":8.375,"y":-7.0},{"x":8.375,"y":-9.0},{"x":0.0,"y":0.0}]
    },
    {
      "SourcePinAddress":{
        "PinID":1,
        "PinOwnerID":256291705
      },
      "TargetPinAddress":{
        "PinID":1546009888,
        "PinOwnerID":1904946117
      },
      "ConnectionType":0,
      "ConnectedWireIndex":-1,
      "ConnectedWireSegmentIndex":-1,
      "Points":[{"x":0.0,"y":0.0},{"x":8.625,"y":-9.375},{"x":8.625,"y":-8.625},{"x":0.0,"y":0.0}]
    },
    {
      "SourcePinAddress":{
        "PinID":2,
        "PinOwnerID":1690873858
      },
      "TargetPinAddress":{
        "PinID":617130315,
        "PinOwnerID":1282434055
      },
      "ConnectionType":0,
      "ConnectedWireIndex":-1,
      "ConnectedWireSegmentIndex":-1,
      "Points":[{"x":0.0,"y":0.0},{"x":0.0,"y":0.0}]
    },
    {
      "SourcePinAddress":{
        "PinID":784645988,
        "PinOwnerID":1282434055
      },
      "TargetPinAddress":{
        "PinID":0,
        "PinOwnerID":487026087
      },
      "ConnectionType":0,
      "ConnectedWireIndex":-1,
      "ConnectedWireSegmentIndex":-1,
      "Points":[{"x":0.0,"y":0.0},{"x":0.0,"y":0.0}]
    },
    {
      "SourcePinAddress":{
        "PinID":0,
        "PinOwnerID":1441474776
      },
      "TargetPinAddress":{
        "PinID":0,
        "PinOwnerID":256291705
      },
      "ConnectionType":0,
      "ConnectedWireIndex":-1,
      "ConnectedWireSegmentIndex":-1,
      "Points":[{"x":0.0,"y":0.0},{"x":0.0,"y":0.0}]
    },
    {
      "SourcePinAddress":{
        "PinID":2083071430,
        "PinOwnerID":927333457
      },
      "TargetPinAddress":{
        "PinID":0,
        "PinOwnerID":1396111448
      },
      "ConnectionType":0,
      "ConnectedWireIndex":-1,
      "ConnectedWireSegmentIndex":-1,
      "Points":[{"x":0.0,"y":0.0},{"x":0.0,"y":0.0}]
    },
    {
      "SourcePinAddress":{
        "PinID":2083071430,
        "PinOwnerID":927333457
      },
      "TargetPinAddress":{
        "PinID":1720693614,
        "PinOwnerID":1282434055
      },
      "ConnectionType":1,
      "ConnectedWireIndex":9,
      "ConnectedWireSegmentIndex":0,
      "Points":[{"x":14.125,"y":-8.375},{"x":14.125,"y":-7.0625},{"x":0.0,"y":0.0}]
    },
    {
      "SourcePinAddress":{
        "PinID":1,
        "PinOwnerID":105310016
      },
      "TargetPinAddress":{
        "PinID":1546009888,
        "PinOwnerID":1303381663
      },
      "ConnectionType":0,
      "ConnectedWireIndex":-1,
      "ConnectedWireSegmentIndex":-1,
      "Points":[{"x":0.0,"y":0.0},{"x":8.625,"y":-6.125},{"x":8.625,"y":-7.75},{"x":0.0,"y":0.0}]
    },
    {
      "SourcePinAddress":{
        "PinID":2,
        "PinOwnerID":256291705
      },
      "TargetPinAddress":{
        "PinID":1771514258,
        "PinOwnerID":1303381663
      },
      "ConnectionType":0,
      "ConnectedWireIndex":-1,
      "ConnectedWireSegmentIndex":-1,
      "Points":[{"x":0.0,"y":0.0},{"x":8.875,"y":-9.75},{"x":8.875,"y":-8.125},{"x":0.0,"y":0.0}]
    },
    {
      "SourcePinAddress":{
        "PinID":1773724041,
        "PinOwnerID":1904946117
      },
      "TargetPinAddress":{
        "PinID":2046304086,
        "PinOwnerID":498750257
      },
      "ConnectionType":0,
      "ConnectedWireIndex":-1,
      "ConnectedWireSegmentIndex":-1,
      "Points":[{"x":0.0,"y":0.0},{"x":0.0,"y":0.0}]
    },
    {
      "SourcePinAddress":{
        "PinID":1773724041,
        "PinOwnerID":1303381663
      },
      "TargetPinAddress":{
        "PinID":2046304086,
        "PinOwnerID":1244447717
      },
      "ConnectionType":0,
      "ConnectedWireIndex":-1,
      "ConnectedWireSegmentIndex":-1,
      "Points":[{"x":0.0,"y":0.0},{"x":0.0,"y":0.0}]
    },
    {
      "SourcePinAddress":{
        "PinID":933171434,
        "PinOwnerID":498750257
      },
      "TargetPinAddress":{
        "PinID":543772438,
        "PinOwnerID":927333457
      },
      "ConnectionType":0,
      "ConnectedWireIndex":-1,
      "ConnectedWireSegmentIndex":-1,
      "Points":[{"x":0.0,"y":0.0},{"x":12.125,"y":-8.8125},{"x":12.125,"y":-8.5},{"x":0.0,"y":0.0}]
    },
    {
      "SourcePinAddress":{
        "PinID":933171434,
        "PinOwnerID":1244447717
      },
      "TargetPinAddress":{
        "PinID":897348161,
        "PinOwnerID":927333457
      },
      "ConnectionType":0,
      "ConnectedWireIndex":-1,
      "ConnectedWireSegmentIndex":-1,
      "Points":[{"x":0.0,"y":0.0},{"x":12.125,"y":-7.9375},{"x":12.125,"y":-8.25},{"x":0.0,"y":0.0}]
    }
  ],
  "Displays": null
}