{
  "ChipType": 0,
  "Colour": {
    "r": 0.194052085,
    "g": 0.2875778,
    "b": 0.318029642,
    "a": 1
  },
  "Displays": null,
  "InputPins":[
    {
      "Name":"IN",
      "ID":1176033900,
      "Position":{
        "x":-11.375,
        "y":-5.5
      },
      "BitCount":8,
      "Colour":0,
      "ValueDisplayMode":0
    }
  ],
  "Name": "DOUBLE DABBLE 8BIT",
  "NameLocation": 0,
  "OutputPins":[
    {
      "Name":"10^2",
      "ID":554335719,
      "Position":{
        "x":11.375,
        "y":-3.75
      },
      "BitCount":4,
      "Colour":0,
      "ValueDisplayMode":1
    },
    {
      "Name":"10^1",
      "ID":1726218629,
      "Position":{
        "x":11.375,
        "y":-4.875
      },
      "BitCount":4,
      "Colour":0,
      "ValueDisplayMode":1
    },
    {
      "Name":"10^0",
      "ID":193018815,
      "Position":{
        "x":11.375,
        "y":-6.0
      },
      "BitCount":4,
      "Colour":0,
      "ValueDisplayMode":1
    }
  ],
  "Size": {
    "x": 1.85,
    "y": 1.125
  },
  "SubChips":[
    {
      "Name":"DABBLE",
      "ID":1313104237,
      "Label":"",
      "Position":{
        "x":-4.6025,
        "y":-4.75
      },
      "OutputPinColourInfo":[{"PinColour":0,"PinID":989809859},{"PinColour":0,"PinID":1724408306},{"PinColour":0,"PinID":1615174155},{"PinColour":0,"PinID":1413409358}],
      "InternalData":null
    },
    {
      "Name":"8-1BIT",
      "ID":956257518,
      "Label":"",
      "Position":{
        "x":-8.9275,
        "y":-5.5
      },
      "OutputPinColourInfo":[{"PinColour":0,"PinID":1},{"PinColour":0,"PinID":2},{"PinColour":0,"PinID":3},{"PinColour":0,"PinID":4},{"PinColour":0,"PinID":5},{"PinColour":0,"PinID":6},{"PinColour":0,"PinID":7},{"PinColour":0,"PinID":8}],
      "InternalData":null
    },
    {
      "Name":"1-4BIT",
      "ID":1429535724,
      "Label":"",
      "Position":{
        "x":-6.0525,
        "y":-4.75
      },
      "OutputPinColourInfo":[{"PinColour":0,"PinID":4}],
      "InternalData":null
    },
    {
      "Name":"1-4BIT",
      "ID":262472173,
      "Label":"",
      "Position":{
        "x":-3.1775,
        "y":-5.0
      },
      "OutputPinColourInfo":[{"PinColour":0,"PinID":4}],
      "InternalData":null
    },
    {
      "Name":"DABBLE",
      "ID":1629168392,
      "Label":"",
      "Position":{
        "x":-1.7275,
        "y":-5.0
      },
      "OutputPinColourInfo":[{"PinColour":0,"PinID":989809859},{"PinColour":0,"PinID":1724408306},{"PinColour":0,"PinID":1615174155},{"PinColour":0,"PinID":1413409358}],
      "InternalData":null
    },
    {
      "Name":"1-4BIT",
      "ID":2146047741,
      "Label":"",
      "Position":{
        "x":-0.3025,
        "y":-5.25
      },
      "OutputPinColourInfo":[{"PinColour":0,"PinID":4}],
      "InternalData":null
    },
    {
      "Name":"DABBLE",
      "ID":2097240737,
      "Label":"",
      "Position":{
        "x":1.1475,
        "y":-5.25
      },
      "OutputPinColourInfo":[{"PinColour":0,"PinID":989809859},{"PinColour":0,"PinID":1724408306},{"PinColour":0,"PinID":1615174155},{"PinColour":0,"PinID":1413409358}],
      "InternalData":null
    },
    {
      "Name":"1-4BIT",
      "ID":1936531617,
      "Label":"",
      "Position":{
        "x":2.6975,
        "y":-5.5
      },
      "OutputPinColourInfo":[{"PinColour":0,"PinID":4}],
      "InternalData":null
    },
    {
      "Name":"DABBLE",
      "ID":230138655,
      "Label":"",
      "Position":{
        "x":4.1475,
        "y":-5.5
      },
      "OutputPinColourInfo":[{"PinColour":0,"PinID":989809859},{"PinColour":0,"PinID":1724408306},{"PinColour":0,"PinID":1615174155},{"PinColour":0,"PinID":1413409358}],
      "InternalData":null
    },
    {
      "Name":"1-4BIT",
      "ID":2041280893,
      "Label":"",
      "Position":{
        "x":5.6975,
        "y":-5.75
      },
      "OutputPinColourInfo":[{"PinColour":0,"PinID":4}],
      "InternalData":null
    },
    {
      "Name":"DABBLE",
      "ID":96476197,
      "Label":"",
      "Position":{
        "x":7.1475,
        "y":-5.75
      },
      "OutputPinColourInfo":[{"PinColour":0,"PinID":989809859},{"PinColour":0,"PinID":1724408306},{"PinColour":0,"PinID":1615174155},{"PinColour":0,"PinID":1413409358}],
      "InternalData":null
    },
    {
      "Name":"1-4BIT",
      "ID":491874794,
      "Label":"",
      "Position":{
        "x":2.6975,
        "y":-4.375
      },
      "OutputPinColourInfo":[{"PinColour":0,"PinID":4}],
      "InternalData":null
    },
    {
      "Name":"DABBLE",
      "ID":1150307093,
      "Label":"",
      "Position":{
        "x":4.1475,
        "y":-4.375
      },
      "OutputPinColourInfo":[{"PinColour":0,"PinID":989809859},{"PinColour":0,"PinID":1724408306},{"PinColour":0,"PinID":1615174155},{"PinColour":0,"PinID":1413409358}],
      "InternalData":null
    },
    {
      "Name":"1-4BIT",
      "ID":861856666,
      "Label":"",
      "Position":{
        "x":5.6975,
        "y":-4.625
      },
      "OutputPinColourInfo":[{"PinColour":0,"PinID":4}],
      "InternalData":null
    },
    {
      "Name":"DABBLE",
      "ID":1609655636,
      "Label":"",
      "Position":{
        "x":7.1475,
        "y":-4.625
      },
      "OutputPinColourInfo":[{"PinColour":0,"PinID":989809859},{"PinColour":0,"PinID":1724408306},{"PinColour":0,"PinID":1615174155},{"PinColour":0,"PinID":1413409358}],
      "InternalData":null
    },
    {
      "Name":"1-4BIT",
      "ID":1550077341,
      "Label":"",
      "Position":{
        "x":8.6975,
        "y":-3.75
      },
      "OutputPinColourInfo":[{"PinColour":0,"PinID":4}],
      "InternalData":null
    },
    {
      "Name":"1-4BIT",
      "ID":1645072186,
      "Label":"",
      "Position":{
        "x":8.6975,
        "y":-4.875
      },
      "OutputPinColourInfo":[{"PinColour":0,"PinID":4}],
      "InternalData":null
    },
    {
      "Name":"1-4BIT",
      "ID":1017043876,
      "Label":"",
      "Position":{
        "x":8.6975,
        "y":-6.0
      },
      "OutputPinColourInfo":[{"PinColour":0,"PinID":4}],
      "InternalData":null
    }
  ],
  "Wires":[
    {
      "SourcePinAddress":{
        "PinID":0,
        "PinOwnerID":1176033900
      },
      "TargetPinAddress":{
        "PinID":0,
        "PinOwnerID":956257518
      },
      "ConnectionType":0,
      "ConnectedWireIndex":-1,
      "ConnectedWireSegmentIndex":-1,
      "Points":[{"x":0.0,"y":0.0},{"x":0.0,"y":0.0}]
    },
    {
      "SourcePinAddress":{
        "PinID":2,
        "PinOwnerID":956257518
      },
      "TargetPinAddress":{
        "PinID":2,
        "PinOwnerID":1429535724
      },
      "ConnectionType":0,
      "ConnectedWireIndex":-1,
      "ConnectedWireSegmentIndex":-1,
      "Points":[{"x":0.0,"y":0.0},{"x":0.0,"y":0.0}]
    },
    {
      "SourcePinAddress":{
        "PinID":1,
        "PinOwnerID":956257518
      },
      "TargetPinAddress":{
        "PinID":1,
        "PinOwnerID":1429535724
      },
      "ConnectionType":0,
      "ConnectedWireIndex":-1,
      "ConnectedWireSegmentIndex":-1,
      "Points":[{"x":0.0,"y":0.0},{"x":0.0,"y":0.0}]
    },
    {
      "SourcePinAddress":{
        "PinID":4,
        "PinOwnerID":1429535724
      },
      "TargetPinAddress":{
        "PinID":1019356571,
        "PinOwnerID":1313104237
      },
      "ConnectionType":0,
      "ConnectedWireIndex":-1,
      "ConnectedWireSegmentIndex":-1,
      "Points":[{"x":0.0,"y":0.0},{"x":0.0,"y":0.0}]
    },
    {
      "SourcePinAddress":{
        "PinID":3,
        "PinOwnerID":956257518
      },
      "TargetPinAddress":{
        "PinID":3,
        "PinOwnerID":1429535724
      },
      "ConnectionType":0,
      "ConnectedWireIndex":-1,
      "ConnectedWireSegmentIndex":-1,
      "Points":[{"x":0.0,"y":0.0},{"x":0.0,"y":0.0}]
    },
    {
      "SourcePinAddress":{
        "PinID":1724408306,
        "PinOwnerID":1313104237
      },
      "TargetPinAddress":{
        "PinID":0,
        "PinOwnerID":262472173
      },
      "ConnectionType":0,
      "ConnectedWireIndex":-1,
      "ConnectedWireSegmentIndex":-1,
      "Points":[{"x":0.0,"y":0.0},{"x":0.0,"y":0.0}]
    },
    {
      "SourcePinAddress":{
        "PinID":1615174155,
        "PinOwnerID":1313104237
      },
      "TargetPinAddress":{
        "PinID":1,
        "PinOwnerID":262472173
      },
      "ConnectionType":0,
      "ConnectedWireIndex":-1,
      "ConnectedWireSegmentIndex":-1,
      "Points":[{"x":0.0,"y":0.0},{"x":0.0,"y":0.0}]
    },
    {
      "SourcePinAddress":{
        "PinID":1413409358,
        "PinOwnerID":1313104237
      },
      "TargetPinAddress":{
        "PinID":2,
        "PinOwnerID":262472173
      },
      "ConnectionType":0,
      "ConnectedWireIndex":-1,
      "ConnectedWireSegmentIndex":-1,
      "Points":[{"x":0.0,"y":0.0},{"x":0.0,"y":0.0}]
    },
    {
      "SourcePinAddress":{
        "PinID":4,
        "PinOwnerID":956257518
      },
      "TargetPinAddress":{
        "PinID":3,
        "PinOwnerID":262472173
      },
      "ConnectionType":0,
      "ConnectedWireIndex":-1,
      "ConnectedWireSegmentIndex":-1,
      "Points":[{"x":0.0,"y":0.0},{"x":0.0,"y":0.0}]
    },
    {
      "SourcePinAddress":{
        "PinID":1724408306,
        "PinOwnerID":1629168392
      },
      "TargetPinAddress":{
        "PinID":0,
        "PinOwnerID":2146047741
      },
      "ConnectionType":0,
      "ConnectedWireIndex":-1,
      "ConnectedWireSegmentIndex":-1,
      "Points":[{"x":0.0,"y":0.0},{"x":0.0,"y":0.0}]
    },
    {
      "SourcePinAddress":{
        "PinID":1615174155,
        "PinOwnerID":1629168392
      },
      "TargetPinAddress":{
        "PinID":1,
        "PinOwnerID":2146047741
      },
      "ConnectionType":0,
      "ConnectedWireIndex":-1,
      "ConnectedWireSegmentIndex":-1,
      "Points":[{"x":0.0,"y":0.0},{"x":0.0,"y":0.0}]
    },
    {
      "SourcePinAddress":{
        "PinID":1413409358,
        "PinOwnerID":1629168392
      },
      "TargetPinAddress":{
        "PinID":2,
        "PinOwnerID":2146047741
      },
      "ConnectionType":0,
      "ConnectedWireIndex":-1,
      "ConnectedWireSegmentIndex":-1,
      "Points":[{"x":0.0,"y":0.0},{"x":0.0,"y":0.0}]
    },
    {
      "SourcePinAddress":{
        "PinID":4,
        "PinOwnerID":262472173
      },
      "TargetPinAddress":{
        "PinID":1019356571,
        "PinOwnerID":1629168392
      },
      "ConnectionType":0,
      "ConnectedWireIndex":-1,
      "ConnectedWireSegmentIndex":-1,
      "Points":[{"x":0.0,"y":0.0},{"x":0.0,"y":0.0}]
    },
    {
      "SourcePinAddress":{
        "PinID":5,
        "PinOwnerID":956257518
      },
      "TargetPinAddress":{
        "PinID":3,
        "PinOwnerID":2146047741
      },
      "ConnectionType":0,
      "ConnectedWireIndex":-1,
      "ConnectedWireSegmentIndex":-1,
      "Points":[{"x":0.0,"y":0.0},{"x":0.0,"y":0.0}]
    },
    {
      "SourcePinAddress":{
        "PinID":4,
        "PinOwnerID":2146047741
      },
      "TargetPinAddress":{
        "PinID":1019356571,
        "PinOwnerID":2097240737
      },
      "ConnectionType":0,
      "ConnectedWireIndex":-1,
      "ConnectedWireSegmentIndex":-1,
      "Points":[{"x":0.0,"y":0.0},{"x":0.0,"y":0.0}]
    },
    {
      "SourcePinAddress":{
        "PinID":1724408306,
        "PinOwnerID":2097240737
      },
      "TargetPinAddress":{
        "PinID":0,
        "PinOwnerID":1936531617
      },
      "ConnectionType":0,
      "ConnectedWireIndex":-1,
      "ConnectedWireSegmentIndex":-1,
      "Points":[{"x":0.0,"y":0.0},{"x":0.0,"y":0.0}]
    },
    {
      "SourcePinAddress":{
        "PinID":1615174155,
        "PinOwnerID":2097240737
      },
      "TargetPinAddress":{
        "PinID":1,
        "PinOwnerID":1936531617
      },
      "ConnectionType":0,
      "ConnectedWireIndex":-1,
      "ConnectedWireSegmentIndex":-1,
      "Points":[{"x":0.0,"y":0.0},{"x":0.0,"y":0.0}]
    },
    {
      "SourcePinAddress":{
        "PinID":1413409358,
        "PinOwnerID":2097240737
      },
      "TargetPinAddress":{
        "PinID":2,
        "PinOwnerID":1936531617
      },
      "ConnectionType":0,
      "ConnectedWireIndex":-1,
      "ConnectedWireSegmentIndex":-1,
      "Points":[{"x":0.0,"y":0.0},{"x":0.0,"y":0.0}]
    },
    {
      "SourcePinAddress":{
        "PinID":6,
        "PinOwnerID":956257518
      },
      "TargetPinAddress":{
        "PinID":3,
        "PinOwnerID":1936531617
      },
      "ConnectionType":0,
      "ConnectedWireIndex":-1,
      "ConnectedWireSegmentIndex":-1,
      "Points":[{"x":0.0,"y":0.0},{"x":0.0,"y":0.0}]
    },
    {
      "SourcePinAddress":{
        "PinID":989809859,
        "PinOwnerID":2097240737
      },
      "TargetPinAddress":{
        "PinID":3,
        "PinOwnerID":491874794
      },
      "ConnectionType":0,
      "ConnectedWireIndex":-1,
      "ConnectedWireSegmentIndex":-1,
      "Points":[{"x":0.0,"y":0.0},{"x":1.875,"y":-4.875},{"x":1.875,"y":-4.75},{"x":0.0,"y":0.0}]
    },
    {
      "SourcePinAddress":{
        "PinID":989809859,
        "PinOwnerID":1629168392
      },
      "TargetPinAddress":{
        "PinID":2,
        "PinOwnerID":491874794
      },
      "ConnectionType":0,
      "ConnectedWireIndex":-1,
      "ConnectedWireSegmentIndex":-1,
      "Points":[{"x":0.0,"y":0.0},{"x":-1.0,"y":-4.625},{"x":-1.0,"y":-4.5},{"x":0.0,"y":0.0}]
    },
    {
      "SourcePinAddress":{
        "PinID":989809859,
        "PinOwnerID":1313104237
      },
      "TargetPinAddress":{
        "PinID":1,
        "PinOwnerID":491874794
      },
      "ConnectionType":0,
      "ConnectedWireIndex":-1,
      "ConnectedWireSegmentIndex":-1,
      "Points":[{"x":0.0,"y":0.0},{"x":-3.875,"y":-4.375},{"x":-3.875,"y":-4.25},{"x":0.0,"y":0.0}]
    },
    {
      "SourcePinAddress":{
        "PinID":4,
        "PinOwnerID":491874794
      },
      "TargetPinAddress":{
        "PinID":1019356571,
        "PinOwnerID":1150307093
      },
      "ConnectionType":0,
      "ConnectedWireIndex":-1,
      "ConnectedWireSegmentIndex":-1,
      "Points":[{"x":0.0,"y":0.0},{"x":0.0,"y":0.0}]
    },
    {
      "SourcePinAddress":{
        "PinID":4,
        "PinOwnerID":1936531617
      },
      "TargetPinAddress":{
        "PinID":1019356571,
        "PinOwnerID":230138655
      },
      "ConnectionType":0,
      "ConnectedWireIndex":-1,
      "ConnectedWireSegmentIndex":-1,
      "Points":[{"x":0.0,"y":0.0},{"x":0.0,"y":0.0}]
    },
    {
      "SourcePinAddress":{
        "PinID":989809859,
        "PinOwnerID":230138655
      },
      "TargetPinAddress":{
        "PinID":3,
        "PinOwnerID":861856666
      },
      "ConnectionType":0,
      "ConnectedWireIndex":-1,
      "ConnectedWireSegmentIndex":-1,
      "Points":[{"x":0.0,"y":0.0},{"x":4.875,"y":-5.125},{"x":4.875,"y":-5.0},{"x":0.0,"y":0.0}]
    },
    {
      "SourcePinAddress":{
        "PinID":1413409358,
        "PinOwnerID":1150307093
      },
      "TargetPinAddress":{
        "PinID":2,
        "PinOwnerID":861856666
      },
      "ConnectionType":0,
      "ConnectedWireIndex":-1,
      "ConnectedWireSegmentIndex":-1,
      "Points":[{"x":0.0,"y":0.0},{"x":0.0,"y":0.0}]
    },
    {
      "SourcePinAddress":{
        "PinID":1615174155,
        "PinOwnerID":1150307093
      },
      "TargetPinAddress":{
        "PinID":1,
        "PinOwnerID":861856666
      },
      "ConnectionType":0,
      "ConnectedWireIndex":-1,
      "ConnectedWireSegmentIndex":-1,
      "Points":[{"x":0.0,"y":0.0},{"x":0.0,"y":0.0}]
    },
    {
      "SourcePinAddress":{
        "PinID":1724408306,
        "PinOwnerID":1150307093
      },
      "TargetPinAddress":{
        "PinID":0,
        "PinOwnerID":861856666
      },
      "ConnectionType":0,
      "ConnectedWireIndex":-1,
      "ConnectedWireSegmentIndex":-1,
      "Points":[{"x":0.0,"y":0.0},{"x":0.0,"y":0.0}]
    },
    {
      "SourcePinAddress":{
        "PinID":1724408306,
        "PinOwnerID":230138655
      },
      "TargetPinAddress":{
        "PinID":0,
        "PinOwnerID":2041280893
      },
      "ConnectionType":0,
      "ConnectedWireIndex":-1,
      "ConnectedWireSegmentIndex":-1,
      "Points":[{"x":0.0,"y":0.0},{"x":0.0,"y":0.0}]
    },
    {
      "SourcePinAddress":{
        "PinID":1615174155,
        "PinOwnerID":230138655
      },
      "TargetPinAddress":{
        "PinID":1,
        "PinOwnerID":2041280893
      },
      "ConnectionType":0,
      "ConnectedWireIndex":-1,
      "ConnectedWireSegmentIndex":-1,
      "Points":[{"x":0.0,"y":0.0},{"x":0.0,"y":0.0}]
    },
    {
      "SourcePinAddress":{
        "PinID":1413409358,
        "PinOwnerID":230138655
      },
      "TargetPinAddress":{
        "PinID":2,
        "PinOwnerID":2041280893
      },
      "ConnectionType":0,
      "ConnectedWireIndex":-1,
      "ConnectedWireSegmentIndex":-1,
      "Points":[{"x":0.0,"y":0.0},{"x":0.0,"y":0.0}]
    },
    {
      "SourcePinAddress":{
        "PinID":7,
        "PinOwnerID":956257518
      },
      "TargetPinAddress":{
        "PinID":3,
        "PinOwnerID":2041280893
      },
      "ConnectionType":0,
      "ConnectedWireIndex":-1,
      "ConnectedWireSegmentIndex":-1,
      "Points":[{"x":0.0,"y":0.0},{"x":0.0,"y":0.0}]
    },
    {
      "SourcePinAddress":{
        "PinID":4,
        "PinOwnerID":2041280893
      },
      "TargetPinAddress":{
        "PinID":1019356571,
        "PinOwnerID":96476197
      },
      "ConnectionType":0,
      "ConnectedWireIndex":-1,
      "ConnectedWireSegmentIndex":-1,
      "Points":[{"x":0.0,"y":0.0},{"x":0.0,"y":0.0}]
    },
    {
      "SourcePinAddress":{
        "PinID":4,
        "PinOwnerID":861856666
      },
      "TargetPinAddress":{
        "PinID":1019356571,
        "PinOwnerID":1609655636
      },
      "ConnectionType":0,
      "ConnectedWireIndex":-1,
      "ConnectedWireSegmentIndex":-1,
      "Points":[{"x":0.0,"y":0.0},{"x":0.0,"y":0.0}]
    },
    {
      "SourcePinAddress":{
        "PinID":1413409358,
        "PinOwnerID":1609655636
      },
      "TargetPinAddress":{
        "PinID":2,
        "PinOwnerID":1645072186
      },
      "ConnectionType":0,
      "ConnectedWireIndex":-1,
      "ConnectedWireSegmentIndex":-1,
      "Points":[{"x":0.0,"y":0.0},{"x":0.0,"y":0.0}]
    },
    {
      "SourcePinAddress":{
        "PinID":1615174155,
        "PinOwnerID":1609655636
      },
      "TargetPinAddress":{
        "PinID":1,
        "PinOwnerID":1645072186
      },
      "ConnectionType":0,
      "ConnectedWireIndex":-1,
      "ConnectedWireSegmentIndex":-1,
      "Points":[{"x":0.0,"y":0.0},{"x":0.0,"y":0.0}]
    },
    {
      "SourcePinAddress":{
        "PinID":1724408306,
        "PinOwnerID":1609655636
      },
      "TargetPinAddress":{
        "PinID":0,
        "PinOwnerID":1645072186
      },
      "ConnectionType":0,
      "ConnectedWireIndex":-1,
      "ConnectedWireSegmentIndex":-1,
      "Points":[{"x":0.0,"y":0.0},{"x":0.0,"y":0.0}]
    },
    {
      "SourcePinAddress":{
        "PinID":8,
        "PinOwnerID":956257518
      },
      "TargetPinAddress":{
        "PinID":3,
        "PinOwnerID":1017043876
      },
      "ConnectionType":0,
      "ConnectedWireIndex":-1,
      "ConnectedWireSegmentIndex":-1,
      "Points":[{"x":0.0,"y":0.0},{"x":0.0,"y":0.0}]
    },
    {
      "SourcePinAddress":{
        "PinID":1413409358,
        "PinOwnerID":96476197
      },
      "TargetPinAddress":{
        "PinID":2,
        "PinOwnerID":1017043876
      },
      "ConnectionType":0,
      "ConnectedWireIndex":-1,
      "ConnectedWireSegmentIndex":-1,
      "Points":[{"x":0.0,"y":0.0},{"x":0.0,"y":0.0}]
    },
    {
      "SourcePinAddress":{
        "PinID":1615174155,
        "PinOwnerID":96476197
      },
      "TargetPinAddress":{
        "PinID":1,
        "PinOwnerID":1017043876
      },
      "ConnectionType":0,
      "ConnectedWireIndex":-1,
      "ConnectedWireSegmentIndex":-1,
      "Points":[{"x":0.0,"y":0.0},{"x":0.0,"y":0.0}]
    },
    {
      "SourcePinAddress":{
        "PinID":1724408306,
        "PinOwnerID":96476197
      },
      "TargetPinAddress":{
        "PinID":0,
        "PinOwnerID":1017043876
      },
      "ConnectionType":0,
      "ConnectedWireIndex":-1,
      "ConnectedWireSegmentIndex":-1,
      "Points":[{"x":0.0,"y":0.0},{"x":0.0,"y":0.0}]
    },
    {
      "SourcePinAddress":{
        "PinID":989809859,
        "PinOwnerID":96476197
      },
      "TargetPinAddress":{
        "PinID":3,
        "PinOwnerID":1645072186
      },
      "ConnectionType":0,
      "ConnectedWireIndex":-1,
      "ConnectedWireSegmentIndex":-1,
      "Points":[{"x":0.0,"y":0.0},{"x":7.875,"y":-5.375},{"x":7.875,"y":-5.25},{"x":0.0,"y":0.0}]
    },
    {
      "SourcePinAddress":{
        "PinID":989809859,
        "PinOwnerID":1609655636
      },
      "TargetPinAddress":{
        "PinID":3,
        "PinOwnerID":1550077341
      },
      "ConnectionType":0,
      "ConnectedWireIndex":-1,
      "ConnectedWireSegmentIndex":-1,
      "Points":[{"x":0.0,"y":0.0},{"x":7.875,"y":-4.25},{"x":7.875,"y":-4.125},{"x":0.0,"y":0.0}]
    },
    {
      "SourcePinAddress":{
        "PinID":989809859,
        "PinOwnerID":1150307093
      },
      "TargetPinAddress":{
        "PinID":2,
        "PinOwnerID":1550077341
      },
      "ConnectionType":0,
      "ConnectedWireIndex":-1,
      "ConnectedWireSegmentIndex":-1,
      "Points":[{"x":0.0,"y":0.0},{"x":4.875,"y":-4.0},{"x":4.875,"y":-3.875},{"x":0.0,"y":0.0}]
    },
    {
      "SourcePinAddress":{
        "PinID":4,
        "PinOwnerID":1550077341
      },
      "TargetPinAddress":{
        "PinID":0,
        "PinOwnerID":554335719
      },
      "ConnectionType":0,
      "ConnectedWireIndex":-1,
      "ConnectedWireSegmentIndex":-1,
      "Points":[{"x":0.0,"y":0.0},{"x":0.0,"y":0.0}]
    },
    {
      "SourcePinAddress":{
        "PinID":4,
        "PinOwnerID":1645072186
      },
      "TargetPinAddress":{
        "PinID":0,
        "PinOwnerID":1726218629
      },
      "ConnectionType":0,
      "ConnectedWireIndex":-1,
      "ConnectedWireSegmentIndex":-1,
      "Points":[{"x":0.0,"y":0.0},{"x":0.0,"y":0.0}]
    },
    {
      "SourcePinAddress":{
        "PinID":4,
        "PinOwnerID":1017043876
      },
      "TargetPinAddress":{
        "PinID":0,
        "PinOwnerID":193018815
      },
      "ConnectionType":0,
      "ConnectedWireIndex":-1,
      "ConnectedWireSegmentIndex":-1,
      "Points":[{"x":0.0,"y":0.0},{"x":0.0,"y":0.0}]
    }
  ]
}