{
  "ChipType": 0,
  "Colour": {
    "r": 0.194052085,
    "g": 0.2875778,
    "b": 0.318029642,
    "a": 1
  },
  "Displays": null,
  "InputPins":[
    {
      "Name":"B",
      "ID":1176033900,
      "Position":{
        "x":-12.875,
        "y":-5.5
      },
      "BitCount":8,
      "Colour":0,
      "ValueDisplayMode":0
    },
    {
      "Name":"A",
      "ID":1370846490,
      "Position":{
        "x":-12.875,
        "y":-7.5
      },
      "BitCount":8,
      "Colour":0,
      "ValueDisplayMode":0
    }
  ],
  "Name": "DOUBLE DABBLE 16BIT",
  "NameLocation": 0,
  "OutputPins":[
    {
      "Name":"10^4",
      "ID":1594286213,
      "Position":{
        "x":35.0,
        "y":-3.5
      },
      "BitCount":4,
      "Colour":0,
      "ValueDisplayMode":1
    },
    {
      "Name":"10^3",
      "ID":822747861,
      "Position":{
        "x":35.0,
        "y":-4.625
      },
      "BitCount":4,
      "Colour":0,
      "ValueDisplayMode":1
    },
    {
      "Name":"10^2",
      "ID":160511374,
      "Position":{
        "x":35.0,
        "y":-5.75
      },
      "BitCount":4,
      "Colour":0,
      "ValueDisplayMode":1
    },
    {
      "Name":"10^1",
      "ID":1261218640,
      "Position":{
        "x":35.0,
        "y":-6.875
      },
      "BitCount":4,
      "Colour":0,
      "ValueDisplayMode":1
    },
    {
      "Name":"10^0",
      "ID":384370996,
      "Position":{
        "x":35.0,
        "y":-8.0
      },
      "BitCount":4,
      "Colour":0,
      "ValueDisplayMode":1
    }
  ],
  "Size": {
    "x": 1.925,
    "y": 1.875
  },
  "SubChips":[
    {
      "Name":"DABBLE",
      "ID":1313104237,
      "Label":"",
      "Position":{
        "x":-4.6025,
        "y":-4.75
      },
      "OutputPinColourInfo":[{"PinColour":0,"PinID":989809859},{"PinColour":0,"PinID":1724408306},{"PinColour":0,"PinID":1615174155},{"PinColour":0,"PinID":1413409358}],
      "InternalData":null
    },
    {
      "Name":"8-1BIT",
      "ID":956257518,
      "Label":"",
      "Position":{
        "x":-8.9275,
        "y":-5.5
      },
      "OutputPinColourInfo":[{"PinColour":0,"PinID":1},{"PinColour":0,"PinID":2},{"PinColour":0,"PinID":3},{"PinColour":0,"PinID":4},{"PinColour":0,"PinID":5},{"PinColour":0,"PinID":6},{"PinColour":0,"PinID":7},{"PinColour":0,"PinID":8}],
      "InternalData":null
    },
    {
      "Name":"1-4BIT",
      "ID":1429535724,
      "Label":"",
      "Position":{
        "x":-6.0525,
        "y":-4.75
      },
      "OutputPinColourInfo":[{"PinColour":0,"PinID":4}],
      "InternalData":null
    },
    {
      "Name":"1-4BIT",
      "ID":262472173,
      "Label":"",
      "Position":{
        "x":-3.1775,
        "y":-5.0
      },
      "OutputPinColourInfo":[{"PinColour":0,"PinID":4}],
      "InternalData":null
    },
    {
      "Name":"DABBLE",
      "ID":1629168392,
      "Label":"",
      "Position":{
        "x":-1.7275,
        "y":-5.0
      },
      "OutputPinColourInfo":[{"PinColour":0,"PinID":989809859},{"PinColour":0,"PinID":1724408306},{"PinColour":0,"PinID":1615174155},{"PinColour":0,"PinID":1413409358}],
      "InternalData":null
    },
    {
      "Name":"1-4BIT",
      "ID":2146047741,
      "Label":"",
      "Position":{
        "x":-0.3025,
        "y":-5.25
      },
      "OutputPinColourInfo":[{"PinColour":0,"PinID":4}],
      "InternalData":null
    },
    {
      "Name":"DABBLE",
      "ID":2097240737,
      "Label":"",
      "Position":{
        "x":1.1475,
        "y":-5.25
      },
      "OutputPinColourInfo":[{"PinColour":0,"PinID":989809859},{"PinColour":0,"PinID":1724408306},{"PinColour":0,"PinID":1615174155},{"PinColour":0,"PinID":1413409358}],
      "InternalData":null
    },
    {
      "Name":"1-4BIT",
      "ID":1936531617,
      "Label":"",
      "Position":{
        "x":2.6975,
        "y":-5.5
      },
      "OutputPinColourInfo":[{"PinColour":0,"PinID":4}],
      "InternalData":null
    },
    {
      "Name":"DABBLE",
      "ID":230138655,
      "Label":"",
      "Position":{
        "x":4.1475,
        "y":-5.5
      },
      "OutputPinColourInfo":[{"PinColour":0,"PinID":989809859},{"PinColour":0,"PinID":1724408306},{"PinColour":0,"PinID":1615174155},{"PinColour":0,"PinID":1413409358}],
      "InternalData":null
    },
    {
      "Name":"1-4BIT",
      "ID":2041280893,
      "Label":"",
      "Position":{
        "x":5.6975,
        "y":-5.75
      },
      "OutputPinColourInfo":[{"PinColour":0,"PinID":4}],
      "InternalData":null
    },
    {
      "Name":"DABBLE",
      "ID":96476197,
      "Label":"",
      "Position":{
        "x":7.1475,
        "y":-5.75
      },
      "OutputPinColourInfo":[{"PinColour":0,"PinID":989809859},{"PinColour":0,"PinID":1724408306},{"PinColour":0,"PinID":1615174155},{"PinColour":0,"PinID":1413409358}],
      "InternalData":null
    },
    {
      "Name":"1-4BIT",
      "ID":491874794,
      "Label":"",
      "Position":{
        "x":2.6975,
        "y":-4.375
      },
      "OutputPinColourInfo":[{"PinColour":0,"PinID":4}],
      "InternalData":null
    },
    {
      "Name":"DABBLE",
      "ID":1150307093,
      "Label":"",
      "Position":{
        "x":4.1475,
        "y":-4.375
      },
      "OutputPinColourInfo":[{"PinColour":0,"PinID":989809859},{"PinColour":0,"PinID":1724408306},{"PinColour":0,"PinID":1615174155},{"PinColour":0,"PinID":1413409358}],
      "InternalData":null
    },
    {
      "Name":"1-4BIT",
      "ID":861856666,
      "Label":"",
      "Position":{
        "x":5.6975,
        "y":-4.625
      },
      "OutputPinColourInfo":[{"PinColour":0,"PinID":4}],
      "InternalData":null
    },
    {
      "Name":"DABBLE",
      "ID":1609655636,
      "Label":"",
      "Position":{
        "x":7.1475,
        "y":-4.625
      },
      "OutputPinColourInfo":[{"PinColour":0,"PinID":989809859},{"PinColour":0,"PinID":1724408306},{"PinColour":0,"PinID":1615174155},{"PinColour":0,"PinID":1413409358}],
      "InternalData":null
    },
    {
      "Name":"8-1BIT",
      "ID":199957660,
      "Label":"",
      "Position":{
        "x":-10.4275,
        "y":-7.5
      },
      "OutputPinColourInfo":[{"PinColour":0,"PinID":1},{"PinColour":0,"PinID":2},{"PinColour":0,"PinID":3},{"PinColour":0,"PinID":4},{"PinColour":0,"PinID":5},{"PinColour":0,"PinID":6},{"PinColour":0,"PinID":7},{"PinColour":0,"PinID":8}],
      "InternalData":null
    },
    {
      "Name":"1-4BIT",
      "ID":547475362,
      "Label":"",
      "Position":{
        "x":8.6975,
        "y":-4.875
      },
      "OutputPinColourInfo":[{"PinColour":0,"PinID":4}],
      "InternalData":null
    },
    {
      "Name":"1-4BIT",
      "ID":116484996,
      "Label":"",
      "Position":{
        "x":8.6975,
        "y":-6.0
      },
      "OutputPinColourInfo":[{"PinColour":0,"PinID":4}],
      "InternalData":null
    },
    {
      "Name":"DABBLE",
      "ID":1638836009,
      "Label":"",
      "Position":{
        "x":10.1475,
        "y":-4.875
      },
      "OutputPinColourInfo":[{"PinColour":0,"PinID":989809859},{"PinColour":0,"PinID":1724408306},{"PinColour":0,"PinID":1615174155},{"PinColour":0,"PinID":1413409358}],
      "InternalData":null
    },
    {
      "Name":"DABBLE",
      "ID":1686909039,
      "Label":"",
      "Position":{
        "x":10.1475,
        "y":-6.0
      },
      "OutputPinColourInfo":[{"PinColour":0,"PinID":989809859},{"PinColour":0,"PinID":1724408306},{"PinColour":0,"PinID":1615174155},{"PinColour":0,"PinID":1413409358}],
      "InternalData":null
    },
    {
      "Name":"1-4BIT",
      "ID":893362046,
      "Label":"",
      "Position":{
        "x":11.6975,
        "y":-5.125
      },
      "OutputPinColourInfo":[{"PinColour":0,"PinID":4}],
      "InternalData":null
    },
    {
      "Name":"1-4BIT",
      "ID":579704112,
      "Label":"",
      "Position":{
        "x":11.6975,
        "y":-6.25
      },
      "OutputPinColourInfo":[{"PinColour":0,"PinID":4}],
      "InternalData":null
    },
    {
      "Name":"DABBLE",
      "ID":1070203760,
      "Label":"",
      "Position":{
        "x":13.1475,
        "y":-5.125
      },
      "OutputPinColourInfo":[{"PinColour":0,"PinID":989809859},{"PinColour":0,"PinID":1724408306},{"PinColour":0,"PinID":1615174155},{"PinColour":0,"PinID":1413409358}],
      "InternalData":null
    },
    {
      "Name":"DABBLE",
      "ID":29626585,
      "Label":"",
      "Position":{
        "x":13.1475,
        "y":-6.25
      },
      "OutputPinColourInfo":[{"PinColour":0,"PinID":989809859},{"PinColour":0,"PinID":1724408306},{"PinColour":0,"PinID":1615174155},{"PinColour":0,"PinID":1413409358}],
      "InternalData":null
    },
    {
      "Name":"1-4BIT",
      "ID":2127069122,
      "Label":"",
      "Position":{
        "x":11.6975,
        "y":-4.0
      },
      "OutputPinColourInfo":[{"PinColour":0,"PinID":4}],
      "InternalData":null
    },
    {
      "Name":"DABBLE",
      "ID":1742999953,
      "Label":"",
      "Position":{
        "x":13.1475,
        "y":-4.0
      },
      "OutputPinColourInfo":[{"PinColour":0,"PinID":989809859},{"PinColour":0,"PinID":1724408306},{"PinColour":0,"PinID":1615174155},{"PinColour":0,"PinID":1413409358}],
      "InternalData":null
    },
    {
      "Name":"1-4BIT",
      "ID":227763683,
      "Label":"",
      "Position":{
        "x":14.6975,
        "y":-4.25
      },
      "OutputPinColourInfo":[{"PinColour":0,"PinID":4}],
      "InternalData":null
    },
    {
      "Name":"1-4BIT",
      "ID":1666248484,
      "Label":"",
      "Position":{
        "x":14.6975,
        "y":-5.375
      },
      "OutputPinColourInfo":[{"PinColour":0,"PinID":4}],
      "InternalData":null
    },
    {
      "Name":"1-4BIT",
      "ID":48931165,
      "Label":"",
      "Position":{
        "x":14.6975,
        "y":-6.5
      },
      "OutputPinColourInfo":[{"PinColour":0,"PinID":4}],
      "InternalData":null
    },
    {
      "Name":"DABBLE",
      "ID":243827025,
      "Label":"",
      "Position":{
        "x":16.1475,
        "y":-4.25
      },
      "OutputPinColourInfo":[{"PinColour":0,"PinID":989809859},{"PinColour":0,"PinID":1724408306},{"PinColour":0,"PinID":1615174155},{"PinColour":0,"PinID":1413409358}],
      "InternalData":null
    },
    {
      "Name":"DABBLE",
      "ID":853665564,
      "Label":"",
      "Position":{
        "x":16.1475,
        "y":-5.375
      },
      "OutputPinColourInfo":[{"PinColour":0,"PinID":989809859},{"PinColour":0,"PinID":1724408306},{"PinColour":0,"PinID":1615174155},{"PinColour":0,"PinID":1413409358}],
      "InternalData":null
    },
    {
      "Name":"DABBLE",
      "ID":1239633998,
      "Label":"",
      "Position":{
        "x":16.1475,
        "y":-6.5
      },
      "OutputPinColourInfo":[{"PinColour":0,"PinID":989809859},{"PinColour":0,"PinID":1724408306},{"PinColour":0,"PinID":1615174155},{"PinColour":0,"PinID":1413409358}],
      "InternalData":null
    },
    {
      "Name":"1-4BIT",
      "ID":2000226794,
      "Label":"",
      "Position":{
        "x":17.6975,
        "y":-4.5
      },
      "OutputPinColourInfo":[{"PinColour":0,"PinID":4}],
      "InternalData":null
    },
    {
      "Name":"1-4BIT",
      "ID":2080590117,
      "Label":"",
      "Position":{
        "x":17.6975,
        "y":-5.625
      },
      "OutputPinColourInfo":[{"PinColour":0,"PinID":4}],
      "InternalData":null
    },
    {
      "Name":"1-4BIT",
      "ID":1141977451,
      "Label":"",
      "Position":{
        "x":17.6975,
        "y":-6.75
      },
      "OutputPinColourInfo":[{"PinColour":0,"PinID":4}],
      "InternalData":null
    },
    {
      "Name":"DABBLE",
      "ID":1344827199,
      "Label":"",
      "Position":{
        "x":19.1475,
        "y":-4.5
      },
      "OutputPinColourInfo":[{"PinColour":0,"PinID":989809859},{"PinColour":0,"PinID":1724408306},{"PinColour":0,"PinID":1615174155},{"PinColour":0,"PinID":1413409358}],
      "InternalData":null
    },
    {
      "Name":"DABBLE",
      "ID":1959167779,
      "Label":"",
      "Position":{
        "x":19.1475,
        "y":-5.625
      },
      "OutputPinColourInfo":[{"PinColour":0,"PinID":989809859},{"PinColour":0,"PinID":1724408306},{"PinColour":0,"PinID":1615174155},{"PinColour":0,"PinID":1413409358}],
      "InternalData":null
    },
    {
      "Name":"DABBLE",
      "ID":2051250985,
      "Label":"",
      "Position":{
        "x":19.1475,
        "y":-6.75
      },
      "OutputPinColourInfo":[{"PinColour":0,"PinID":989809859},{"PinColour":0,"PinID":1724408306},{"PinColour":0,"PinID":1615174155},{"PinColour":0,"PinID":1413409358}],
      "InternalData":null
    },
    {
      "Name":"1-4BIT",
      "ID":373615201,
      "Label":"",
      "Position":{
        "x":20.6975,
        "y":-3.625
      },
      "OutputPinColourInfo":[{"PinColour":0,"PinID":4}],
      "InternalData":null
    },
    {
      "Name":"1-4BIT",
      "ID":1608613453,
      "Label":"",
      "Position":{
        "x":20.6975,
        "y":-4.75
      },
      "OutputPinColourInfo":[{"PinColour":0,"PinID":4}],
      "InternalData":null
    },
    {
      "Name":"1-4BIT",
      "ID":1201604616,
      "Label":"",
      "Position":{
        "x":20.6975,
        "y":-5.875
      },
      "OutputPinColourInfo":[{"PinColour":0,"PinID":4}],
      "InternalData":null
    },
    {
      "Name":"1-4BIT",
      "ID":1603166963,
      "Label":"",
      "Position":{
        "x":20.6975,
        "y":-7.0
      },
      "OutputPinColourInfo":[{"PinColour":0,"PinID":4}],
      "InternalData":null
    },
    {
      "Name":"DABBLE",
      "ID":477392541,
      "Label":"",
      "Position":{
        "x":22.1475,
        "y":-3.625
      },
      "OutputPinColourInfo":[{"PinColour":0,"PinID":989809859},{"PinColour":0,"PinID":1724408306},{"PinColour":0,"PinID":1615174155},{"PinColour":0,"PinID":1413409358}],
      "InternalData":null
    },
    {
      "Name":"DABBLE",
      "ID":1947833482,
      "Label":"",
      "Position":{
        "x":22.1475,
        "y":-4.75
      },
      "OutputPinColourInfo":[{"PinColour":0,"PinID":989809859},{"PinColour":0,"PinID":1724408306},{"PinColour":0,"PinID":1615174155},{"PinColour":0,"PinID":1413409358}],
      "InternalData":null
    },
    {
      "Name":"DABBLE",
      "ID":1759648195,
      "Label":"",
      "Position":{
        "x":22.1475,
        "y":-5.875
      },
      "OutputPinColourInfo":[{"PinColour":0,"PinID":989809859},{"PinColour":0,"PinID":1724408306},{"PinColour":0,"PinID":1615174155},{"PinColour":0,"PinID":1413409358}],
      "InternalData":null
    },
    {
      "Name":"DABBLE",
      "ID":206980785,
      "Label":"",
      "Position":{
        "x":22.1475,
        "y":-7.0
      },
      "OutputPinColourInfo":[{"PinColour":0,"PinID":989809859},{"PinColour":0,"PinID":1724408306},{"PinColour":0,"PinID":1615174155},{"PinColour":0,"PinID":1413409358}],
      "InternalData":null
    },
    {
      "Name":"1-4BIT",
      "ID":88962009,
      "Label":"",
      "Position":{
        "x":23.6975,
        "y":-3.875
      },
      "OutputPinColourInfo":[{"PinColour":0,"PinID":4}],
      "InternalData":null
    },
    {
      "Name":"1-4BIT",
      "ID":878824114,
      "Label":"",
      "Position":{
        "x":23.6975,
        "y":-5.0
      },
      "OutputPinColourInfo":[{"PinColour":0,"PinID":4}],
      "InternalData":null
    },
    {
      "Name":"1-4BIT",
      "ID":784033632,
      "Label":"",
      "Position":{
        "x":23.6975,
        "y":-6.125
      },
      "OutputPinColourInfo":[{"PinColour":0,"PinID":4}],
      "InternalData":null
    },
    {
      "Name":"1-4BIT",
      "ID":1113973201,
      "Label":"",
      "Position":{
        "x":23.6975,
        "y":-7.25
      },
      "OutputPinColourInfo":[{"PinColour":0,"PinID":4}],
      "InternalData":null
    },
    {
      "Name":"DABBLE",
      "ID":431323815,
      "Label":"",
      "Position":{
        "x":25.1475,
        "y":-3.875
      },
      "OutputPinColourInfo":[{"PinColour":0,"PinID":989809859},{"PinColour":0,"PinID":1724408306},{"PinColour":0,"PinID":1615174155},{"PinColour":0,"PinID":1413409358}],
      "InternalData":null
    },
    {
      "Name":"DABBLE",
      "ID":1338268727,
      "Label":"",
      "Position":{
        "x":25.1475,
        "y":-5.0
      },
      "OutputPinColourInfo":[{"PinColour":0,"PinID":989809859},{"PinColour":0,"PinID":1724408306},{"PinColour":0,"PinID":1615174155},{"PinColour":0,"PinID":1413409358}],
      "InternalData":null
    },
    {
      "Name":"DABBLE",
      "ID":385813166,
      "Label":"",
      "Position":{
        "x":25.1475,
        "y":-6.125
      },
      "OutputPinColourInfo":[{"PinColour":0,"PinID":989809859},{"PinColour":0,"PinID":1724408306},{"PinColour":0,"PinID":1615174155},{"PinColour":0,"PinID":1413409358}],
      "InternalData":null
    },
    {
      "Name":"DABBLE",
      "ID":91493432,
      "Label":"",
      "Position":{
        "x":25.1475,
        "y":-7.25
      },
      "OutputPinColourInfo":[{"PinColour":0,"PinID":989809859},{"PinColour":0,"PinID":1724408306},{"PinColour":0,"PinID":1615174155},{"PinColour":0,"PinID":1413409358}],
      "InternalData":null
    },
    {
      "Name":"1-4BIT",
      "ID":813479395,
      "Label":"",
      "Position":{
        "x":26.6975,
        "y":-4.125
      },
      "OutputPinColourInfo":[{"PinColour":0,"PinID":4}],
      "InternalData":null
    },
    {
      "Name":"1-4BIT",
      "ID":683581913,
      "Label":"",
      "Position":{
        "x":26.6975,
        "y":-5.25
      },
      "OutputPinColourInfo":[{"PinColour":0,"PinID":4}],
      "InternalData":null
    },
    {
      "Name":"1-4BIT",
      "ID":1626611593,
      "Label":"",
      "Position":{
        "x":26.6975,
        "y":-6.375
      },
      "OutputPinColourInfo":[{"PinColour":0,"PinID":4}],
      "InternalData":null
    },
    {
      "Name":"1-4BIT",
      "ID":471976664,
      "Label":"",
      "Position":{
        "x":26.6975,
        "y":-7.5
      },
      "OutputPinColourInfo":[{"PinColour":0,"PinID":4}],
      "InternalData":null
    },
    {
      "Name":"DABBLE",
      "ID":1825253918,
      "Label":"",
      "Position":{
        "x":28.1475,
        "y":-4.125
      },
      "OutputPinColourInfo":[{"PinColour":0,"PinID":989809859},{"PinColour":0,"PinID":1724408306},{"PinColour":0,"PinID":1615174155},{"PinColour":0,"PinID":1413409358}],
      "InternalData":null
    },
    {
      "Name":"DABBLE",
      "ID":1708134616,
      "Label":"",
      "Position":{
        "x":28.1475,
        "y":-5.25
      },
      "OutputPinColourInfo":[{"PinColour":0,"PinID":989809859},{"PinColour":0,"PinID":1724408306},{"PinColour":0,"PinID":1615174155},{"PinColour":0,"PinID":1413409358}],
      "InternalData":null
    },
    {
      "Name":"DABBLE",
      "ID":843197896,
      "Label":"",
      "Position":{
        "x":28.1475,
        "y":-6.375
      },
      "OutputPinColourInfo":[{"PinColour":0,"PinID":989809859},{"PinColour":0,"PinID":1724408306},{"PinColour":0,"PinID":1615174155},{"PinColour":0,"PinID":1413409358}],
      "InternalData":null
    },
    {
      "Name":"DABBLE",
      "ID":898514210,
      "Label":"",
      "Position":{
        "x":28.1475,
        "y":-7.5
      },
      "OutputPinColourInfo":[{"PinColour":0,"PinID":989809859},{"PinColour":0,"PinID":1724408306},{"PinColour":0,"PinID":1615174155},{"PinColour":0,"PinID":1413409358}],
      "InternalData":null
    },
    {
      "Name":"1-4BIT",
      "ID":437740888,
      "Label":"",
      "Position":{
        "x":29.6975,
        "y":-4.375
      },
      "OutputPinColourInfo":[{"PinColour":0,"PinID":4}],
      "InternalData":null
    },
    {
      "Name":"1-4BIT",
      "ID":1145024767,
      "Label":"",
      "Position":{
        "x":29.6975,
        "y":-5.5
      },
      "OutputPinColourInfo":[{"PinColour":0,"PinID":4}],
      "InternalData":null
    },
    {
      "Name":"1-4BIT",
      "ID":30585959,
      "Label":"",
      "Position":{
        "x":29.6975,
        "y":-6.625
      },
      "OutputPinColourInfo":[{"PinColour":0,"PinID":4}],
      "InternalData":null
    },
    {
      "Name":"1-4BIT",
      "ID":918298376,
      "Label":"",
      "Position":{
        "x":29.6975,
        "y":-7.75
      },
      "OutputPinColourInfo":[{"PinColour":0,"PinID":4}],
      "InternalData":null
    },
    {
      "Name":"1-4BIT",
      "ID":1722204658,
      "Label":"",
      "Position":{
        "x":29.6975,
        "y":-3.25
      },
      "OutputPinColourInfo":[{"PinColour":0,"PinID":4}],
      "InternalData":null
    },
    {
      "Name":"DABBLE",
      "ID":1769761377,
      "Label":"",
      "Position":{
        "x":31.1475,
        "y":-3.25
      },
      "OutputPinColourInfo":[{"PinColour":0,"PinID":989809859},{"PinColour":0,"PinID":1724408306},{"PinColour":0,"PinID":1615174155},{"PinColour":0,"PinID":1413409358}],
      "InternalData":null
    },
    {
      "Name":"DABBLE",
      "ID":1065892245,
      "Label":"",
      "Position":{
        "x":31.1475,
        "y":-4.375
      },
      "OutputPinColourInfo":[{"PinColour":0,"PinID":989809859},{"PinColour":0,"PinID":1724408306},{"PinColour":0,"PinID":1615174155},{"PinColour":0,"PinID":1413409358}],
      "InternalData":null
    },
    {
      "Name":"DABBLE",
      "ID":860439585,
      "Label":"",
      "Position":{
        "x":31.1475,
        "y":-5.5
      },
      "OutputPinColourInfo":[{"PinColour":0,"PinID":989809859},{"PinColour":0,"PinID":1724408306},{"PinColour":0,"PinID":1615174155},{"PinColour":0,"PinID":1413409358}],
      "InternalData":null
    },
    {
      "Name":"DABBLE",
      "ID":1815723696,
      "Label":"",
      "Position":{
        "x":31.1475,
        "y":-6.625
      },
      "OutputPinColourInfo":[{"PinColour":0,"PinID":989809859},{"PinColour":0,"PinID":1724408306},{"PinColour":0,"PinID":1615174155},{"PinColour":0,"PinID":1413409358}],
      "InternalData":null
    },
    {
      "Name":"DABBLE",
      "ID":1035217960,
      "Label":"",
      "Position":{
        "x":31.1475,
        "y":-7.75
      },
      "OutputPinColourInfo":[{"PinColour":0,"PinID":989809859},{"PinColour":0,"PinID":1724408306},{"PinColour":0,"PinID":1615174155},{"PinColour":0,"PinID":1413409358}],
      "InternalData":null
    },
    {
      "Name":"1-4BIT",
      "ID":1101394126,
      "Label":"",
      "Position":{
        "x":32.6975,
        "y":-3.5
      },
      "OutputPinColourInfo":[{"PinColour":0,"PinID":4}],
      "InternalData":null
    },
    {
      "Name":"1-4BIT",
      "ID":1771688487,
      "Label":"",
      "Position":{
        "x":32.6975,
        "y":-4.625
      },
      "OutputPinColourInfo":[{"PinColour":0,"PinID":4}],
      "InternalData":null
    },
    {
      "Name":"1-4BIT",
      "ID":607489158,
      "Label":"",
      "Position":{
        "x":32.6975,
        "y":-5.75
      },
      "OutputPinColourInfo":[{"PinColour":0,"PinID":4}],
      "InternalData":null
    },
    {
      "Name":"1-4BIT",
      "ID":686217426,
      "Label":"",
      "Position":{
        "x":32.6975,
        "y":-6.875
      },
      "OutputPinColourInfo":[{"PinColour":0,"PinID":4}],
      "InternalData":null
    },
    {
      "Name":"1-4BIT",
      "ID":1734223197,
      "Label":"",
      "Position":{
        "x":32.6975,
        "y":-8.0
      },
      "OutputPinColourInfo":[{"PinColour":0,"PinID":4}],
      "InternalData":null
    }
  ],
  "Wires":[
    {
      "SourcePinAddress":{
        "PinID":0,
        "PinOwnerID":1176033900
      },
      "TargetPinAddress":{
        "PinID":0,
        "PinOwnerID":956257518
      },
      "ConnectionType":0,
      "ConnectedWireIndex":-1,
      "ConnectedWireSegmentIndex":-1,
      "Points":[{"x":0.0,"y":0.0},{"x":0.0,"y":0.0}]
    },
    {
      "SourcePinAddress":{
        "PinID":2,
        "PinOwnerID":956257518
      },
      "TargetPinAddress":{
        "PinID":2,
        "PinOwnerID":1429535724
      },
      "ConnectionType":0,
      "ConnectedWireIndex":-1,
      "ConnectedWireSegmentIndex":-1,
      "Points":[{"x":0.0,"y":0.0},{"x":0.0,"y":0.0}]
    },
    {
      "SourcePinAddress":{
        "PinID":1,
        "PinOwnerID":956257518
      },
      "TargetPinAddress":{
        "PinID":1,
        "PinOwnerID":1429535724
      },
      "ConnectionType":0,
      "ConnectedWireIndex":-1,
      "ConnectedWireSegmentIndex":-1,
      "Points":[{"x":0.0,"y":0.0},{"x":0.0,"y":0.0}]
    },
    {
      "SourcePinAddress":{
        "PinID":4,
        "PinOwnerID":1429535724
      },
      "TargetPinAddress":{
        "PinID":1019356571,
        "PinOwnerID":1313104237
      },
      "ConnectionType":0,
      "ConnectedWireIndex":-1,
      "ConnectedWireSegmentIndex":-1,
      "Points":[{"x":0.0,"y":0.0},{"x":0.0,"y":0.0}]
    },
    {
      "SourcePinAddress":{
        "PinID":3,
        "PinOwnerID":956257518
      },
      "TargetPinAddress":{
        "PinID":3,
        "PinOwnerID":1429535724
      },
      "ConnectionType":0,
      "ConnectedWireIndex":-1,
      "ConnectedWireSegmentIndex":-1,
      "Points":[{"x":0.0,"y":0.0},{"x":0.0,"y":0.0}]
    },
    {
      "SourcePinAddress":{
        "PinID":1724408306,
        "PinOwnerID":1313104237
      },
      "TargetPinAddress":{
        "PinID":0,
        "PinOwnerID":262472173
      },
      "ConnectionType":0,
      "ConnectedWireIndex":-1,
      "ConnectedWireSegmentIndex":-1,
      "Points":[{"x":0.0,"y":0.0},{"x":0.0,"y":0.0}]
    },
    {
      "SourcePinAddress":{
        "PinID":1615174155,
        "PinOwnerID":1313104237
      },
      "TargetPinAddress":{
        "PinID":1,
        "PinOwnerID":262472173
      },
      "ConnectionType":0,
      "ConnectedWireIndex":-1,
      "ConnectedWireSegmentIndex":-1,
      "Points":[{"x":0.0,"y":0.0},{"x":0.0,"y":0.0}]
    },
    {
      "SourcePinAddress":{
        "PinID":1413409358,
        "PinOwnerID":1313104237
      },
      "TargetPinAddress":{
        "PinID":2,
        "PinOwnerID":262472173
      },
      "ConnectionType":0,
      "ConnectedWireIndex":-1,
      "ConnectedWireSegmentIndex":-1,
      "Points":[{"x":0.0,"y":0.0},{"x":0.0,"y":0.0}]
    },
    {
      "SourcePinAddress":{
        "PinID":4,
        "PinOwnerID":956257518
      },
      "TargetPinAddress":{
        "PinID":3,
        "PinOwnerID":262472173
      },
      "ConnectionType":0,
      "ConnectedWireIndex":-1,
      "ConnectedWireSegmentIndex":-1,
      "Points":[{"x":0.0,"y":0.0},{"x":0.0,"y":0.0}]
    },
    {
      "SourcePinAddress":{
        "PinID":1724408306,
        "PinOwnerID":1629168392
      },
      "TargetPinAddress":{
        "PinID":0,
        "PinOwnerID":2146047741
      },
      "ConnectionType":0,
      "ConnectedWireIndex":-1,
      "ConnectedWireSegmentIndex":-1,
      "Points":[{"x":0.0,"y":0.0},{"x":0.0,"y":0.0}]
    },
    {
      "SourcePinAddress":{
        "PinID":1615174155,
        "PinOwnerID":1629168392
      },
      "TargetPinAddress":{
        "PinID":1,
        "PinOwnerID":2146047741
      },
      "ConnectionType":0,
      "ConnectedWireIndex":-1,
      "ConnectedWireSegmentIndex":-1,
      "Points":[{"x":0.0,"y":0.0},{"x":0.0,"y":0.0}]
    },
    {
      "SourcePinAddress":{
        "PinID":1413409358,
        "PinOwnerID":1629168392
      },
      "TargetPinAddress":{
        "PinID":2,
        "PinOwnerID":2146047741
      },
      "ConnectionType":0,
      "ConnectedWireIndex":-1,
      "ConnectedWireSegmentIndex":-1,
      "Points":[{"x":0.0,"y":0.0},{"x":0.0,"y":0.0}]
    },
    {
      "SourcePinAddress":{
        "PinID":4,
        "PinOwnerID":262472173
      },
      "TargetPinAddress":{
        "PinID":1019356571,
        "PinOwnerID":1629168392
      },
      "ConnectionType":0,
      "ConnectedWireIndex":-1,
      "ConnectedWireSegmentIndex":-1,
      "Points":[{"x":0.0,"y":0.0},{"x":0.0,"y":0.0}]
    },
    {
      "SourcePinAddress":{
        "PinID":5,
        "PinOwnerID":956257518
      },
      "TargetPinAddress":{
        "PinID":3,
        "PinOwnerID":2146047741
      },
      "ConnectionType":0,
      "ConnectedWireIndex":-1,
      "ConnectedWireSegmentIndex":-1,
      "Points":[{"x":0.0,"y":0.0},{"x":0.0,"y":0.0}]
    },
    {
      "SourcePinAddress":{
        "PinID":4,
        "PinOwnerID":2146047741
      },
      "TargetPinAddress":{
        "PinID":1019356571,
        "PinOwnerID":2097240737
      },
      "ConnectionType":0,
      "ConnectedWireIndex":-1,
      "ConnectedWireSegmentIndex":-1,
      "Points":[{"x":0.0,"y":0.0},{"x":0.0,"y":0.0}]
    },
    {
      "SourcePinAddress":{
        "PinID":1724408306,
        "PinOwnerID":2097240737
      },
      "TargetPinAddress":{
        "PinID":0,
        "PinOwnerID":1936531617
      },
      "ConnectionType":0,
      "ConnectedWireIndex":-1,
      "ConnectedWireSegmentIndex":-1,
      "Points":[{"x":0.0,"y":0.0},{"x":0.0,"y":0.0}]
    },
    {
      "SourcePinAddress":{
        "PinID":1615174155,
        "PinOwnerID":2097240737
      },
      "TargetPinAddress":{
        "PinID":1,
        "PinOwnerID":1936531617
      },
      "ConnectionType":0,
      "ConnectedWireIndex":-1,
      "ConnectedWireSegmentIndex":-1,
      "Points":[{"x":0.0,"y":0.0},{"x":0.0,"y":0.0}]
    },
    {
      "SourcePinAddress":{
        "PinID":1413409358,
        "PinOwnerID":2097240737
      },
      "TargetPinAddress":{
        "PinID":2,
        "PinOwnerID":1936531617
      },
      "ConnectionType":0,
      "ConnectedWireIndex":-1,
      "ConnectedWireSegmentIndex":-1,
      "Points":[{"x":0.0,"y":0.0},{"x":0.0,"y":0.0}]
    },
    {
      "SourcePinAddress":{
        "PinID":6,
        "PinOwnerID":956257518
      },
      "TargetPinAddress":{
        "PinID":3,
        "PinOwnerID":1936531617
      },
      "ConnectionType":0,
      "ConnectedWireIndex":-1,
      "ConnectedWireSegmentIndex":-1,
      "Points":[{"x":0.0,"y":0.0},{"x":0.0,"y":0.0}]
    },
    {
      "SourcePinAddress":{
        "PinID":989809859,
        "PinOwnerID":2097240737
      },
      "TargetPinAddress":{
        "PinID":3,
        "PinOwnerID":491874794
      },
      "ConnectionType":0,
      "ConnectedWireIndex":-1,
      "ConnectedWireSegmentIndex":-1,
      "Points":[{"x":0.0,"y":0.0},{"x":1.875,"y":-4.875},{"x":1.875,"y":-4.75},{"x":0.0,"y":0.0}]
    },
    {
      "SourcePinAddress":{
        "PinID":989809859,
        "PinOwnerID":1629168392
      },
      "TargetPinAddress":{
        "PinID":2,
        "PinOwnerID":491874794
      },
      "ConnectionType":0,
      "ConnectedWireIndex":-1,
      "ConnectedWireSegmentIndex":-1,
      "Points":[{"x":0.0,"y":0.0},{"x":-1.0,"y":-4.625},{"x":-1.0,"y":-4.5},{"x":0.0,"y":0.0}]
    },
    {
      "SourcePinAddress":{
        "PinID":989809859,
        "PinOwnerID":1313104237
      },
      "TargetPinAddress":{
        "PinID":1,
        "PinOwnerID":491874794
      },
      "ConnectionType":0,
      "ConnectedWireIndex":-1,
      "ConnectedWireSegmentIndex":-1,
      "Points":[{"x":0.0,"y":0.0},{"x":-3.875,"y":-4.375},{"x":-3.875,"y":-4.25},{"x":0.0,"y":0.0}]
    },
    {
      "SourcePinAddress":{
        "PinID":4,
        "PinOwnerID":491874794
      },
      "TargetPinAddress":{
        "PinID":1019356571,
        "PinOwnerID":1150307093
      },
      "ConnectionType":0,
      "ConnectedWireIndex":-1,
      "ConnectedWireSegmentIndex":-1,
      "Points":[{"x":0.0,"y":0.0},{"x":0.0,"y":0.0}]
    },
    {
      "SourcePinAddress":{
        "PinID":4,
        "PinOwnerID":1936531617
      },
      "TargetPinAddress":{
        "PinID":1019356571,
        "PinOwnerID":230138655
      },
      "ConnectionType":0,
      "ConnectedWireIndex":-1,
      "ConnectedWireSegmentIndex":-1,
      "Points":[{"x":0.0,"y":0.0},{"x":0.0,"y":0.0}]
    },
    {
      "SourcePinAddress":{
        "PinID":989809859,
        "PinOwnerID":230138655
      },
      "TargetPinAddress":{
        "PinID":3,
        "PinOwnerID":861856666
      },
      "ConnectionType":0,
      "ConnectedWireIndex":-1,
      "ConnectedWireSegmentIndex":-1,
      "Points":[{"x":0.0,"y":0.0},{"x":4.875,"y":-5.125},{"x":4.875,"y":-5.0},{"x":0.0,"y":0.0}]
    },
    {
      "SourcePinAddress":{
        "PinID":1413409358,
        "PinOwnerID":1150307093
      },
      "TargetPinAddress":{
        "PinID":2,
        "PinOwnerID":861856666
      },
      "ConnectionType":0,
      "ConnectedWireIndex":-1,
      "ConnectedWireSegmentIndex":-1,
      "Points":[{"x":0.0,"y":0.0},{"x":0.0,"y":0.0}]
    },
    {
      "SourcePinAddress":{
        "PinID":1615174155,
        "PinOwnerID":1150307093
      },
      "TargetPinAddress":{
        "PinID":1,
        "PinOwnerID":861856666
      },
      "ConnectionType":0,
      "ConnectedWireIndex":-1,
      "ConnectedWireSegmentIndex":-1,
      "Points":[{"x":0.0,"y":0.0},{"x":0.0,"y":0.0}]
    },
    {
      "SourcePinAddress":{
        "PinID":1724408306,
        "PinOwnerID":1150307093
      },
      "TargetPinAddress":{
        "PinID":0,
        "PinOwnerID":861856666
      },
      "ConnectionType":0,
      "ConnectedWireIndex":-1,
      "ConnectedWireSegmentIndex":-1,
      "Points":[{"x":0.0,"y":0.0},{"x":0.0,"y":0.0}]
    },
    {
      "SourcePinAddress":{
        "PinID":1724408306,
        "PinOwnerID":230138655
      },
      "TargetPinAddress":{
        "PinID":0,
        "PinOwnerID":2041280893
      },
      "ConnectionType":0,
      "ConnectedWireIndex":-1,
      "ConnectedWireSegmentIndex":-1,
      "Points":[{"x":0.0,"y":0.0},{"x":0.0,"y":0.0}]
    },
    {
      "SourcePinAddress":{
        "PinID":1615174155,
        "PinOwnerID":230138655
      },
      "TargetPinAddress":{
        "PinID":1,
        "PinOwnerID":2041280893
      },
      "ConnectionType":0,
      "ConnectedWireIndex":-1,
      "ConnectedWireSegmentIndex":-1,
      "Points":[{"x":0.0,"y":0.0},{"x":0.0,"y":0.0}]
    },
    {
      "SourcePinAddress":{
        "PinID":1413409358,
        "PinOwnerID":230138655
      },
      "TargetPinAddress":{
        "PinID":2,
        "PinOwnerID":2041280893
      },
      "ConnectionType":0,
      "ConnectedWireIndex":-1,
      "ConnectedWireSegmentIndex":-1,
      "Points":[{"x":0.0,"y":0.0},{"x":0.0,"y":0.0}]
    },
    {
      "SourcePinAddress":{
        "PinID":7,
        "PinOwnerID":956257518
      },
      "TargetPinAddress":{
        "PinID":3,
        "PinOwnerID":2041280893
      },
      "ConnectionType":0,
      "ConnectedWireIndex":-1,
      "ConnectedWireSegmentIndex":-1,
      "Points":[{"x":0.0,"y":0.0},{"x":0.0,"y":0.0}]
    },
    {
      "SourcePinAddress":{
        "PinID":4,
        "PinOwnerID":2041280893
      },
      "TargetPinAddress":{
        "PinID":1019356571,
        "PinOwnerID":96476197
      },
      "ConnectionType":0,
      "ConnectedWireIndex":-1,
      "ConnectedWireSegmentIndex":-1,
      "Points":[{"x":0.0,"y":0.0},{"x":0.0,"y":0.0}]
    },
    {
      "SourcePinAddress":{
        "PinID":4,
        "PinOwnerID":861856666
      },
      "TargetPinAddress":{
        "PinID":1019356571,
        "PinOwnerID":1609655636
      },
      "ConnectionType":0,
      "ConnectedWireIndex":-1,
      "ConnectedWireSegmentIndex":-1,
      "Points":[{"x":0.0,"y":0.0},{"x":0.0,"y":0.0}]
    },
    {
      "SourcePinAddress":{
        "PinID":0,
        "PinOwnerID":1370846490
      },
      "TargetPinAddress":{
        "PinID":0,
        "PinOwnerID":199957660
      },
      "ConnectionType":0,
      "ConnectedWireIndex":-1,
      "ConnectedWireSegmentIndex":-1,
      "Points":[{"x":0.0,"y":0.0},{"x":0.0,"y":0.0}]
    },
    {
      "SourcePinAddress":{
        "PinID":989809859,
        "PinOwnerID":96476197
      },
      "TargetPinAddress":{
        "PinID":3,
        "PinOwnerID":547475362
      },
      "ConnectionType":0,
      "ConnectedWireIndex":-1,
      "ConnectedWireSegmentIndex":-1,
      "Points":[{"x":0.0,"y":0.0},{"x":7.875,"y":-5.375},{"x":7.875,"y":-5.25},{"x":0.0,"y":0.0}]
    },
    {
      "SourcePinAddress":{
        "PinID":1413409358,
        "PinOwnerID":1609655636
      },
      "TargetPinAddress":{
        "PinID":2,
        "PinOwnerID":547475362
      },
      "ConnectionType":0,
      "ConnectedWireIndex":-1,
      "ConnectedWireSegmentIndex":-1,
      "Points":[{"x":0.0,"y":0.0},{"x":0.0,"y":0.0}]
    },
    {
      "SourcePinAddress":{
        "PinID":1615174155,
        "PinOwnerID":1609655636
      },
      "TargetPinAddress":{
        "PinID":1,
        "PinOwnerID":547475362
      },
      "ConnectionType":0,
      "ConnectedWireIndex":-1,
      "ConnectedWireSegmentIndex":-1,
      "Points":[{"x":0.0,"y":0.0},{"x":0.0,"y":0.0}]
    },
    {
      "SourcePinAddress":{
        "PinID":1724408306,
        "PinOwnerID":1609655636
      },
      "TargetPinAddress":{
        "PinID":0,
        "PinOwnerID":547475362
      },
      "ConnectionType":0,
      "ConnectedWireIndex":-1,
      "ConnectedWireSegmentIndex":-1,
      "Points":[{"x":0.0,"y":0.0},{"x":0.0,"y":0.0}]
    },
    {
      "SourcePinAddress":{
        "PinID":1724408306,
        "PinOwnerID":96476197
      },
      "TargetPinAddress":{
        "PinID":0,
        "PinOwnerID":116484996
      },
      "ConnectionType":0,
      "ConnectedWireIndex":-1,
      "ConnectedWireSegmentIndex":-1,
      "Points":[{"x":0.0,"y":0.0},{"x":0.0,"y":0.0}]
    },
    {
      "SourcePinAddress":{
        "PinID":1615174155,
        "PinOwnerID":96476197
      },
      "TargetPinAddress":{
        "PinID":1,
        "PinOwnerID":116484996
      },
      "ConnectionType":0,
      "ConnectedWireIndex":-1,
      "ConnectedWireSegmentIndex":-1,
      "Points":[{"x":0.0,"y":0.0},{"x":0.0,"y":0.0}]
    },
    {
      "SourcePinAddress":{
        "PinID":1413409358,
        "PinOwnerID":96476197
      },
      "TargetPinAddress":{
        "PinID":2,
        "PinOwnerID":116484996
      },
      "ConnectionType":0,
      "ConnectedWireIndex":-1,
      "ConnectedWireSegmentIndex":-1,
      "Points":[{"x":0.0,"y":0.0},{"x":0.0,"y":0.0}]
    },
    {
      "SourcePinAddress":{
        "PinID":4,
        "PinOwnerID":116484996
      },
      "TargetPinAddress":{
        "PinID":1019356571,
        "PinOwnerID":1686909039
      },
      "ConnectionType":0,
      "ConnectedWireIndex":-1,
      "ConnectedWireSegmentIndex":-1,
      "Points":[{"x":0.0,"y":0.0},{"x":0.0,"y":0.0}]
    },
    {
      "SourcePinAddress":{
        "PinID":4,
        "PinOwnerID":547475362
      },
      "TargetPinAddress":{
        "PinID":1019356571,
        "PinOwnerID":1638836009
      },
      "ConnectionType":0,
      "ConnectedWireIndex":-1,
      "ConnectedWireSegmentIndex":-1,
      "Points":[{"x":0.0,"y":0.0},{"x":0.0,"y":0.0}]
    },
    {
      "SourcePinAddress":{
        "PinID":8,
        "PinOwnerID":956257518
      },
      "TargetPinAddress":{
        "PinID":3,
        "PinOwnerID":116484996
      },
      "ConnectionType":0,
      "ConnectedWireIndex":-1,
      "ConnectedWireSegmentIndex":-1,
      "Points":[{"x":0.0,"y":0.0},{"x":0.0,"y":0.0}]
    },
    {
      "SourcePinAddress":{
        "PinID":4,
        "PinOwnerID":893362046
      },
      "TargetPinAddress":{
        "PinID":1019356571,
        "PinOwnerID":1070203760
      },
      "ConnectionType":0,
      "ConnectedWireIndex":-1,
      "ConnectedWireSegmentIndex":-1,
      "Points":[{"x":0.0,"y":0.0},{"x":0.0,"y":0.0}]
    },
    {
      "SourcePinAddress":{
        "PinID":4,
        "PinOwnerID":579704112
      },
      "TargetPinAddress":{
        "PinID":1019356571,
        "PinOwnerID":29626585
      },
      "ConnectionType":0,
      "ConnectedWireIndex":-1,
      "ConnectedWireSegmentIndex":-1,
      "Points":[{"x":0.0,"y":0.0},{"x":0.0,"y":0.0}]
    },
    {
      "SourcePinAddress":{
        "PinID":1724408306,
        "PinOwnerID":1638836009
      },
      "TargetPinAddress":{
        "PinID":0,
        "PinOwnerID":893362046
      },
      "ConnectionType":0,
      "ConnectedWireIndex":-1,
      "ConnectedWireSegmentIndex":-1,
      "Points":[{"x":0.0,"y":0.0},{"x":0.0,"y":0.0}]
    },
    {
      "SourcePinAddress":{
        "PinID":1615174155,
        "PinOwnerID":1638836009
      },
      "TargetPinAddress":{
        "PinID":1,
        "PinOwnerID":893362046
      },
      "ConnectionType":0,
      "ConnectedWireIndex":-1,
      "ConnectedWireSegmentIndex":-1,
      "Points":[{"x":0.0,"y":0.0},{"x":0.0,"y":0.0}]
    },
    {
      "SourcePinAddress":{
        "PinID":1413409358,
        "PinOwnerID":1638836009
      },
      "TargetPinAddress":{
        "PinID":2,
        "PinOwnerID":893362046
      },
      "ConnectionType":0,
      "ConnectedWireIndex":-1,
      "ConnectedWireSegmentIndex":-1,
      "Points":[{"x":0.0,"y":0.0},{"x":0.0,"y":0.0}]
    },
    {
      "SourcePinAddress":{
        "PinID":989809859,
        "PinOwnerID":1686909039
      },
      "TargetPinAddress":{
        "PinID":3,
        "PinOwnerID":893362046
      },
      "ConnectionType":0,
      "ConnectedWireIndex":-1,
      "ConnectedWireSegmentIndex":-1,
      "Points":[{"x":0.0,"y":0.0},{"x":10.875,"y":-5.625},{"x":10.875,"y":-5.5},{"x":0.0,"y":0.0}]
    },
    {
      "SourcePinAddress":{
        "PinID":1724408306,
        "PinOwnerID":1686909039
      },
      "TargetPinAddress":{
        "PinID":0,
        "PinOwnerID":579704112
      },
      "ConnectionType":0,
      "ConnectedWireIndex":-1,
      "ConnectedWireSegmentIndex":-1,
      "Points":[{"x":0.0,"y":0.0},{"x":0.0,"y":0.0}]
    },
    {
      "SourcePinAddress":{
        "PinID":1615174155,
        "PinOwnerID":1686909039
      },
      "TargetPinAddress":{
        "PinID":1,
        "PinOwnerID":579704112
      },
      "ConnectionType":0,
      "ConnectedWireIndex":-1,
      "ConnectedWireSegmentIndex":-1,
      "Points":[{"x":0.0,"y":0.0},{"x":0.0,"y":0.0}]
    },
    {
      "SourcePinAddress":{
        "PinID":1413409358,
        "PinOwnerID":1686909039
      },
      "TargetPinAddress":{
        "PinID":2,
        "PinOwnerID":579704112
      },
      "ConnectionType":0,
      "ConnectedWireIndex":-1,
      "ConnectedWireSegmentIndex":-1,
      "Points":[{"x":0.0,"y":0.0},{"x":0.0,"y":0.0}]
    },
    {
      "SourcePinAddress":{
        "PinID":1,
        "PinOwnerID":199957660
      },
      "TargetPinAddress":{
        "PinID":3,
        "PinOwnerID":579704112
      },
      "ConnectionType":0,
      "ConnectedWireIndex":-1,
      "ConnectedWireSegmentIndex":-1,
      "Points":[{"x":0.0,"y":0.0},{"x":0.0,"y":0.0}]
    },
    {
      "SourcePinAddress":{
        "PinID":989809859,
        "PinOwnerID":1638836009
      },
      "TargetPinAddress":{
        "PinID":3,
        "PinOwnerID":2127069122
      },
      "ConnectionType":0,
      "ConnectedWireIndex":-1,
      "ConnectedWireSegmentIndex":-1,
      "Points":[{"x":0.0,"y":0.0},{"x":10.875,"y":-4.5},{"x":10.875,"y":-4.375},{"x":0.0,"y":0.0}]
    },
    {
      "SourcePinAddress":{
        "PinID":989809859,
        "PinOwnerID":1609655636
      },
      "TargetPinAddress":{
        "PinID":2,
        "PinOwnerID":2127069122
      },
      "ConnectionType":0,
      "ConnectedWireIndex":-1,
      "ConnectedWireSegmentIndex":-1,
      "Points":[{"x":0.0,"y":0.0},{"x":7.875,"y":-4.25},{"x":7.875,"y":-4.125},{"x":0.0,"y":0.0}]
    },
    {
      "SourcePinAddress":{
        "PinID":989809859,
        "PinOwnerID":1150307093
      },
      "TargetPinAddress":{
        "PinID":1,
        "PinOwnerID":2127069122
      },
      "ConnectionType":0,
      "ConnectedWireIndex":-1,
      "ConnectedWireSegmentIndex":-1,
      "Points":[{"x":0.0,"y":0.0},{"x":4.875,"y":-4.0},{"x":4.875,"y":-3.875},{"x":0.0,"y":0.0}]
    },
    {
      "SourcePinAddress":{
        "PinID":4,
        "PinOwnerID":2127069122
      },
      "TargetPinAddress":{
        "PinID":1019356571,
        "PinOwnerID":1742999953
      },
      "ConnectionType":0,
      "ConnectedWireIndex":-1,
      "ConnectedWireSegmentIndex":-1,
      "Points":[{"x":0.0,"y":0.0},{"x":0.0,"y":0.0}]
    },
    {
      "SourcePinAddress":{
        "PinID":2,
        "PinOwnerID":199957660
      },
      "TargetPinAddress":{
        "PinID":3,
        "PinOwnerID":48931165
      },
      "ConnectionType":0,
      "ConnectedWireIndex":-1,
      "ConnectedWireSegmentIndex":-1,
      "Points":[{"x":0.0,"y":0.0},{"x":0.0,"y":0.0}]
    },
    {
      "SourcePinAddress":{
        "PinID":3,
        "PinOwnerID":199957660
      },
      "TargetPinAddress":{
        "PinID":3,
        "PinOwnerID":1141977451
      },
      "ConnectionType":0,
      "ConnectedWireIndex":-1,
      "ConnectedWireSegmentIndex":-1,
      "Points":[{"x":0.0,"y":0.0},{"x":0.0,"y":0.0}]
    },
    {
      "SourcePinAddress":{
        "PinID":1413409358,
        "PinOwnerID":898514210
      },
      "TargetPinAddress":{
        "PinID":2,
        "PinOwnerID":918298376
      },
      "ConnectionType":0,
      "ConnectedWireIndex":-1,
      "ConnectedWireSegmentIndex":-1,
      "Points":[{"x":0.0,"y":0.0},{"x":0.0,"y":0.0}]
    },
    {
      "SourcePinAddress":{
        "PinID":1615174155,
        "PinOwnerID":898514210
      },
      "TargetPinAddress":{
        "PinID":1,
        "PinOwnerID":918298376
      },
      "ConnectionType":0,
      "ConnectedWireIndex":-1,
      "ConnectedWireSegmentIndex":-1,
      "Points":[{"x":0.0,"y":0.0},{"x":0.0,"y":0.0}]
    },
    {
      "SourcePinAddress":{
        "PinID":1724408306,
        "PinOwnerID":898514210
      },
      "TargetPinAddress":{
        "PinID":0,
        "PinOwnerID":918298376
      },
      "ConnectionType":0,
      "ConnectedWireIndex":-1,
      "ConnectedWireSegmentIndex":-1,
      "Points":[{"x":0.0,"y":0.0},{"x":0.0,"y":0.0}]
    },
    {
      "SourcePinAddress":{
        "PinID":1413409358,
        "PinOwnerID":843197896
      },
      "TargetPinAddress":{
        "PinID":2,
        "PinOwnerID":30585959
      },
      "ConnectionType":0,
      "ConnectedWireIndex":-1,
      "ConnectedWireSegmentIndex":-1,
      "Points":[{"x":0.0,"y":0.0},{"x":0.0,"y":0.0}]
    },
    {
      "SourcePinAddress":{
        "PinID":1615174155,
        "PinOwnerID":843197896
      },
      "TargetPinAddress":{
        "PinID":1,
        "PinOwnerID":30585959
      },
      "ConnectionType":0,
      "ConnectedWireIndex":-1,
      "ConnectedWireSegmentIndex":-1,
      "Points":[{"x":0.0,"y":0.0},{"x":0.0,"y":0.0}]
    },
    {
      "SourcePinAddress":{
        "PinID":1724408306,
        "PinOwnerID":843197896
      },
      "TargetPinAddress":{
        "PinID":0,
        "PinOwnerID":30585959
      },
      "ConnectionType":0,
      "ConnectedWireIndex":-1,
      "ConnectedWireSegmentIndex":-1,
      "Points":[{"x":0.0,"y":0.0},{"x":0.0,"y":0.0}]
    },
    {
      "SourcePinAddress":{
        "PinID":1413409358,
        "PinOwnerID":1708134616
      },
      "TargetPinAddress":{
        "PinID":2,
        "PinOwnerID":1145024767
      },
      "ConnectionType":0,
      "ConnectedWireIndex":-1,
      "ConnectedWireSegmentIndex":-1,
      "Points":[{"x":0.0,"y":0.0},{"x":0.0,"y":0.0}]
    },
    {
      "SourcePinAddress":{
        "PinID":1615174155,
        "PinOwnerID":1708134616
      },
      "TargetPinAddress":{
        "PinID":1,
        "PinOwnerID":1145024767
      },
      "ConnectionType":0,
      "ConnectedWireIndex":-1,
      "ConnectedWireSegmentIndex":-1,
      "Points":[{"x":0.0,"y":0.0},{"x":0.0,"y":0.0}]
    },
    {
      "SourcePinAddress":{
        "PinID":1724408306,
        "PinOwnerID":1708134616
      },
      "TargetPinAddress":{
        "PinID":0,
        "PinOwnerID":1145024767
      },
      "ConnectionType":0,
      "ConnectedWireIndex":-1,
      "ConnectedWireSegmentIndex":-1,
      "Points":[{"x":0.0,"y":0.0},{"x":0.0,"y":0.0}]
    },
    {
      "SourcePinAddress":{
        "PinID":4,
        "PinOwnerID":471976664
      },
      "TargetPinAddress":{
        "PinID":1019356571,
        "PinOwnerID":898514210
      },
      "ConnectionType":0,
      "ConnectedWireIndex":-1,
      "ConnectedWireSegmentIndex":-1,
      "Points":[{"x":0.0,"y":0.0},{"x":0.0,"y":0.0}]
    },
    {
      "SourcePinAddress":{
        "PinID":4,
        "PinOwnerID":1626611593
      },
      "TargetPinAddress":{
        "PinID":1019356571,
        "PinOwnerID":843197896
      },
      "ConnectionType":0,
      "ConnectedWireIndex":-1,
      "ConnectedWireSegmentIndex":-1,
      "Points":[{"x":0.0,"y":0.0},{"x":0.0,"y":0.0}]
    },
    {
      "SourcePinAddress":{
        "PinID":4,
        "PinOwnerID":683581913
      },
      "TargetPinAddress":{
        "PinID":1019356571,
        "PinOwnerID":1708134616
      },
      "ConnectionType":0,
      "ConnectedWireIndex":-1,
      "ConnectedWireSegmentIndex":-1,
      "Points":[{"x":0.0,"y":0.0},{"x":0.0,"y":0.0}]
    },
    {
      "SourcePinAddress":{
        "PinID":4,
        "PinOwnerID":813479395
      },
      "TargetPinAddress":{
        "PinID":1019356571,
        "PinOwnerID":1825253918
      },
      "ConnectionType":0,
      "ConnectedWireIndex":-1,
      "ConnectedWireSegmentIndex":-1,
      "Points":[{"x":0.0,"y":0.0},{"x":0.0,"y":0.0}]
    },
    {
      "SourcePinAddress":{
        "PinID":4,
        "PinOwnerID":1113973201
      },
      "TargetPinAddress":{
        "PinID":1019356571,
        "PinOwnerID":91493432
      },
      "ConnectionType":0,
      "ConnectedWireIndex":-1,
      "ConnectedWireSegmentIndex":-1,
      "Points":[{"x":0.0,"y":0.0},{"x":0.0,"y":0.0}]
    },
    {
      "SourcePinAddress":{
        "PinID":4,
        "PinOwnerID":784033632
      },
      "TargetPinAddress":{
        "PinID":1019356571,
        "PinOwnerID":385813166
      },
      "ConnectionType":0,
      "ConnectedWireIndex":-1,
      "ConnectedWireSegmentIndex":-1,
      "Points":[{"x":0.0,"y":0.0},{"x":0.0,"y":0.0}]
    },
    {
      "SourcePinAddress":{
        "PinID":4,
        "PinOwnerID":878824114
      },
      "TargetPinAddress":{
        "PinID":1019356571,
        "PinOwnerID":1338268727
      },
      "ConnectionType":0,
      "ConnectedWireIndex":-1,
      "ConnectedWireSegmentIndex":-1,
      "Points":[{"x":0.0,"y":0.0},{"x":0.0,"y":0.0}]
    },
    {
      "SourcePinAddress":{
        "PinID":4,
        "PinOwnerID":88962009
      },
      "TargetPinAddress":{
        "PinID":1019356571,
        "PinOwnerID":431323815
      },
      "ConnectionType":0,
      "ConnectedWireIndex":-1,
      "ConnectedWireSegmentIndex":-1,
      "Points":[{"x":0.0,"y":0.0},{"x":0.0,"y":0.0}]
    },
    {
      "SourcePinAddress":{
        "PinID":4,
        "PinOwnerID":1603166963
      },
      "TargetPinAddress":{
        "PinID":1019356571,
        "PinOwnerID":206980785
      },
      "ConnectionType":0,
      "ConnectedWireIndex":-1,
      "ConnectedWireSegmentIndex":-1,
      "Points":[{"x":0.0,"y":0.0},{"x":0.0,"y":0.0}]
    },
    {
      "SourcePinAddress":{
        "PinID":4,
        "PinOwnerID":1201604616
      },
      "TargetPinAddress":{
        "PinID":1019356571,
        "PinOwnerID":1759648195
      },
      "ConnectionType":0,
      "ConnectedWireIndex":-1,
      "ConnectedWireSegmentIndex":-1,
      "Points":[{"x":0.0,"y":0.0},{"x":0.0,"y":0.0}]
    },
    {
      "SourcePinAddress":{
        "PinID":4,
        "PinOwnerID":1608613453
      },
      "TargetPinAddress":{
        "PinID":1019356571,
        "PinOwnerID":1947833482
      },
      "ConnectionType":0,
      "ConnectedWireIndex":-1,
      "ConnectedWireSegmentIndex":-1,
      "Points":[{"x":0.0,"y":0.0},{"x":0.0,"y":0.0}]
    },
    {
      "SourcePinAddress":{
        "PinID":4,
        "PinOwnerID":373615201
      },
      "TargetPinAddress":{
        "PinID":1019356571,
        "PinOwnerID":477392541
      },
      "ConnectionType":0,
      "ConnectedWireIndex":-1,
      "ConnectedWireSegmentIndex":-1,
      "Points":[{"x":0.0,"y":0.0},{"x":0.0,"y":0.0}]
    },
    {
      "SourcePinAddress":{
        "PinID":989809859,
        "PinOwnerID":898514210
      },
      "TargetPinAddress":{
        "PinID":3,
        "PinOwnerID":30585959
      },
      "ConnectionType":0,
      "ConnectedWireIndex":-1,
      "ConnectedWireSegmentIndex":-1,
      "Points":[{"x":0.0,"y":0.0},{"x":28.875,"y":-7.125},{"x":28.875,"y":-7.0},{"x":0.0,"y":0.0}]
    },
    {
      "SourcePinAddress":{
        "PinID":989809859,
        "PinOwnerID":843197896
      },
      "TargetPinAddress":{
        "PinID":3,
        "PinOwnerID":1145024767
      },
      "ConnectionType":0,
      "ConnectedWireIndex":-1,
      "ConnectedWireSegmentIndex":-1,
      "Points":[{"x":0.0,"y":0.0},{"x":28.875,"y":-6.0},{"x":28.875,"y":-5.875},{"x":0.0,"y":0.0}]
    },
    {
      "SourcePinAddress":{
        "PinID":989809859,
        "PinOwnerID":1708134616
      },
      "TargetPinAddress":{
        "PinID":3,
        "PinOwnerID":437740888
      },
      "ConnectionType":0,
      "ConnectedWireIndex":-1,
      "ConnectedWireSegmentIndex":-1,
      "Points":[{"x":0.0,"y":0.0},{"x":28.875,"y":-4.875},{"x":28.875,"y":-4.75},{"x":0.0,"y":0.0}]
    },
    {
      "SourcePinAddress":{
        "PinID":1413409358,
        "PinOwnerID":1825253918
      },
      "TargetPinAddress":{
        "PinID":2,
        "PinOwnerID":437740888
      },
      "ConnectionType":0,
      "ConnectedWireIndex":-1,
      "ConnectedWireSegmentIndex":-1,
      "Points":[{"x":0.0,"y":0.0},{"x":0.0,"y":0.0}]
    },
    {
      "SourcePinAddress":{
        "PinID":1615174155,
        "PinOwnerID":1825253918
      },
      "TargetPinAddress":{
        "PinID":1,
        "PinOwnerID":437740888
      },
      "ConnectionType":0,
      "ConnectedWireIndex":-1,
      "ConnectedWireSegmentIndex":-1,
      "Points":[{"x":0.0,"y":0.0},{"x":0.0,"y":0.0}]
    },
    {
      "SourcePinAddress":{
        "PinID":1724408306,
        "PinOwnerID":1825253918
      },
      "TargetPinAddress":{
        "PinID":0,
        "PinOwnerID":437740888
      },
      "ConnectionType":0,
      "ConnectedWireIndex":-1,
      "ConnectedWireSegmentIndex":-1,
      "Points":[{"x":0.0,"y":0.0},{"x":0.0,"y":0.0}]
    },
    {
      "SourcePinAddress":{
        "PinID":1413409358,
        "PinOwnerID":29626585
      },
      "TargetPinAddress":{
        "PinID":2,
        "PinOwnerID":48931165
      },
      "ConnectionType":0,
      "ConnectedWireIndex":-1,
      "ConnectedWireSegmentIndex":-1,
      "Points":[{"x":0.0,"y":0.0},{"x":0.0,"y":0.0}]
    },
    {
      "SourcePinAddress":{
        "PinID":1615174155,
        "PinOwnerID":29626585
      },
      "TargetPinAddress":{
        "PinID":1,
        "PinOwnerID":48931165
      },
      "ConnectionType":0,
      "ConnectedWireIndex":-1,
      "ConnectedWireSegmentIndex":-1,
      "Points":[{"x":0.0,"y":0.0},{"x":0.0,"y":0.0}]
    },
    {
      "SourcePinAddress":{
        "PinID":1724408306,
        "PinOwnerID":29626585
      },
      "TargetPinAddress":{
        "PinID":0,
        "PinOwnerID":48931165
      },
      "ConnectionType":0,
      "ConnectedWireIndex":-1,
      "ConnectedWireSegmentIndex":-1,
      "Points":[{"x":0.0,"y":0.0},{"x":0.0,"y":0.0}]
    },
    {
      "SourcePinAddress":{
        "PinID":989809859,
        "PinOwnerID":29626585
      },
      "TargetPinAddress":{
        "PinID":3,
        "PinOwnerID":1666248484
      },
      "ConnectionType":0,
      "ConnectedWireIndex":-1,
      "ConnectedWireSegmentIndex":-1,
      "Points":[{"x":0.0,"y":0.0},{"x":13.875,"y":-5.875},{"x":13.875,"y":-5.75},{"x":0.0,"y":0.0}]
    },
    {
      "SourcePinAddress":{
        "PinID":1413409358,
        "PinOwnerID":1070203760
      },
      "TargetPinAddress":{
        "PinID":2,
        "PinOwnerID":1666248484
      },
      "ConnectionType":0,
      "ConnectedWireIndex":-1,
      "ConnectedWireSegmentIndex":-1,
      "Points":[{"x":0.0,"y":0.0},{"x":0.0,"y":0.0}]
    },
    {
      "SourcePinAddress":{
        "PinID":1615174155,
        "PinOwnerID":1070203760
      },
      "TargetPinAddress":{
        "PinID":1,
        "PinOwnerID":1666248484
      },
      "ConnectionType":0,
      "ConnectedWireIndex":-1,
      "ConnectedWireSegmentIndex":-1,
      "Points":[{"x":0.0,"y":0.0},{"x":0.0,"y":0.0}]
    },
    {
      "SourcePinAddress":{
        "PinID":1724408306,
        "PinOwnerID":1070203760
      },
      "TargetPinAddress":{
        "PinID":0,
        "PinOwnerID":1666248484
      },
      "ConnectionType":0,
      "ConnectedWireIndex":-1,
      "ConnectedWireSegmentIndex":-1,
      "Points":[{"x":0.0,"y":0.0},{"x":0.0,"y":0.0}]
    },
    {
      "SourcePinAddress":{
        "PinID":989809859,
        "PinOwnerID":1070203760
      },
      "TargetPinAddress":{
        "PinID":3,
        "PinOwnerID":227763683
      },
      "ConnectionType":0,
      "ConnectedWireIndex":-1,
      "ConnectedWireSegmentIndex":-1,
      "Points":[{"x":0.0,"y":0.0},{"x":13.875,"y":-4.75},{"x":13.875,"y":-4.625},{"x":0.0,"y":0.0}]
    },
    {
      "SourcePinAddress":{
        "PinID":1413409358,
        "PinOwnerID":1742999953
      },
      "TargetPinAddress":{
        "PinID":2,
        "PinOwnerID":227763683
      },
      "ConnectionType":0,
      "ConnectedWireIndex":-1,
      "ConnectedWireSegmentIndex":-1,
      "Points":[{"x":0.0,"y":0.0},{"x":0.0,"y":0.0}]
    },
    {
      "SourcePinAddress":{
        "PinID":1615174155,
        "PinOwnerID":1742999953
      },
      "TargetPinAddress":{
        "PinID":1,
        "PinOwnerID":227763683
      },
      "ConnectionType":0,
      "ConnectedWireIndex":-1,
      "ConnectedWireSegmentIndex":-1,
      "Points":[{"x":0.0,"y":0.0},{"x":14.0625,"y":-4.125},{"x":0.0,"y":0.0}]
    },
    {
      "SourcePinAddress":{
        "PinID":1724408306,
        "PinOwnerID":1742999953
      },
      "TargetPinAddress":{
        "PinID":0,
        "PinOwnerID":227763683
      },
      "ConnectionType":0,
      "ConnectedWireIndex":-1,
      "ConnectedWireSegmentIndex":-1,
      "Points":[{"x":0.0,"y":0.0},{"x":0.0,"y":0.0}]
    },
    {
      "SourcePinAddress":{
        "PinID":4,
        "PinOwnerID":227763683
      },
      "TargetPinAddress":{
        "PinID":1019356571,
        "PinOwnerID":243827025
      },
      "ConnectionType":0,
      "ConnectedWireIndex":-1,
      "ConnectedWireSegmentIndex":-1,
      "Points":[{"x":0.0,"y":0.0},{"x":0.0,"y":0.0}]
    },
    {
      "SourcePinAddress":{
        "PinID":4,
        "PinOwnerID":1666248484
      },
      "TargetPinAddress":{
        "PinID":1019356571,
        "PinOwnerID":853665564
      },
      "ConnectionType":0,
      "ConnectedWireIndex":-1,
      "ConnectedWireSegmentIndex":-1,
      "Points":[{"x":0.0,"y":0.0},{"x":0.0,"y":0.0}]
    },
    {
      "SourcePinAddress":{
        "PinID":4,
        "PinOwnerID":48931165
      },
      "TargetPinAddress":{
        "PinID":1019356571,
        "PinOwnerID":1239633998
      },
      "ConnectionType":0,
      "ConnectedWireIndex":-1,
      "ConnectedWireSegmentIndex":-1,
      "Points":[{"x":0.0,"y":0.0},{"x":0.0,"y":0.0}]
    },
    {
      "SourcePinAddress":{
        "PinID":1413409358,
        "PinOwnerID":1239633998
      },
      "TargetPinAddress":{
        "PinID":2,
        "PinOwnerID":1141977451
      },
      "ConnectionType":0,
      "ConnectedWireIndex":-1,
      "ConnectedWireSegmentIndex":-1,
      "Points":[{"x":0.0,"y":0.0},{"x":0.0,"y":0.0}]
    },
    {
      "SourcePinAddress":{
        "PinID":1615174155,
        "PinOwnerID":1239633998
      },
      "TargetPinAddress":{
        "PinID":1,
        "PinOwnerID":1141977451
      },
      "ConnectionType":0,
      "ConnectedWireIndex":-1,
      "ConnectedWireSegmentIndex":-1,
      "Points":[{"x":0.0,"y":0.0},{"x":0.0,"y":0.0}]
    },
    {
      "SourcePinAddress":{
        "PinID":1724408306,
        "PinOwnerID":1239633998
      },
      "TargetPinAddress":{
        "PinID":0,
        "PinOwnerID":1141977451
      },
      "ConnectionType":0,
      "ConnectedWireIndex":-1,
      "ConnectedWireSegmentIndex":-1,
      "Points":[{"x":0.0,"y":0.0},{"x":0.0,"y":0.0}]
    },
    {
      "SourcePinAddress":{
        "PinID":989809859,
        "PinOwnerID":1239633998
      },
      "TargetPinAddress":{
        "PinID":3,
        "PinOwnerID":2080590117
      },
      "ConnectionType":0,
      "ConnectedWireIndex":-1,
      "ConnectedWireSegmentIndex":-1,
      "Points":[{"x":0.0,"y":0.0},{"x":16.875,"y":-6.125},{"x":16.875,"y":-6.0},{"x":0.0,"y":0.0}]
    },
    {
      "SourcePinAddress":{
        "PinID":1413409358,
        "PinOwnerID":853665564
      },
      "TargetPinAddress":{
        "PinID":2,
        "PinOwnerID":2080590117
      },
      "ConnectionType":0,
      "ConnectedWireIndex":-1,
      "ConnectedWireSegmentIndex":-1,
      "Points":[{"x":0.0,"y":0.0},{"x":0.0,"y":0.0}]
    },
    {
      "SourcePinAddress":{
        "PinID":1615174155,
        "PinOwnerID":853665564
      },
      "TargetPinAddress":{
        "PinID":1,
        "PinOwnerID":2080590117
      },
      "ConnectionType":0,
      "ConnectedWireIndex":-1,
      "ConnectedWireSegmentIndex":-1,
      "Points":[{"x":0.0,"y":0.0},{"x":0.0,"y":0.0}]
    },
    {
      "SourcePinAddress":{
        "PinID":1724408306,
        "PinOwnerID":853665564
      },
      "TargetPinAddress":{
        "PinID":0,
        "PinOwnerID":2080590117
      },
      "ConnectionType":0,
      "ConnectedWireIndex":-1,
      "ConnectedWireSegmentIndex":-1,
      "Points":[{"x":0.0,"y":0.0},{"x":0.0,"y":0.0}]
    },
    {
      "SourcePinAddress":{
        "PinID":989809859,
        "PinOwnerID":853665564
      },
      "TargetPinAddress":{
        "PinID":3,
        "PinOwnerID":2000226794
      },
      "ConnectionType":0,
      "ConnectedWireIndex":-1,
      "ConnectedWireSegmentIndex":-1,
      "Points":[{"x":0.0,"y":0.0},{"x":16.875,"y":-5.0},{"x":16.875,"y":-4.875},{"x":0.0,"y":0.0}]
    },
    {
      "SourcePinAddress":{
        "PinID":1413409358,
        "PinOwnerID":243827025
      },
      "TargetPinAddress":{
        "PinID":2,
        "PinOwnerID":2000226794
      },
      "ConnectionType":0,
      "ConnectedWireIndex":-1,
      "ConnectedWireSegmentIndex":-1,
      "Points":[{"x":0.0,"y":0.0},{"x":0.0,"y":0.0}]
    },
    {
      "SourcePinAddress":{
        "PinID":1615174155,
        "PinOwnerID":243827025
      },
      "TargetPinAddress":{
        "PinID":1,
        "PinOwnerID":2000226794
      },
      "ConnectionType":0,
      "ConnectedWireIndex":-1,
      "ConnectedWireSegmentIndex":-1,
      "Points":[{"x":0.0,"y":0.0},{"x":0.0,"y":0.0}]
    },
    {
      "SourcePinAddress":{
        "PinID":1724408306,
        "PinOwnerID":243827025
      },
      "TargetPinAddress":{
        "PinID":0,
        "PinOwnerID":2000226794
      },
      "ConnectionType":0,
      "ConnectedWireIndex":-1,
      "ConnectedWireSegmentIndex":-1,
      "Points":[{"x":0.0,"y":0.0},{"x":0.0,"y":0.0}]
    },
    {
      "SourcePinAddress":{
        "PinID":4,
        "PinOwnerID":2000226794
      },
      "TargetPinAddress":{
        "PinID":1019356571,
        "PinOwnerID":1344827199
      },
      "ConnectionType":0,
      "ConnectedWireIndex":-1,
      "ConnectedWireSegmentIndex":-1,
      "Points":[{"x":0.0,"y":0.0},{"x":0.0,"y":0.0}]
    },
    {
      "SourcePinAddress":{
        "PinID":4,
        "PinOwnerID":2080590117
      },
      "TargetPinAddress":{
        "PinID":1019356571,
        "PinOwnerID":1959167779
      },
      "ConnectionType":0,
      "ConnectedWireIndex":-1,
      "ConnectedWireSegmentIndex":-1,
      "Points":[{"x":0.0,"y":0.0},{"x":0.0,"y":0.0}]
    },
    {
      "SourcePinAddress":{
        "PinID":4,
        "PinOwnerID":1141977451
      },
      "TargetPinAddress":{
        "PinID":1019356571,
        "PinOwnerID":2051250985
      },
      "ConnectionType":0,
      "ConnectedWireIndex":-1,
      "ConnectedWireSegmentIndex":-1,
      "Points":[{"x":0.0,"y":0.0},{"x":0.0,"y":0.0}]
    },
    {
      "SourcePinAddress":{
        "PinID":1413409358,
        "PinOwnerID":206980785
      },
      "TargetPinAddress":{
        "PinID":2,
        "PinOwnerID":1113973201
      },
      "ConnectionType":0,
      "ConnectedWireIndex":-1,
      "ConnectedWireSegmentIndex":-1,
      "Points":[{"x":0.0,"y":0.0},{"x":0.0,"y":0.0}]
    },
    {
      "SourcePinAddress":{
        "PinID":1615174155,
        "PinOwnerID":206980785
      },
      "TargetPinAddress":{
        "PinID":1,
        "PinOwnerID":1113973201
      },
      "ConnectionType":0,
      "ConnectedWireIndex":-1,
      "ConnectedWireSegmentIndex":-1,
      "Points":[{"x":0.0,"y":0.0},{"x":0.0,"y":0.0}]
    },
    {
      "SourcePinAddress":{
        "PinID":1724408306,
        "PinOwnerID":206980785
      },
      "TargetPinAddress":{
        "PinID":0,
        "PinOwnerID":1113973201
      },
      "ConnectionType":0,
      "ConnectedWireIndex":-1,
      "ConnectedWireSegmentIndex":-1,
      "Points":[{"x":0.0,"y":0.0},{"x":0.0,"y":0.0}]
    },
    {
      "SourcePinAddress":{
        "PinID":989809859,
        "PinOwnerID":206980785
      },
      "TargetPinAddress":{
        "PinID":3,
        "PinOwnerID":784033632
      },
      "ConnectionType":0,
      "ConnectedWireIndex":-1,
      "ConnectedWireSegmentIndex":-1,
      "Points":[{"x":0.0,"y":0.0},{"x":22.875,"y":-6.625},{"x":22.875,"y":-6.5},{"x":0.0,"y":0.0}]
    },
    {
      "SourcePinAddress":{
        "PinID":1413409358,
        "PinOwnerID":1759648195
      },
      "TargetPinAddress":{
        "PinID":2,
        "PinOwnerID":784033632
      },
      "ConnectionType":0,
      "ConnectedWireIndex":-1,
      "ConnectedWireSegmentIndex":-1,
      "Points":[{"x":0.0,"y":0.0},{"x":0.0,"y":0.0}]
    },
    {
      "SourcePinAddress":{
        "PinID":1615174155,
        "PinOwnerID":1759648195
      },
      "TargetPinAddress":{
        "PinID":1,
        "PinOwnerID":784033632
      },
      "ConnectionType":0,
      "ConnectedWireIndex":-1,
      "ConnectedWireSegmentIndex":-1,
      "Points":[{"x":0.0,"y":0.0},{"x":0.0,"y":0.0}]
    },
    {
      "SourcePinAddress":{
        "PinID":1724408306,
        "PinOwnerID":1759648195
      },
      "TargetPinAddress":{
        "PinID":0,
        "PinOwnerID":784033632
      },
      "ConnectionType":0,
      "ConnectedWireIndex":-1,
      "ConnectedWireSegmentIndex":-1,
      "Points":[{"x":0.0,"y":0.0},{"x":0.0,"y":0.0}]
    },
    {
      "SourcePinAddress":{
        "PinID":989809859,
        "PinOwnerID":1759648195
      },
      "TargetPinAddress":{
        "PinID":3,
        "PinOwnerID":878824114
      },
      "ConnectionType":0,
      "ConnectedWireIndex":-1,
      "ConnectedWireSegmentIndex":-1,
      "Points":[{"x":0.0,"y":0.0},{"x":22.875,"y":-5.5},{"x":22.875,"y":-5.375},{"x":0.0,"y":0.0}]
    },
    {
      "SourcePinAddress":{
        "PinID":1413409358,
        "PinOwnerID":1947833482
      },
      "TargetPinAddress":{
        "PinID":2,
        "PinOwnerID":878824114
      },
      "ConnectionType":0,
      "ConnectedWireIndex":-1,
      "ConnectedWireSegmentIndex":-1,
      "Points":[{"x":0.0,"y":0.0},{"x":0.0,"y":0.0}]
    },
    {
      "SourcePinAddress":{
        "PinID":1615174155,
        "PinOwnerID":1947833482
      },
      "TargetPinAddress":{
        "PinID":1,
        "PinOwnerID":878824114
      },
      "ConnectionType":0,
      "ConnectedWireIndex":-1,
      "ConnectedWireSegmentIndex":-1,
      "Points":[{"x":0.0,"y":0.0},{"x":0.0,"y":0.0}]
    },
    {
      "SourcePinAddress":{
        "PinID":1724408306,
        "PinOwnerID":1947833482
      },
      "TargetPinAddress":{
        "PinID":0,
        "PinOwnerID":878824114
      },
      "ConnectionType":0,
      "ConnectedWireIndex":-1,
      "ConnectedWireSegmentIndex":-1,
      "Points":[{"x":0.0,"y":0.0},{"x":0.0,"y":0.0}]
    },
    {
      "SourcePinAddress":{
        "PinID":989809859,
        "PinOwnerID":1947833482
      },
      "TargetPinAddress":{
        "PinID":3,
        "PinOwnerID":88962009
      },
      "ConnectionType":0,
      "ConnectedWireIndex":-1,
      "ConnectedWireSegmentIndex":-1,
      "Points":[{"x":0.0,"y":0.0},{"x":22.875,"y":-4.375},{"x":22.875,"y":-4.25},{"x":0.0,"y":0.0}]
    },
    {
      "SourcePinAddress":{
        "PinID":1413409358,
        "PinOwnerID":477392541
      },
      "TargetPinAddress":{
        "PinID":2,
        "PinOwnerID":88962009
      },
      "ConnectionType":0,
      "ConnectedWireIndex":-1,
      "ConnectedWireSegmentIndex":-1,
      "Points":[{"x":0.0,"y":0.0},{"x":0.0,"y":0.0}]
    },
    {
      "SourcePinAddress":{
        "PinID":1615174155,
        "PinOwnerID":477392541
      },
      "TargetPinAddress":{
        "PinID":1,
        "PinOwnerID":88962009
      },
      "ConnectionType":0,
      "ConnectedWireIndex":-1,
      "ConnectedWireSegmentIndex":-1,
      "Points":[{"x":0.0,"y":0.0},{"x":0.0,"y":0.0}]
    },
    {
      "SourcePinAddress":{
        "PinID":1724408306,
        "PinOwnerID":477392541
      },
      "TargetPinAddress":{
        "PinID":0,
        "PinOwnerID":88962009
      },
      "ConnectionType":0,
      "ConnectedWireIndex":-1,
      "ConnectedWireSegmentIndex":-1,
      "Points":[{"x":0.0,"y":0.0},{"x":0.0,"y":0.0}]
    },
    {
      "SourcePinAddress":{
        "PinID":1724408306,
        "PinOwnerID":431323815
      },
      "TargetPinAddress":{
        "PinID":0,
        "PinOwnerID":813479395
      },
      "ConnectionType":0,
      "ConnectedWireIndex":-1,
      "ConnectedWireSegmentIndex":-1,
      "Points":[{"x":0.0,"y":0.0},{"x":0.0,"y":0.0}]
    },
    {
      "SourcePinAddress":{
        "PinID":1615174155,
        "PinOwnerID":431323815
      },
      "TargetPinAddress":{
        "PinID":1,
        "PinOwnerID":813479395
      },
      "ConnectionType":0,
      "ConnectedWireIndex":-1,
      "ConnectedWireSegmentIndex":-1,
      "Points":[{"x":0.0,"y":0.0},{"x":0.0,"y":0.0}]
    },
    {
      "SourcePinAddress":{
        "PinID":1413409358,
        "PinOwnerID":431323815
      },
      "TargetPinAddress":{
        "PinID":2,
        "PinOwnerID":813479395
      },
      "ConnectionType":0,
      "ConnectedWireIndex":-1,
      "ConnectedWireSegmentIndex":-1,
      "Points":[{"x":0.0,"y":0.0},{"x":0.0,"y":0.0}]
    },
    {
      "SourcePinAddress":{
        "PinID":1724408306,
        "PinOwnerID":1338268727
      },
      "TargetPinAddress":{
        "PinID":0,
        "PinOwnerID":683581913
      },
      "ConnectionType":0,
      "ConnectedWireIndex":-1,
      "ConnectedWireSegmentIndex":-1,
      "Points":[{"x":0.0,"y":0.0},{"x":0.0,"y":0.0}]
    },
    {
      "SourcePinAddress":{
        "PinID":1615174155,
        "PinOwnerID":1338268727
      },
      "TargetPinAddress":{
        "PinID":1,
        "PinOwnerID":683581913
      },
      "ConnectionType":0,
      "ConnectedWireIndex":-1,
      "ConnectedWireSegmentIndex":-1,
      "Points":[{"x":0.0,"y":0.0},{"x":0.0,"y":0.0}]
    },
    {
      "SourcePinAddress":{
        "PinID":1413409358,
        "PinOwnerID":1338268727
      },
      "TargetPinAddress":{
        "PinID":2,
        "PinOwnerID":683581913
      },
      "ConnectionType":0,
      "ConnectedWireIndex":-1,
      "ConnectedWireSegmentIndex":-1,
      "Points":[{"x":0.0,"y":0.0},{"x":0.0,"y":0.0}]
    },
    {
      "SourcePinAddress":{
        "PinID":989809859,
        "PinOwnerID":1338268727
      },
      "TargetPinAddress":{
        "PinID":3,
        "PinOwnerID":813479395
      },
      "ConnectionType":0,
      "ConnectedWireIndex":-1,
      "ConnectedWireSegmentIndex":-1,
      "Points":[{"x":0.0,"y":0.0},{"x":25.875,"y":-4.625},{"x":25.875,"y":-4.5},{"x":0.0,"y":0.0}]
    },
    {
      "SourcePinAddress":{
        "PinID":989809859,
        "PinOwnerID":385813166
      },
      "TargetPinAddress":{
        "PinID":3,
        "PinOwnerID":683581913
      },
      "ConnectionType":0,
      "ConnectedWireIndex":-1,
      "ConnectedWireSegmentIndex":-1,
      "Points":[{"x":0.0,"y":0.0},{"x":25.875,"y":-5.75},{"x":25.875,"y":-5.625},{"x":0.0,"y":0.0}]
    },
    {
      "SourcePinAddress":{
        "PinID":1724408306,
        "PinOwnerID":385813166
      },
      "TargetPinAddress":{
        "PinID":0,
        "PinOwnerID":1626611593
      },
      "ConnectionType":0,
      "ConnectedWireIndex":-1,
      "ConnectedWireSegmentIndex":-1,
      "Points":[{"x":0.0,"y":0.0},{"x":0.0,"y":0.0}]
    },
    {
      "SourcePinAddress":{
        "PinID":1615174155,
        "PinOwnerID":385813166
      },
      "TargetPinAddress":{
        "PinID":1,
        "PinOwnerID":1626611593
      },
      "ConnectionType":0,
      "ConnectedWireIndex":-1,
      "ConnectedWireSegmentIndex":-1,
      "Points":[{"x":0.0,"y":0.0},{"x":0.0,"y":0.0}]
    },
    {
      "SourcePinAddress":{
        "PinID":1413409358,
        "PinOwnerID":385813166
      },
      "TargetPinAddress":{
        "PinID":2,
        "PinOwnerID":1626611593
      },
      "ConnectionType":0,
      "ConnectedWireIndex":-1,
      "ConnectedWireSegmentIndex":-1,
      "Points":[{"x":0.0,"y":0.0},{"x":0.0,"y":0.0}]
    },
    {
      "SourcePinAddress":{
        "PinID":989809859,
        "PinOwnerID":91493432
      },
      "TargetPinAddress":{
        "PinID":3,
        "PinOwnerID":1626611593
      },
      "ConnectionType":0,
      "ConnectedWireIndex":-1,
      "ConnectedWireSegmentIndex":-1,
      "Points":[{"x":0.0,"y":0.0},{"x":25.875,"y":-6.875},{"x":25.875,"y":-6.75},{"x":0.0,"y":0.0}]
    },
    {
      "SourcePinAddress":{
        "PinID":1724408306,
        "PinOwnerID":91493432
      },
      "TargetPinAddress":{
        "PinID":0,
        "PinOwnerID":471976664
      },
      "ConnectionType":0,
      "ConnectedWireIndex":-1,
      "ConnectedWireSegmentIndex":-1,
      "Points":[{"x":0.0,"y":0.0},{"x":0.0,"y":0.0}]
    },
    {
      "SourcePinAddress":{
        "PinID":1615174155,
        "PinOwnerID":91493432
      },
      "TargetPinAddress":{
        "PinID":1,
        "PinOwnerID":471976664
      },
      "ConnectionType":0,
      "ConnectedWireIndex":-1,
      "ConnectedWireSegmentIndex":-1,
      "Points":[{"x":0.0,"y":0.0},{"x":0.0,"y":0.0}]
    },
    {
      "SourcePinAddress":{
        "PinID":1413409358,
        "PinOwnerID":91493432
      },
      "TargetPinAddress":{
        "PinID":2,
        "PinOwnerID":471976664
      },
      "ConnectionType":0,
      "ConnectedWireIndex":-1,
      "ConnectedWireSegmentIndex":-1,
      "Points":[{"x":0.0,"y":0.0},{"x":0.0,"y":0.0}]
    },
    {
      "SourcePinAddress":{
        "PinID":989809859,
        "PinOwnerID":1825253918
      },
      "TargetPinAddress":{
        "PinID":3,
        "PinOwnerID":1722204658
      },
      "ConnectionType":0,
      "ConnectedWireIndex":-1,
      "ConnectedWireSegmentIndex":-1,
      "Points":[{"x":0.0,"y":0.0},{"x":28.875,"y":-3.75},{"x":28.875,"y":-3.625},{"x":0.0,"y":0.0}]
    },
    {
      "SourcePinAddress":{
        "PinID":989809859,
        "PinOwnerID":431323815
      },
      "TargetPinAddress":{
        "PinID":2,
        "PinOwnerID":1722204658
      },
      "ConnectionType":0,
      "ConnectedWireIndex":-1,
      "ConnectedWireSegmentIndex":-1,
      "Points":[{"x":0.0,"y":0.0},{"x":25.875,"y":-3.5},{"x":25.875,"y":-3.375},{"x":0.0,"y":0.0}]
    },
    {
      "SourcePinAddress":{
        "PinID":989809859,
        "PinOwnerID":477392541
      },
      "TargetPinAddress":{
        "PinID":1,
        "PinOwnerID":1722204658
      },
      "ConnectionType":0,
      "ConnectedWireIndex":-1,
      "ConnectedWireSegmentIndex":-1,
      "Points":[{"x":0.0,"y":0.0},{"x":22.875,"y":-3.25},{"x":22.875,"y":-3.125},{"x":0.0,"y":0.0}]
    },
    {
      "SourcePinAddress":{
        "PinID":1413409358,
        "PinOwnerID":2051250985
      },
      "TargetPinAddress":{
        "PinID":2,
        "PinOwnerID":1603166963
      },
      "ConnectionType":0,
      "ConnectedWireIndex":-1,
      "ConnectedWireSegmentIndex":-1,
      "Points":[{"x":0.0,"y":0.0},{"x":0.0,"y":0.0}]
    },
    {
      "SourcePinAddress":{
        "PinID":1615174155,
        "PinOwnerID":2051250985
      },
      "TargetPinAddress":{
        "PinID":1,
        "PinOwnerID":1603166963
      },
      "ConnectionType":0,
      "ConnectedWireIndex":-1,
      "ConnectedWireSegmentIndex":-1,
      "Points":[{"x":0.0,"y":0.0},{"x":0.0,"y":0.0}]
    },
    {
      "SourcePinAddress":{
        "PinID":1724408306,
        "PinOwnerID":2051250985
      },
      "TargetPinAddress":{
        "PinID":0,
        "PinOwnerID":1603166963
      },
      "ConnectionType":0,
      "ConnectedWireIndex":-1,
      "ConnectedWireSegmentIndex":-1,
      "Points":[{"x":0.0,"y":0.0},{"x":0.0,"y":0.0}]
    },
    {
      "SourcePinAddress":{
        "PinID":1413409358,
        "PinOwnerID":1959167779
      },
      "TargetPinAddress":{
        "PinID":2,
        "PinOwnerID":1201604616
      },
      "ConnectionType":0,
      "ConnectedWireIndex":-1,
      "ConnectedWireSegmentIndex":-1,
      "Points":[{"x":0.0,"y":0.0},{"x":0.0,"y":0.0}]
    },
    {
      "SourcePinAddress":{
        "PinID":1615174155,
        "PinOwnerID":1959167779
      },
      "TargetPinAddress":{
        "PinID":1,
        "PinOwnerID":1201604616
      },
      "ConnectionType":0,
      "ConnectedWireIndex":-1,
      "ConnectedWireSegmentIndex":-1,
      "Points":[{"x":0.0,"y":0.0},{"x":0.0,"y":0.0}]
    },
    {
      "SourcePinAddress":{
        "PinID":1724408306,
        "PinOwnerID":1959167779
      },
      "TargetPinAddress":{
        "PinID":0,
        "PinOwnerID":1201604616
      },
      "ConnectionType":0,
      "ConnectedWireIndex":-1,
      "ConnectedWireSegmentIndex":-1,
      "Points":[{"x":0.0,"y":0.0},{"x":19.875,"y":-5.5},{"x":0.0,"y":0.0}]
    },
    {
      "SourcePinAddress":{
        "PinID":1413409358,
        "PinOwnerID":1344827199
      },
      "TargetPinAddress":{
        "PinID":2,
        "PinOwnerID":1608613453
      },
      "ConnectionType":0,
      "ConnectedWireIndex":-1,
      "ConnectedWireSegmentIndex":-1,
      "Points":[{"x":0.0,"y":0.0},{"x":0.0,"y":0.0}]
    },
    {
      "SourcePinAddress":{
        "PinID":1615174155,
        "PinOwnerID":1344827199
      },
      "TargetPinAddress":{
        "PinID":1,
        "PinOwnerID":1608613453
      },
      "ConnectionType":0,
      "ConnectedWireIndex":-1,
      "ConnectedWireSegmentIndex":-1,
      "Points":[{"x":0.0,"y":0.0},{"x":0.0,"y":0.0}]
    },
    {
      "SourcePinAddress":{
        "PinID":1724408306,
        "PinOwnerID":1344827199
      },
      "TargetPinAddress":{
        "PinID":0,
        "PinOwnerID":1608613453
      },
      "ConnectionType":0,
      "ConnectedWireIndex":-1,
      "ConnectedWireSegmentIndex":-1,
      "Points":[{"x":0.0,"y":0.0},{"x":0.0,"y":0.0}]
    },
    {
      "SourcePinAddress":{
        "PinID":989809859,
        "PinOwnerID":1344827199
      },
      "TargetPinAddress":{
        "PinID":3,
        "PinOwnerID":373615201
      },
      "ConnectionType":0,
      "ConnectedWireIndex":-1,
      "ConnectedWireSegmentIndex":-1,
      "Points":[{"x":0.0,"y":0.0},{"x":19.875,"y":-4.125},{"x":19.875,"y":-4.0},{"x":0.0,"y":0.0}]
    },
    {
      "SourcePinAddress":{
        "PinID":989809859,
        "PinOwnerID":243827025
      },
      "TargetPinAddress":{
        "PinID":2,
        "PinOwnerID":373615201
      },
      "ConnectionType":0,
      "ConnectedWireIndex":-1,
      "ConnectedWireSegmentIndex":-1,
      "Points":[{"x":0.0,"y":0.0},{"x":16.875,"y":-3.875},{"x":16.875,"y":-3.75},{"x":0.0,"y":0.0}]
    },
    {
      "SourcePinAddress":{
        "PinID":989809859,
        "PinOwnerID":1742999953
      },
      "TargetPinAddress":{
        "PinID":1,
        "PinOwnerID":373615201
      },
      "ConnectionType":0,
      "ConnectedWireIndex":-1,
      "ConnectedWireSegmentIndex":-1,
      "Points":[{"x":0.0,"y":0.0},{"x":13.875,"y":-3.625},{"x":13.875,"y":-3.5},{"x":0.0,"y":0.0}]
    },
    {
      "SourcePinAddress":{
        "PinID":989809859,
        "PinOwnerID":1959167779
      },
      "TargetPinAddress":{
        "PinID":3,
        "PinOwnerID":1608613453
      },
      "ConnectionType":0,
      "ConnectedWireIndex":-1,
      "ConnectedWireSegmentIndex":-1,
      "Points":[{"x":0.0,"y":0.0},{"x":19.875,"y":-5.25},{"x":19.875,"y":-5.125},{"x":0.0,"y":0.0}]
    },
    {
      "SourcePinAddress":{
        "PinID":989809859,
        "PinOwnerID":2051250985
      },
      "TargetPinAddress":{
        "PinID":3,
        "PinOwnerID":1201604616
      },
      "ConnectionType":0,
      "ConnectedWireIndex":-1,
      "ConnectedWireSegmentIndex":-1,
      "Points":[{"x":0.0,"y":0.0},{"x":19.875,"y":-6.375},{"x":19.875,"y":-6.25},{"x":0.0,"y":0.0}]
    },
    {
      "SourcePinAddress":{
        "PinID":4,
        "PinOwnerID":199957660
      },
      "TargetPinAddress":{
        "PinID":3,
        "PinOwnerID":1603166963
      },
      "ConnectionType":0,
      "ConnectedWireIndex":-1,
      "ConnectedWireSegmentIndex":-1,
      "Points":[{"x":0.0,"y":0.0},{"x":0.0,"y":0.0}]
    },
    {
      "SourcePinAddress":{
        "PinID":5,
        "PinOwnerID":199957660
      },
      "TargetPinAddress":{
        "PinID":3,
        "PinOwnerID":1113973201
      },
      "ConnectionType":0,
      "ConnectedWireIndex":-1,
      "ConnectedWireSegmentIndex":-1,
      "Points":[{"x":0.0,"y":0.0},{"x":0.0,"y":0.0}]
    },
    {
      "SourcePinAddress":{
        "PinID":6,
        "PinOwnerID":199957660
      },
      "TargetPinAddress":{
        "PinID":3,
        "PinOwnerID":471976664
      },
      "ConnectionType":0,
      "ConnectedWireIndex":-1,
      "ConnectedWireSegmentIndex":-1,
      "Points":[{"x":0.0,"y":0.0},{"x":0.0,"y":0.0}]
    },
    {
      "SourcePinAddress":{
        "PinID":7,
        "PinOwnerID":199957660
      },
      "TargetPinAddress":{
        "PinID":3,
        "PinOwnerID":918298376
      },
      "ConnectionType":0,
      "ConnectedWireIndex":-1,
      "ConnectedWireSegmentIndex":-1,
      "Points":[{"x":0.0,"y":0.0},{"x":0.0,"y":0.0}]
    },
    {
      "SourcePinAddress":{
        "PinID":4,
        "PinOwnerID":918298376
      },
      "TargetPinAddress":{
        "PinID":1019356571,
        "PinOwnerID":1035217960
      },
      "ConnectionType":0,
      "ConnectedWireIndex":-1,
      "ConnectedWireSegmentIndex":-1,
      "Points":[{"x":0.0,"y":0.0},{"x":0.0,"y":0.0}]
    },
    {
      "SourcePinAddress":{
        "PinID":4,
        "PinOwnerID":30585959
      },
      "TargetPinAddress":{
        "PinID":1019356571,
        "PinOwnerID":1815723696
      },
      "ConnectionType":0,
      "ConnectedWireIndex":-1,
      "ConnectedWireSegmentIndex":-1,
      "Points":[{"x":0.0,"y":0.0},{"x":0.0,"y":0.0}]
    },
    {
      "SourcePinAddress":{
        "PinID":4,
        "PinOwnerID":1145024767
      },
      "TargetPinAddress":{
        "PinID":1019356571,
        "PinOwnerID":860439585
      },
      "ConnectionType":0,
      "ConnectedWireIndex":-1,
      "ConnectedWireSegmentIndex":-1,
      "Points":[{"x":0.0,"y":0.0},{"x":0.0,"y":0.0}]
    },
    {
      "SourcePinAddress":{
        "PinID":4,
        "PinOwnerID":437740888
      },
      "TargetPinAddress":{
        "PinID":1019356571,
        "PinOwnerID":1065892245
      },
      "ConnectionType":0,
      "ConnectedWireIndex":-1,
      "ConnectedWireSegmentIndex":-1,
      "Points":[{"x":0.0,"y":0.0},{"x":0.0,"y":0.0}]
    },
    {
      "SourcePinAddress":{
        "PinID":4,
        "PinOwnerID":1722204658
      },
      "TargetPinAddress":{
        "PinID":1019356571,
        "PinOwnerID":1769761377
      },
      "ConnectionType":0,
      "ConnectedWireIndex":-1,
      "ConnectedWireSegmentIndex":-1,
      "Points":[{"x":0.0,"y":0.0},{"x":0.0,"y":0.0}]
    },
    {
      "SourcePinAddress":{
        "PinID":4,
        "PinOwnerID":1101394126
      },
      "TargetPinAddress":{
        "PinID":0,
        "PinOwnerID":1594286213
      },
      "ConnectionType":0,
      "ConnectedWireIndex":-1,
      "ConnectedWireSegmentIndex":-1,
      "Points":[{"x":0.0,"y":0.0},{"x":33.25,"y":-3.5},{"x":0.0,"y":0.0}]
    },
    {
      "SourcePinAddress":{
        "PinID":4,
        "PinOwnerID":1771688487
      },
      "TargetPinAddress":{
        "PinID":0,
        "PinOwnerID":822747861
      },
      "ConnectionType":0,
      "ConnectedWireIndex":-1,
      "ConnectedWireSegmentIndex":-1,
      "Points":[{"x":0.0,"y":0.0},{"x":0.0,"y":0.0}]
    },
    {
      "SourcePinAddress":{
        "PinID":4,
        "PinOwnerID":607489158
      },
      "TargetPinAddress":{
        "PinID":0,
        "PinOwnerID":160511374
      },
      "ConnectionType":0,
      "ConnectedWireIndex":-1,
      "ConnectedWireSegmentIndex":-1,
      "Points":[{"x":0.0,"y":0.0},{"x":0.0,"y":0.0}]
    },
    {
      "SourcePinAddress":{
        "PinID":4,
        "PinOwnerID":686217426
      },
      "TargetPinAddress":{
        "PinID":0,
        "PinOwnerID":1261218640
      },
      "ConnectionType":0,
      "ConnectedWireIndex":-1,
      "ConnectedWireSegmentIndex":-1,
      "Points":[{"x":0.0,"y":0.0},{"x":0.0,"y":0.0}]
    },
    {
      "SourcePinAddress":{
        "PinID":4,
        "PinOwnerID":1734223197
      },
      "TargetPinAddress":{
        "PinID":0,
        "PinOwnerID":384370996
      },
      "ConnectionType":0,
      "ConnectedWireIndex":-1,
      "ConnectedWireSegmentIndex":-1,
      "Points":[{"x":0.0,"y":0.0},{"x":0.0,"y":0.0}]
    },
    {
      "SourcePinAddress":{
        "PinID":8,
        "PinOwnerID":199957660
      },
      "TargetPinAddress":{
        "PinID":3,
        "PinOwnerID":1734223197
      },
      "ConnectionType":0,
      "ConnectedWireIndex":-1,
      "ConnectedWireSegmentIndex":-1,
      "Points":[{"x":0.0,"y":0.0},{"x":0.0,"y":0.0}]
    },
    {
      "SourcePinAddress":{
        "PinID":1413409358,
        "PinOwnerID":1035217960
      },
      "TargetPinAddress":{
        "PinID":2,
        "PinOwnerID":1734223197
      },
      "ConnectionType":0,
      "ConnectedWireIndex":-1,
      "ConnectedWireSegmentIndex":-1,
      "Points":[{"x":0.0,"y":0.0},{"x":0.0,"y":0.0}]
    },
    {
      "SourcePinAddress":{
        "PinID":1615174155,
        "PinOwnerID":1035217960
      },
      "TargetPinAddress":{
        "PinID":1,
        "PinOwnerID":1734223197
      },
      "ConnectionType":0,
      "ConnectedWireIndex":-1,
      "ConnectedWireSegmentIndex":-1,
      "Points":[{"x":0.0,"y":0.0},{"x":0.0,"y":0.0}]
    },
    {
      "SourcePinAddress":{
        "PinID":1724408306,
        "PinOwnerID":1035217960
      },
      "TargetPinAddress":{
        "PinID":0,
        "PinOwnerID":1734223197
      },
      "ConnectionType":0,
      "ConnectedWireIndex":-1,
      "ConnectedWireSegmentIndex":-1,
      "Points":[{"x":0.0,"y":0.0},{"x":0.0,"y":0.0}]
    },
    {
      "SourcePinAddress":{
        "PinID":989809859,
        "PinOwnerID":1035217960
      },
      "TargetPinAddress":{
        "PinID":3,
        "PinOwnerID":686217426
      },
      "ConnectionType":0,
      "ConnectedWireIndex":-1,
      "ConnectedWireSegmentIndex":-1,
      "Points":[{"x":0.0,"y":0.0},{"x":31.875,"y":-7.375},{"x":31.875,"y":-7.25},{"x":0.0,"y":0.0}]
    },
    {
      "SourcePinAddress":{
        "PinID":1413409358,
        "PinOwnerID":1815723696
      },
      "TargetPinAddress":{
        "PinID":2,
        "PinOwnerID":686217426
      },
      "ConnectionType":0,
      "ConnectedWireIndex":-1,
      "ConnectedWireSegmentIndex":-1,
      "Points":[{"x":0.0,"y":0.0},{"x":0.0,"y":0.0}]
    },
    {
      "SourcePinAddress":{
        "PinID":1615174155,
        "PinOwnerID":1815723696
      },
      "TargetPinAddress":{
        "PinID":1,
        "PinOwnerID":686217426
      },
      "ConnectionType":0,
      "ConnectedWireIndex":-1,
      "ConnectedWireSegmentIndex":-1,
      "Points":[{"x":0.0,"y":0.0},{"x":0.0,"y":0.0}]
    },
    {
      "SourcePinAddress":{
        "PinID":1724408306,
        "PinOwnerID":1815723696
      },
      "TargetPinAddress":{
        "PinID":0,
        "PinOwnerID":686217426
      },
      "ConnectionType":0,
      "ConnectedWireIndex":-1,
      "ConnectedWireSegmentIndex":-1,
      "Points":[{"x":0.0,"y":0.0},{"x":0.0,"y":0.0}]
    },
    {
      "SourcePinAddress":{
        "PinID":989809859,
        "PinOwnerID":1815723696
      },
      "TargetPinAddress":{
        "PinID":3,
        "PinOwnerID":607489158
      },
      "ConnectionType":0,
      "ConnectedWireIndex":-1,
      "ConnectedWireSegmentIndex":-1,
      "Points":[{"x":0.0,"y":0.0},{"x":31.875,"y":-6.25},{"x":31.875,"y":-6.125},{"x":0.0,"y":0.0}]
    },
    {
      "SourcePinAddress":{
        "PinID":1413409358,
        "PinOwnerID":860439585
      },
      "TargetPinAddress":{
        "PinID":2,
        "PinOwnerID":607489158
      },
      "ConnectionType":0,
      "ConnectedWireIndex":-1,
      "ConnectedWireSegmentIndex":-1,
      "Points":[{"x":0.0,"y":0.0},{"x":0.0,"y":0.0}]
    },
    {
      "SourcePinAddress":{
        "PinID":1615174155,
        "PinOwnerID":860439585
      },
      "TargetPinAddress":{
        "PinID":1,
        "PinOwnerID":607489158
      },
      "ConnectionType":0,
      "ConnectedWireIndex":-1,
      "ConnectedWireSegmentIndex":-1,
      "Points":[{"x":0.0,"y":0.0},{"x":0.0,"y":0.0}]
    },
    {
      "SourcePinAddress":{
        "PinID":1724408306,
        "PinOwnerID":860439585
      },
      "TargetPinAddress":{
        "PinID":0,
        "PinOwnerID":607489158
      },
      "ConnectionType":0,
      "ConnectedWireIndex":-1,
      "ConnectedWireSegmentIndex":-1,
      "Points":[{"x":0.0,"y":0.0},{"x":0.0,"y":0.0}]
    },
    {
      "SourcePinAddress":{
        "PinID":989809859,
        "PinOwnerID":860439585
      },
      "TargetPinAddress":{
        "PinID":3,
        "PinOwnerID":1771688487
      },
      "ConnectionType":0,
      "ConnectedWireIndex":-1,
      "ConnectedWireSegmentIndex":-1,
      "Points":[{"x":0.0,"y":0.0},{"x":31.875,"y":-5.125},{"x":31.875,"y":-5.0},{"x":0.0,"y":0.0}]
    },
    {
      "SourcePinAddress":{
        "PinID":1413409358,
        "PinOwnerID":1065892245
      },
      "TargetPinAddress":{
        "PinID":2,
        "PinOwnerID":1771688487
      },
      "ConnectionType":0,
      "ConnectedWireIndex":-1,
      "ConnectedWireSegmentIndex":-1,
      "Points":[{"x":0.0,"y":0.0},{"x":0.0,"y":0.0}]
    },
    {
      "SourcePinAddress":{
        "PinID":1615174155,
        "PinOwnerID":1065892245
      },
      "TargetPinAddress":{
        "PinID":1,
        "PinOwnerID":1771688487
      },
      "ConnectionType":0,
      "ConnectedWireIndex":-1,
      "ConnectedWireSegmentIndex":-1,
      "Points":[{"x":0.0,"y":0.0},{"x":0.0,"y":0.0}]
    },
    {
      "SourcePinAddress":{
        "PinID":1724408306,
        "PinOwnerID":1065892245
      },
      "TargetPinAddress":{
        "PinID":0,
        "PinOwnerID":1771688487
      },
      "ConnectionType":0,
      "ConnectedWireIndex":-1,
      "ConnectedWireSegmentIndex":-1,
      "Points":[{"x":0.0,"y":0.0},{"x":0.0,"y":0.0}]
    },
    {
      "SourcePinAddress":{
        "PinID":989809859,
        "PinOwnerID":1065892245
      },
      "TargetPinAddress":{
        "PinID":3,
        "PinOwnerID":1101394126
      },
      "ConnectionType":0,
      "ConnectedWireIndex":-1,
      "ConnectedWireSegmentIndex":-1,
      "Points":[{"x":0.0,"y":0.0},{"x":31.875,"y":-4.0},{"x":31.875,"y":-3.875},{"x":0.0,"y":0.0}]
    },
    {
      "SourcePinAddress":{
        "PinID":1413409358,
        "PinOwnerID":1769761377
      },
      "TargetPinAddress":{
        "PinID":2,
        "PinOwnerID":1101394126
      },
      "ConnectionType":0,
      "ConnectedWireIndex":-1,
      "ConnectedWireSegmentIndex":-1,
      "Points":[{"x":0.0,"y":0.0},{"x":0.0,"y":0.0}]
    },
    {
      "SourcePinAddress":{
        "PinID":1615174155,
        "PinOwnerID":1769761377
      },
      "TargetPinAddress":{
        "PinID":1,
        "PinOwnerID":1101394126
      },
      "ConnectionType":0,
      "ConnectedWireIndex":-1,
      "ConnectedWireSegmentIndex":-1,
      "Points":[{"x":0.0,"y":0.0},{"x":0.0,"y":0.0}]
    },
    {
      "SourcePinAddress":{
        "PinID":1724408306,
        "PinOwnerID":1769761377
      },
      "TargetPinAddress":{
        "PinID":0,
        "PinOwnerID":1101394126
      },
      "ConnectionType":0,
      "ConnectedWireIndex":-1,
      "ConnectedWireSegmentIndex":-1,
      "Points":[{"x":0.0,"y":0.0},{"x":0.0,"y":0.0}]
    }
  ]
}