{
  "ChipType": 0,
  "Colour": {
    "r": 0.121059895,
    "g": 0.386794358,
    "b": 0.76145643,
    "a": 1
  },
  "Displays": null,
  "InputPins":[
    {
      "Name":"CARRY",
      "ID":1359743643,
      "Position":{
        "x":-9.875,
        "y":-2.125
      },
      "BitCount":1,
      "Colour":0,
      "ValueDisplayMode":0
    },
    {
      "Name":"A",
      "ID":755346290,
      "Position":{
        "x":-9.875,
        "y":-2.875
      },
      "BitCount":1,
      "Colour":0,
      "ValueDisplayMode":0
    },
    {
      "Name":"B",
      "ID":8048486,
      "Position":{
        "x":-9.875,
        "y":-3.625
      },
      "BitCount":1,
      "Colour":0,
      "ValueDisplayMode":0
    }
  ],
  "Name": "FULL ADDER",
  "NameLocation": 0,
  "OutputPins":[
    {
      "Name":"Q",
      "ID":305019601,
      "Position":{
        "x":-2.5,
        "y":-3.375
      },
      "BitCount":1,
      "Colour":0,
      "ValueDisplayMode":0
    },
    {
      "Name":"CARRY",
      "ID":210039211,
      "Position":{
        "x":-2.5,
        "y":-4.5
      },
      "BitCount":1,
      "Colour":0,
      "ValueDisplayMode":0
    }
  ],
  "Size": {
    "x": 1.025,
    "y": 1.25
  },
  "SubChips":[
    {
      "Name":"XOR",
      "ID":110376537,
      "Label":"",
      "Position":{
        "x":-6.7025,
        "y":-3.25
      },
      "OutputPinColourInfo":[{"PinColour":0,"PinID":979300091}],
      "InternalData":null
    },
    {
      "Name":"XOR",
      "ID":182833251,
      "Label":"",
      "Position":{
        "x":-5.2025,
        "y":-3.375
      },
      "OutputPinColourInfo":[{"PinColour":0,"PinID":979300091}],
      "InternalData":null
    },
    {
      "Name":"AND",
      "ID":612864180,
      "Label":"",
      "Position":{
        "x":-5.2025,
        "y":-4.125
      },
      "OutputPinColourInfo":[{"PinColour":0,"PinID":2083071430}],
      "InternalData":null
    },
    {
      "Name":"AND",
      "ID":618311894,
      "Label":"",
      "Position":{
        "x":-5.2025,
        "y":-4.875
      },
      "OutputPinColourInfo":[{"PinColour":0,"PinID":2083071430}],
      "InternalData":null
    },
    {
      "Name":"OR",
      "ID":14600529,
      "Label":"",
      "Position":{
        "x":-4.1525,
        "y":-4.5
      },
      "OutputPinColourInfo":[{"PinColour":0,"PinID":716179921}],
      "InternalData":null
    }
  ],
  "Wires":[
    {
      "SourcePinAddress":{
        "PinID":979300091,
        "PinOwnerID":110376537
      },
      "TargetPinAddress":{
        "PinID":46046312,
        "PinOwnerID":182833251
      },
      "ConnectionType":0,
      "ConnectedWireIndex":-1,
      "ConnectedWireSegmentIndex":-1,
      "Points":[{"x":0.0,"y":0.0},{"x":0.0,"y":0.0}]
    },
    {
      "SourcePinAddress":{
        "PinID":0,
        "PinOwnerID":755346290
      },
      "TargetPinAddress":{
        "PinID":46046312,
        "PinOwnerID":110376537
      },
      "ConnectionType":0,
      "ConnectedWireIndex":-1,
      "ConnectedWireSegmentIndex":-1,
      "Points":[{"x":0.0,"y":0.0},{"x":-8.375,"y":-2.875},{"x":-8.375,"y":-3.125},{"x":0.0,"y":0.0}]
    },
    {
      "SourcePinAddress":{
        "PinID":0,
        "PinOwnerID":8048486
      },
      "TargetPinAddress":{
        "PinID":401736906,
        "PinOwnerID":110376537
      },
      "ConnectionType":0,
      "ConnectedWireIndex":-1,
      "ConnectedWireSegmentIndex":-1,
      "Points":[{"x":0.0,"y":0.0},{"x":-8.375,"y":-3.625},{"x":-8.375,"y":-3.375},{"x":0.0,"y":0.0}]
    },
    {
      "SourcePinAddress":{
        "PinID":979300091,
        "PinOwnerID":110376537
      },
      "TargetPinAddress":{
        "PinID":897348161,
        "PinOwnerID":612864180
      },
      "ConnectionType":1,
      "ConnectedWireIndex":0,
      "ConnectedWireSegmentIndex":0,
      "Points":[{"x":-5.75,"y":-3.25},{"x":-5.75,"y":-4.0},{"x":0.0,"y":0.0}]
    },
    {
      "SourcePinAddress":{
        "PinID":0,
        "PinOwnerID":1359743643
      },
      "TargetPinAddress":{
        "PinID":401736906,
        "PinOwnerID":182833251
      },
      "ConnectionType":0,
      "ConnectedWireIndex":-1,
      "ConnectedWireSegmentIndex":-1,
      "Points":[{"x":0.0,"y":0.0},{"x":-8.125,"y":-2.125},{"x":-8.125,"y":-3.75},{"x":-6.25,"y":-3.75},{"x":-6.25,"y":-3.5},{"x":0.0,"y":0.0}]
    },
    {
      "SourcePinAddress":{
        "PinID":0,
        "PinOwnerID":1359743643
      },
      "TargetPinAddress":{
        "PinID":543772438,
        "PinOwnerID":612864180
      },
      "ConnectionType":1,
      "ConnectedWireIndex":4,
      "ConnectedWireSegmentIndex":2,
      "Points":[{"x":-6.25,"y":-3.75},{"x":-6.25,"y":-4.25},{"x":0.0,"y":0.0}]
    },
    {
      "SourcePinAddress":{
        "PinID":0,
        "PinOwnerID":755346290
      },
      "TargetPinAddress":{
        "PinID":897348161,
        "PinOwnerID":618311894
      },
      "ConnectionType":1,
      "ConnectedWireIndex":1,
      "ConnectedWireSegmentIndex":2,
      "Points":[{"x":-7.25,"y":-3.125},{"x":-7.25,"y":-4.75},{"x":0.0,"y":0.0}]
    },
    {
      "SourcePinAddress":{
        "PinID":0,
        "PinOwnerID":8048486
      },
      "TargetPinAddress":{
        "PinID":543772438,
        "PinOwnerID":618311894
      },
      "ConnectionType":1,
      "ConnectedWireIndex":2,
      "ConnectedWireSegmentIndex":2,
      "Points":[{"x":-7.5,"y":-3.375},{"x":-7.5,"y":-5.0},{"x":0.0,"y":0.0}]
    },
    {
      "SourcePinAddress":{
        "PinID":2083071430,
        "PinOwnerID":612864180
      },
      "TargetPinAddress":{
        "PinID":1552709902,
        "PinOwnerID":14600529
      },
      "ConnectionType":0,
      "ConnectedWireIndex":-1,
      "ConnectedWireSegmentIndex":-1,
      "Points":[{"x":0.0,"y":0.0},{"x":-4.625,"y":-4.125},{"x":-4.625,"y":-4.375},{"x":0.0,"y":0.0}]
    },
    {
      "SourcePinAddress":{
        "PinID":2083071430,
        "PinOwnerID":618311894
      },
      "TargetPinAddress":{
        "PinID":916803389,
        "PinOwnerID":14600529
      },
      "ConnectionType":0,
      "ConnectedWireIndex":-1,
      "ConnectedWireSegmentIndex":-1,
      "Points":[{"x":0.0,"y":0.0},{"x":-4.625,"y":-4.875},{"x":-4.625,"y":-4.625},{"x":0.0,"y":0.0}]
    },
    {
      "SourcePinAddress":{
        "PinID":716179921,
        "PinOwnerID":14600529
      },
      "TargetPinAddress":{
        "PinID":0,
        "PinOwnerID":210039211
      },
      "ConnectionType":0,
      "ConnectedWireIndex":-1,
      "ConnectedWireSegmentIndex":-1,
      "Points":[{"x":0.0,"y":0.0},{"x":0.0,"y":0.0}]
    },
    {
      "SourcePinAddress":{
        "PinID":979300091,
        "PinOwnerID":182833251
      },
      "TargetPinAddress":{
        "PinID":0,
        "PinOwnerID":305019601
      },
      "ConnectionType":0,
      "ConnectedWireIndex":-1,
      "ConnectedWireSegmentIndex":-1,
      "Points":[{"x":0.0,"y":0.0},{"x":0.0,"y":0.0}]
    }
  ]
}