{
  "ChipType": 0,
  "Colour": {
    "r": 0.5145143,
    "g": 0.733286,
    "b": 0.323586941,
    "a": 1
  },
  "Displays": null,
  "InputPins":[
    {
      "Name":"A",
      "ID":1234685130,
      "Position":{
        "x":-10.5,
        "y":-3.125
      },
      "BitCount":1,
      "Colour":0,
      "ValueDisplayMode":0
    },
    {
      "Name":"B",
      "ID":986843848,
      "Position":{
        "x":-10.5,
        "y":-3.625
      },
      "BitCount":1,
      "Colour":0,
      "ValueDisplayMode":0
    }
  ],
  "Name": "HALF ADDER",
  "NameLocation": 0,
  "OutputPins":[
    {
      "Name":"XOR",
      "ID":1418829391,
      "Position":{
        "x":-6.625,
        "y":-3.25
      },
      "BitCount":1,
      "Colour":0,
      "ValueDisplayMode":0
    },
    {
      "Name":"AND",
      "ID":1760215222,
      "Position":{
        "x":-6.625,
        "y":-3.875
      },
      "BitCount":1,
      "Colour":0,
      "ValueDisplayMode":0
    }
  ],
  "Size": {
    "x": 1.025,
    "y": 0.5
  },
  "SubChips":[
    {
      "Name":"XOR",
      "ID":2081752348,
      "Label":"",
      "Position":{
        "x":-8.4525,
        "y":-3.25
      },
      "OutputPinColourInfo":[{"PinColour":0,"PinID":979300091}],
      "InternalData":null
    },
    {
      "Name":"AND",
      "ID":593459313,
      "Label":"",
      "Position":{
        "x":-8.4525,
        "y":-3.875
      },
      "OutputPinColourInfo":[{"PinColour":0,"PinID":2083071430}],
      "InternalData":null
    }
  ],
  "Wires":[
    {
      "SourcePinAddress":{
        "PinID":979300091,
        "PinOwnerID":2081752348
      },
      "TargetPinAddress":{
        "PinID":0,
        "PinOwnerID":1418829391
      },
      "ConnectionType":0,
      "ConnectedWireIndex":-1,
      "ConnectedWireSegmentIndex":-1,
      "Points":[{"x":0.0,"y":0.0},{"x":0.0,"y":0.0}]
    },
    {
      "SourcePinAddress":{
        "PinID":2083071430,
        "PinOwnerID":593459313
      },
      "TargetPinAddress":{
        "PinID":0,
        "PinOwnerID":1760215222
      },
      "ConnectionType":0,
      "ConnectedWireIndex":-1,
      "ConnectedWireSegmentIndex":-1,
      "Points":[{"x":0.0,"y":0.0},{"x":0.0,"y":0.0}]
    },
    {
      "SourcePinAddress":{
        "PinID":0,
        "PinOwnerID":1234685130
      },
      "TargetPinAddress":{
        "PinID":46046312,
        "PinOwnerID":2081752348
      },
      "ConnectionType":0,
      "ConnectedWireIndex":-1,
      "ConnectedWireSegmentIndex":-1,
      "Points":[{"x":0.0,"y":0.0},{"x":0.0,"y":0.0}]
    },
    {
      "SourcePinAddress":{
        "PinID":0,
        "PinOwnerID":1234685130
      },
      "TargetPinAddress":{
        "PinID":897348161,
        "PinOwnerID":593459313
      },
      "ConnectionType":1,
      "ConnectedWireIndex":2,
      "ConnectedWireSegmentIndex":0,
      "Points":[{"x":-9.125,"y":-3.125},{"x":-9.125,"y":-3.75},{"x":0.0,"y":0.0}]
    },
    {
      "SourcePinAddress":{
        "PinID":0,
        "PinOwnerID":986843848
      },
      "TargetPinAddress":{
        "PinID":401736906,
        "PinOwnerID":2081752348
      },
      "ConnectionType":0,
      "ConnectedWireIndex":-1,
      "ConnectedWireSegmentIndex":-1,
      "Points":[{"x":0.0,"y":0.0},{"x":-9.0,"y":-3.625},{"x":-9.0,"y":-3.375},{"x":0.0,"y":0.0}]
    },
    {
      "SourcePinAddress":{
        "PinID":0,
        "PinOwnerID":986843848
      },
      "TargetPinAddress":{
        "PinID":543772438,
        "PinOwnerID":593459313
      },
      "ConnectionType":1,
      "ConnectedWireIndex":4,
      "ConnectedWireSegmentIndex":0,
      "Points":[{"x":-9.0,"y":-3.625},{"x":-9.0,"y":-4.0},{"x":0.0,"y":0.0}]
    }
  ]
}