{
  "ChipType": 0,
  "Colour": {
    "r": 0.355104625,
    "g": 0.476278484,
    "b": 0.4758757,
    "a": 1
  },
  "Displays": null,
  "InputPins":[
    {
      "Name":"MONITOR DATA",
      "ID":885062024,
      "Position":{
        "x":-5.0,
        "y":-1.125
      },
      "BitCount":4,
      "Colour":0,
      "ValueDisplayMode":0
    },
    {
      "Name":"TOGGLE",
      "ID":2144197231,
      "Position":{
        "x":-5.0,
        "y":-1.625
      },
      "BitCount":1,
      "Colour":0,
      "ValueDisplayMode":0
    },
    {
      "Name":"INPUT DATA",
      "ID":1384472935,
      "Position":{
        "x":-5.0,
        "y":-2.125
      },
      "BitCount":4,
      "Colour":0,
      "ValueDisplayMode":0
    }
  ],
  "Name": "MONITOR MEM SELECT",
  "NameLocation": 0,
  "OutputPins":[
    {
      "Name":"OUTPUT DATA",
      "ID":2082733596,
      "Position":{
        "x":3.375,
        "y":-1.4375
      },
      "BitCount":4,
      "Colour":0,
      "ValueDisplayMode":0
    }
  ],
  "Size": {
    "x": 1.7,
    "y": 1.0
  },
  "SubChips":[
    {
      "Name":"4BIT AND",
      "ID":551609422,
      "Label":"",
      "Position":{
        "x":-1.3525,
        "y":-1.25
      },
      "OutputPinColourInfo":[{"PinColour":0,"PinID":338143613}],
      "InternalData":null
    },
    {
      "Name":"4BIT AND",
      "ID":1390613839,
      "Label":"",
      "Position":{
        "x":-1.3525,
        "y":-2.25
      },
      "OutputPinColourInfo":[{"PinColour":0,"PinID":338143613}],
      "InternalData":null
    },
    {
      "Name":"4BIT x2 OR",
      "ID":1459495387,
      "Label":"",
      "Position":{
        "x":0.2725,
        "y":-1.4375
      },
      "OutputPinColourInfo":[{"PinColour":0,"PinID":1530795554}],
      "InternalData":null
    },
    {
      "Name":"NOT",
      "ID":1012875303,
      "Label":"",
      "Position":{
        "x":-2.4525,
        "y":-1.4375
      },
      "OutputPinColourInfo":[{"PinColour":0,"PinID":1732242051}],
      "InternalData":null
    }
  ],
  "Wires":[
    {
      "SourcePinAddress":{
        "PinID":0,
        "PinOwnerID":1384472935
      },
      "TargetPinAddress":{
        "PinID":904559807,
        "PinOwnerID":1390613839
      },
      "ConnectionType":0,
      "ConnectedWireIndex":-1,
      "ConnectedWireSegmentIndex":-1,
      "Points":[{"x":0.0,"y":0.0},{"x":0.0,"y":0.0}]
    },
    {
      "SourcePinAddress":{
        "PinID":0,
        "PinOwnerID":885062024
      },
      "TargetPinAddress":{
        "PinID":904559807,
        "PinOwnerID":551609422
      },
      "ConnectionType":0,
      "ConnectedWireIndex":-1,
      "ConnectedWireSegmentIndex":-1,
      "Points":[{"x":0.0,"y":0.0},{"x":0.0,"y":0.0}]
    },
    {
      "SourcePinAddress":{
        "PinID":338143613,
        "PinOwnerID":551609422
      },
      "TargetPinAddress":{
        "PinID":2008853168,
        "PinOwnerID":1459495387
      },
      "ConnectionType":0,
      "ConnectedWireIndex":-1,
      "ConnectedWireSegmentIndex":-1,
      "Points":[{"x":0.0,"y":0.0},{"x":0.0,"y":0.0}]
    },
    {
      "SourcePinAddress":{
        "PinID":338143613,
        "PinOwnerID":1390613839
      },
      "TargetPinAddress":{
        "PinID":2098646463,
        "PinOwnerID":1459495387
      },
      "ConnectionType":0,
      "ConnectedWireIndex":-1,
      "ConnectedWireSegmentIndex":-1,
      "Points":[{"x":0.0,"y":0.0},{"x":-0.5,"y":-2.25},{"x":-0.5,"y":-1.625},{"x":0.0,"y":0.0}]
    },
    {
      "SourcePinAddress":{
        "PinID":1530795554,
        "PinOwnerID":1459495387
      },
      "TargetPinAddress":{
        "PinID":0,
        "PinOwnerID":2082733596
      },
      "ConnectionType":0,
      "ConnectedWireIndex":-1,
      "ConnectedWireSegmentIndex":-1,
      "Points":[{"x":0.0,"y":0.0},{"x":0.0,"y":0.0}]
    },
    {
      "SourcePinAddress":{
        "PinID":1732242051,
        "PinOwnerID":1012875303
      },
      "TargetPinAddress":{
        "PinID":943212059,
        "PinOwnerID":551609422
      },
      "ConnectionType":0,
      "ConnectedWireIndex":-1,
      "ConnectedWireSegmentIndex":-1,
      "Points":[{"x":0.0,"y":0.0},{"x":0.0,"y":0.0}]
    },
    {
      "SourcePinAddress":{
        "PinID":0,
        "PinOwnerID":2144197231
      },
      "TargetPinAddress":{
        "PinID":1772587332,
        "PinOwnerID":1012875303
      },
      "ConnectionType":0,
      "ConnectedWireIndex":-1,
      "ConnectedWireSegmentIndex":-1,
      "Points":[{"x":0.0,"y":0.0},{"x":-3.0,"y":-1.625},{"x":-3.0,"y":-1.4375},{"x":0.0,"y":0.0}]
    },
    {
      "SourcePinAddress":{
        "PinID":0,
        "PinOwnerID":2144197231
      },
      "TargetPinAddress":{
        "PinID":943212059,
        "PinOwnerID":1390613839
      },
      "ConnectionType":1,
      "ConnectedWireIndex":6,
      "ConnectedWireSegmentIndex":0,
      "Points":[{"x":-3.0,"y":-1.625},{"x":-3.0,"y":-2.4375},{"x":0.0,"y":0.0}]
    }
  ]
}