{
  "ChipType": 0,
  "Colour": {
    "r": 0.08962742,
    "g": 0.1795949,
    "b": 0.5012501,
    "a": 1
  },
  "Displays": null,
  "InputPins":[
    {
      "Name":"COLOUR",
      "ID":1406270107,
      "Position":{
        "x":-550.5,
        "y":-52.1875
      },
      "BitCount":1,
      "Colour":0,
      "ValueDisplayMode":0
    },
    {
      "Name":"RIPPLE BLANKING",
      "ID":1000767850,
      "Position":{
        "x":-550.5,
        "y":-53.0
      },
      "BitCount":1,
      "Colour":0,
      "ValueDisplayMode":0
    },
    {
      "Name":"COLOUR",
      "ID":1600586071,
      "Position":{
        "x":-561.875,
        "y":-53.0625
      },
      "BitCount":1,
      "Colour":0,
      "ValueDisplayMode":0
    },
    {
      "Name":"RIPPLE BLANKING",
      "ID":251088560,
      "Position":{
        "x":-561.875,
        "y":-53.5625
      },
      "BitCount":1,
      "Colour":0,
      "ValueDisplayMode":0
    },
    {
      "Name":"IN",
      "ID":1031993731,
      "Position":{
        "x":-573.25,
        "y":-65.1875
      },
      "BitCount":1,
      "Colour":0,
      "ValueDisplayMode":0
    },
    {
      "Name":"IN",
      "ID":1418001552,
      "Position":{
        "x":-567.875,
        "y":-65.5625
      },
      "BitCount":8,
      "Colour":0,
      "ValueDisplayMode":0
    },
    {
      "Name":"IN",
      "ID":2105280440,
      "Position":{
        "x":-573.25,
        "y":-65.8125
      },
      "BitCount":1,
      "Colour":0,
      "ValueDisplayMode":0
    }
  ],
  "Name": "MOTHERBOARD",
  "NameLocation": 0,
  "OutputPins":[],
  "Size": {
    "x": 1.775,
    "y": 2.0
  },
  "SubChips":[
    {
      "Name":"256 BYTE MEM",
      "ID":1860900274,
      "Label":"",
      "Position":{
        "x":-564.14001,
        "y":-55.25
      },
      "OutputPinColourInfo":[{"PinColour":2,"PinID":740734275},{"PinColour":6,"PinID":986266066}],
      "InternalData":null
    },
    {
      "Name":"256 BYTE MEM",
      "ID":1960310895,
      "Label":"",
      "Position":{
        "x":-564.14001,
        "y":-57.125
      },
      "OutputPinColourInfo":[{"PinColour":2,"PinID":740734275},{"PinColour":6,"PinID":986266066}],
      "InternalData":null
    },
    {
      "Name":"8BIT AND",
      "ID":1686222959,
      "Label":"",
      "Position":{
        "x":-560.22748,
        "y":-54.75
      },
      "OutputPinColourInfo":[{"PinColour":2,"PinID":784645988}],
      "InternalData":null
    },
    {
      "Name":"8BIT AND",
      "ID":458527392,
      "Label":"",
      "Position":{
        "x":-560.22748,
        "y":-56.625
      },
      "OutputPinColourInfo":[{"PinColour":2,"PinID":784645988}],
      "InternalData":null
    },
    {
      "Name":"AND",
      "ID":158912781,
      "Label":"",
      "Position":{
        "x":-561.57751,
        "y":-54.125
      },
      "OutputPinColourInfo":[{"PinColour":6,"PinID":2083071430}],
      "InternalData":null
    },
    {
      "Name":"BUS-8",
      "ID":1978791594,
      "Label":"",
      "Position":{
        "x":-573.23999,
        "y":-58.875
      },
      "OutputPinColourInfo":[{"PinColour":2,"PinID":1}],
      "InternalData":[1292032174,0]
    },
    {
      "Name":"BUS-TERMINUS-8",
      "ID":1292032174,
      "Label":"",
      "Position":{
        "x":-541.11499,
        "y":-58.875
      },
      "OutputPinColourInfo":[],
      "InternalData":[1978791594,0]
    },
    {
      "Name":"BUS-8",
      "ID":1780705453,
      "Label":"",
      "Position":{
        "x":-573.23999,
        "y":-59.5
      },
      "OutputPinColourInfo":[{"PinColour":2,"PinID":1}],
      "InternalData":[328953661,0]
    },
    {
      "Name":"BUS-TERMINUS-8",
      "ID":328953661,
      "Label":"",
      "Position":{
        "x":-541.11499,
        "y":-59.5
      },
      "OutputPinColourInfo":[],
      "InternalData":[1780705453,0]
    },
    {
      "Name":"BUS-8",
      "ID":1272024233,
      "Label":"",
      "Position":{
        "x":-573.23999,
        "y":-60.75
      },
      "OutputPinColourInfo":[{"PinColour":3,"PinID":1}],
      "InternalData":[1452663336,0]
    },
    {
      "Name":"BUS-TERMINUS-8",
      "ID":1452663336,
      "Label":"",
      "Position":{
        "x":-541.11499,
        "y":-60.75
      },
      "OutputPinColourInfo":[],
      "InternalData":[1272024233,0]
    },
    {
      "Name":"16 BIT NUM DISP",
      "ID":920157140,
      "Label":"DATA",
      "Position":{
        "x":-555.60852,
        "y":-53.0625
      },
      "OutputPinColourInfo":[],
      "InternalData":null
    },
    {
      "Name":"16 BIT NUM DISP",
      "ID":1864913234,
      "Label":"ADDRESS",
      "Position":{
        "x":-555.60852,
        "y":-50.5
      },
      "OutputPinColourInfo":[],
      "InternalData":null
    },
    {
      "Name":"BUS-8",
      "ID":1770926010,
      "Label":"",
      "Position":{
        "x":-573.23999,
        "y":-62.0
      },
      "OutputPinColourInfo":[{"PinColour":3,"PinID":1}],
      "InternalData":[1706207746,0]
    },
    {
      "Name":"BUS-TERMINUS-8",
      "ID":1706207746,
      "Label":"",
      "Position":{
        "x":-541.11499,
        "y":-62.0
      },
      "OutputPinColourInfo":[],
      "InternalData":[1770926010,0]
    },
    {
      "Name":"BUS-8",
      "ID":366192315,
      "Label":"",
      "Position":{
        "x":-573.23999,
        "y":-62.625
      },
      "OutputPinColourInfo":[{"PinColour":3,"PinID":1}],
      "InternalData":[1389127476,0]
    },
    {
      "Name":"BUS-TERMINUS-8",
      "ID":1389127476,
      "Label":"",
      "Position":{
        "x":-541.11499,
        "y":-62.625
      },
      "OutputPinColourInfo":[],
      "InternalData":[366192315,0]
    },
    {
      "Name":"ROM READ OP",
      "ID":721525802,
      "Label":"",
      "Position":{
        "x":-554.15253,
        "y":-55.625
      },
      "OutputPinColourInfo":[{"PinColour":3,"PinID":2021466066},{"PinColour":3,"PinID":518386242},{"PinColour":3,"PinID":1674161482},{"PinColour":3,"PinID":929616851}],
      "InternalData":null
    },
    {
      "Name":"ROM 256×16",
      "ID":1847093128,
      "Label":"",
      "Position":{
        "x":-556.98999,
        "y":-55.0
      },
      "OutputPinColourInfo":[{"PinColour":3,"PinID":1},{"PinColour":3,"PinID":2}],
      "InternalData":[0,0,0,0,0,0,0,0,0,0,0,0,0,0,0,0,0,0,0,0,0,0,0,0,0,0,0,0,0,0,0,0,0,0,0,0,0,0,0,0,0,0,0,0,0,0,0,0,0,0,0,0,0,0,0,0,0,0,0,0,0,0,0,0,0,0,0,0,0,0,0,0,0,0,0,0,0,0,0,0,0,0,0,0,0,0,0,0,0,0,0,0,0,0,0,0,0,0,0,0,0,0,0,0,0,0,0,0,0,0,0,0,0,0,0,0,0,0,0,0,0,0,0,0,0,0,0,0,0,0,0,0,0,0,0,0,0,0,0,0,0,0,0,0,0,0,0,0,0,0,0,0,0,0,0,0,0,0,0,0,0,0,0,0,0,0,0,0,0,0,0,0,0,0,0,0,0,0,0,0,0,0,0,0,0,0,0,0,0,0,0,0,0,0,0,0,0,0,0,0,0,0,0,0,0,0,0,0,0,0,0,0,0,0,0,0,0,0,0,0,0,0,0,0,0,0,0,0,0,0,0,0,0,0,0,0,0,0,0,0,0,0,0,0,0,0,0,0,0,0,0,0,0,0,0,0]
    },
    {
      "Name":"ROM 256×16",
      "ID":192793597,
      "Label":"",
      "Position":{
        "x":-556.98999,
        "y":-56.125
      },
      "OutputPinColourInfo":[{"PinColour":3,"PinID":1},{"PinColour":3,"PinID":2}],
      "InternalData":[0,0,0,0,0,0,0,0,1,2,3,0,0,0,0,0,0,0,0,0,0,0,0,0,0,0,0,0,0,0,0,0,0,0,0,0,0,0,0,0,0,0,0,0,0,0,0,0,0,0,0,0,0,0,0,0,0,0,0,0,0,0,0,0,0,0,0,0,0,0,0,0,0,0,0,0,0,0,0,0,0,0,0,0,0,0,0,0,0,0,0,0,0,0,0,0,0,0,0,0,0,0,0,0,0,0,0,0,0,0,0,0,0,0,0,0,0,0,0,0,0,0,0,0,0,0,0,0,0,0,0,0,0,0,0,0,0,0,0,0,0,0,0,0,0,0,0,0,0,0,0,0,0,0,0,0,0,0,0,0,0,0,0,0,0,0,0,0,0,0,0,0,0,0,0,0,0,0,0,0,0,0,0,0,0,0,0,0,0,0,0,0,0,0,0,0,0,0,0,0,0,0,0,0,0,0,0,0,0,0,0,0,0,0,0,0,0,0,0,0,0,0,0,0,0,0,0,0,0,0,0,0,0,0,0,0,0,0,0,0,0,0,0,0,0,0,0,0,0,0,0,0,0,0,0,0]
    },
    {
      "Name":"BUS-8",
      "ID":1476974048,
      "Label":"",
      "Position":{
        "x":-573.23999,
        "y":-63.875
      },
      "OutputPinColourInfo":[{"PinColour":0,"PinID":1}],
      "InternalData":[530480033,0]
    },
    {
      "Name":"BUS-TERMINUS-8",
      "ID":530480033,
      "Label":"",
      "Position":{
        "x":-541.11499,
        "y":-63.875
      },
      "OutputPinColourInfo":[],
      "InternalData":[1476974048,0]
    },
    {
      "Name":"ROM CTRL",
      "ID":177658942,
      "Label":"",
      "Position":{
        "x":-556.72748,
        "y":-57.875
      },
      "OutputPinColourInfo":[{"PinColour":0,"PinID":63799639}],
      "InternalData":null
    },
    {
      "Name":"BUS-8",
      "ID":85245852,
      "Label":"",
      "Position":{
        "x":-573.23999,
        "y":-61.375
      },
      "OutputPinColourInfo":[{"PinColour":3,"PinID":1}],
      "InternalData":[537715669,0]
    },
    {
      "Name":"BUS-TERMINUS-8",
      "ID":537715669,
      "Label":"",
      "Position":{
        "x":-541.11499,
        "y":-61.375
      },
      "OutputPinColourInfo":[],
      "InternalData":[85245852,0]
    },
    {
      "Name":"4 x 8BIT",
      "ID":1077940749,
      "Label":"",
      "Position":{
        "x":-551.97748,
        "y":-56.0
      },
      "OutputPinColourInfo":[{"PinColour":0,"PinID":505573893},{"PinColour":0,"PinID":1846732228},{"PinColour":0,"PinID":290743238},{"PinColour":0,"PinID":610698709}],
      "InternalData":null
    },
    {
      "Name":"8BIT AND",
      "ID":812813186,
      "Label":"",
      "Position":{
        "x":-549.97748,
        "y":-54.625
      },
      "OutputPinColourInfo":[{"PinColour":3,"PinID":784645988}],
      "InternalData":null
    },
    {
      "Name":"8BIT AND",
      "ID":2035704373,
      "Label":"",
      "Position":{
        "x":-549.97748,
        "y":-55.5
      },
      "OutputPinColourInfo":[{"PinColour":3,"PinID":784645988}],
      "InternalData":null
    },
    {
      "Name":"8BIT AND",
      "ID":743736208,
      "Label":"",
      "Position":{
        "x":-549.97748,
        "y":-56.375
      },
      "OutputPinColourInfo":[{"PinColour":3,"PinID":784645988}],
      "InternalData":null
    },
    {
      "Name":"8BIT AND",
      "ID":105253545,
      "Label":"",
      "Position":{
        "x":-549.97748,
        "y":-57.25
      },
      "OutputPinColourInfo":[{"PinColour":3,"PinID":784645988}],
      "InternalData":null
    },
    {
      "Name":"4-1BIT",
      "ID":214341056,
      "Label":"",
      "Position":{
        "x":-555.30249,
        "y":-57.875
      },
      "OutputPinColourInfo":[{"PinColour":0,"PinID":1},{"PinColour":0,"PinID":2},{"PinColour":0,"PinID":3},{"PinColour":0,"PinID":4}],
      "InternalData":null
    },
    {
      "Name":"8 BIT DISPLAY",
      "ID":177240527,
      "Label":"",
      "Position":{
        "x":-545.01501,
        "y":-47.5625
      },
      "OutputPinColourInfo":[],
      "InternalData":null
    },
    {
      "Name":"8 BIT DISPLAY",
      "ID":1312516671,
      "Label":"",
      "Position":{
        "x":-545.01501,
        "y":-49.8125
      },
      "OutputPinColourInfo":[],
      "InternalData":null
    },
    {
      "Name":"8 BIT DISPLAY",
      "ID":1413997130,
      "Label":"",
      "Position":{
        "x":-545.01501,
        "y":-52.0625
      },
      "OutputPinColourInfo":[],
      "InternalData":null
    },
    {
      "Name":"8 BIT DISPLAY",
      "ID":1022070625,
      "Label":"",
      "Position":{
        "x":-545.01501,
        "y":-54.3125
      },
      "OutputPinColourInfo":[],
      "InternalData":null
    },
    {
      "Name":"RAM CTRL",
      "ID":133814460,
      "Label":"",
      "Position":{
        "x":-568.10248,
        "y":-55.9375
      },
      "OutputPinColourInfo":[{"PinColour":0,"PinID":1677159434},{"PinColour":0,"PinID":1637751836},{"PinColour":0,"PinID":884431359},{"PinColour":6,"PinID":880727079},{"PinColour":6,"PinID":293057238},{"PinColour":6,"PinID":1169546493}],
      "InternalData":null
    },
    {
      "Name":"BUS-1",
      "ID":866331253,
      "Label":"",
      "Position":{
        "x":-573.23999,
        "y":-64.375
      },
      "OutputPinColourInfo":[{"PinColour":0,"PinID":1}],
      "InternalData":[416202830,0]
    },
    {
      "Name":"BUS-TERMINUS-1",
      "ID":416202830,
      "Label":"",
      "Position":{
        "x":-541.11499,
        "y":-64.375
      },
      "OutputPinColourInfo":[],
      "InternalData":[866331253,0]
    },
    {
      "Name":"BUS-1",
      "ID":1726242072,
      "Label":"",
      "Position":{
        "x":-573.23999,
        "y":-64.75
      },
      "OutputPinColourInfo":[{"PinColour":0,"PinID":1}],
      "InternalData":[248336472,0]
    },
    {
      "Name":"BUS-TERMINUS-1",
      "ID":248336472,
      "Label":"",
      "Position":{
        "x":-541.11499,
        "y":-64.75
      },
      "OutputPinColourInfo":[],
      "InternalData":[1726242072,0]
    },
    {
      "Name":"ON DISABLE SWITCH",
      "ID":1237455138,
      "Label":"",
      "Position":{
        "x":-553.01501,
        "y":-58.25
      },
      "OutputPinColourInfo":[{"PinColour":0,"PinID":1952218310}],
      "InternalData":null
    },
    {
      "Name":"ON DISABLE SWITCH",
      "ID":1282358320,
      "Label":"",
      "Position":{
        "x":-571.14001,
        "y":-65.1875
      },
      "OutputPinColourInfo":[{"PinColour":0,"PinID":1952218310}],
      "InternalData":null
    },
    {
      "Name":"ON DISABLE SWITCH",
      "ID":1183694422,
      "Label":"",
      "Position":{
        "x":-571.14001,
        "y":-65.8125
      },
      "OutputPinColourInfo":[{"PinColour":0,"PinID":1952218310}],
      "InternalData":null
    },
    {
      "Name":"ACC",
      "ID":1221209471,
      "Label":"",
      "Position":{
        "x":-544.20251,
        "y":-56.0625
      },
      "OutputPinColourInfo":[{"PinColour":0,"PinID":1614287822},{"PinColour":0,"PinID":765570533}],
      "InternalData":null
    },
    {
      "Name":"8-4BIT",
      "ID":1543128554,
      "Label":"",
      "Position":{
        "x":-546.05249,
        "y":-55.9375
      },
      "OutputPinColourInfo":[{"PinColour":0,"PinID":1},{"PinColour":0,"PinID":2}],
      "InternalData":null
    }
  ],
  "Wires":[
    {
      "SourcePinAddress":{
        "PinID":986266066,
        "PinOwnerID":1860900274
      },
      "TargetPinAddress":{
        "PinID":897348161,
        "PinOwnerID":158912781
      },
      "ConnectionType":0,
      "ConnectedWireIndex":-1,
      "ConnectedWireSegmentIndex":-1,
      "Points":[{"x":0.0,"y":0.0},{"x":-562.25,"y":-56.0},{"x":-562.25,"y":-54.0},{"x":0.0,"y":0.0}]
    },
    {
      "SourcePinAddress":{
        "PinID":986266066,
        "PinOwnerID":1960310895
      },
      "TargetPinAddress":{
        "PinID":543772438,
        "PinOwnerID":158912781
      },
      "ConnectionType":0,
      "ConnectedWireIndex":-1,
      "ConnectedWireSegmentIndex":-1,
      "Points":[{"x":0.0,"y":0.0},{"x":-562.125,"y":-57.875},{"x":-562.125,"y":-54.25},{"x":0.0,"y":0.0}]
    },
    {
      "SourcePinAddress":{
        "PinID":740734275,
        "PinOwnerID":1860900274
      },
      "TargetPinAddress":{
        "PinID":617130315,
        "PinOwnerID":1686222959
      },
      "ConnectionType":0,
      "ConnectedWireIndex":-1,
      "ConnectedWireSegmentIndex":-1,
      "Points":[{"x":0.0,"y":0.0},{"x":0.0,"y":0.0}]
    },
    {
      "SourcePinAddress":{
        "PinID":740734275,
        "PinOwnerID":1960310895
      },
      "TargetPinAddress":{
        "PinID":617130315,
        "PinOwnerID":458527392
      },
      "ConnectionType":0,
      "ConnectedWireIndex":-1,
      "ConnectedWireSegmentIndex":-1,
      "Points":[{"x":0.0,"y":0.0},{"x":0.0,"y":0.0}]
    },
    {
      "SourcePinAddress":{
        "PinID":2083071430,
        "PinOwnerID":158912781
      },
      "TargetPinAddress":{
        "PinID":1720693614,
        "PinOwnerID":458527392
      },
      "ConnectionType":0,
      "ConnectedWireIndex":-1,
      "ConnectedWireSegmentIndex":-1,
      "Points":[{"x":0.0,"y":0.0},{"x":-561.0,"y":-54.125},{"x":-561.0,"y":-56.875},{"x":0.0,"y":0.0}]
    },
    {
      "SourcePinAddress":{
        "PinID":2083071430,
        "PinOwnerID":158912781
      },
      "TargetPinAddress":{
        "PinID":1720693614,
        "PinOwnerID":1686222959
      },
      "ConnectionType":1,
      "ConnectedWireIndex":4,
      "ConnectedWireSegmentIndex":1,
      "Points":[{"x":-561.0,"y":-55.0},{"x":0.0,"y":0.0}]
    },
    {
      "SourcePinAddress":{
        "PinID":1,
        "PinOwnerID":1780705453
      },
      "TargetPinAddress":{
        "PinID":0,
        "PinOwnerID":328953661
      },
      "ConnectionType":0,
      "ConnectedWireIndex":-1,
      "ConnectedWireSegmentIndex":-1,
      "Points":[{"x":0.0,"y":0.0},{"x":0.0,"y":0.0}]
    },
    {
      "SourcePinAddress":{
        "PinID":1,
        "PinOwnerID":1978791594
      },
      "TargetPinAddress":{
        "PinID":0,
        "PinOwnerID":1292032174
      },
      "ConnectionType":0,
      "ConnectedWireIndex":-1,
      "ConnectedWireSegmentIndex":-1,
      "Points":[{"x":0.0,"y":0.0},{"x":0.0,"y":0.0}]
    },
    {
      "SourcePinAddress":{
        "PinID":784645988,
        "PinOwnerID":1686222959
      },
      "TargetPinAddress":{
        "PinID":0,
        "PinOwnerID":1978791594
      },
      "ConnectionType":2,
      "ConnectedWireIndex":7,
      "ConnectedWireSegmentIndex":0,
      "Points":[{"x":0.0,"y":0.0},{"x":-558.625,"y":-54.75},{"x":-558.625,"y":-58.875}]
    },
    {
      "SourcePinAddress":{
        "PinID":1,
        "PinOwnerID":1272024233
      },
      "TargetPinAddress":{
        "PinID":0,
        "PinOwnerID":1452663336
      },
      "ConnectionType":0,
      "ConnectedWireIndex":-1,
      "ConnectedWireSegmentIndex":-1,
      "Points":[{"x":0.0,"y":0.0},{"x":0.0,"y":0.0}]
    },
    {
      "SourcePinAddress":{
        "PinID":784645988,
        "PinOwnerID":1686222959
      },
      "TargetPinAddress":{
        "PinID":65281524,
        "PinOwnerID":920157140
      },
      "ConnectionType":1,
      "ConnectedWireIndex":8,
      "ConnectedWireSegmentIndex":1,
      "Points":[{"x":-558.625,"y":-54.79423},{"x":-558.625,"y":-52.25},{"x":0.0,"y":0.0}]
    },
    {
      "SourcePinAddress":{
        "PinID":0,
        "PinOwnerID":251088560
      },
      "TargetPinAddress":{
        "PinID":639306204,
        "PinOwnerID":920157140
      },
      "ConnectionType":0,
      "ConnectedWireIndex":-1,
      "ConnectedWireSegmentIndex":-1,
      "Points":[{"x":0.0,"y":0.0},{"x":-561.125,"y":-54.0},{"x":0.0,"y":0.0}]
    },
    {
      "SourcePinAddress":{
        "PinID":0,
        "PinOwnerID":1600586071
      },
      "TargetPinAddress":{
        "PinID":1755716307,
        "PinOwnerID":920157140
      },
      "ConnectionType":0,
      "ConnectedWireIndex":-1,
      "ConnectedWireSegmentIndex":-1,
      "Points":[{"x":0.0,"y":0.0},{"x":-560.875,"y":-53.0625},{"x":-560.875,"y":-53.54167},{"x":0.0,"y":0.0}]
    },
    {
      "SourcePinAddress":{
        "PinID":0,
        "PinOwnerID":1600586071
      },
      "TargetPinAddress":{
        "PinID":1755716307,
        "PinOwnerID":1864913234
      },
      "ConnectionType":1,
      "ConnectedWireIndex":12,
      "ConnectedWireSegmentIndex":0,
      "Points":[{"x":-560.875,"y":-53.0625},{"x":-560.875,"y":-50.97917},{"x":0.0,"y":0.0}]
    },
    {
      "SourcePinAddress":{
        "PinID":0,
        "PinOwnerID":251088560
      },
      "TargetPinAddress":{
        "PinID":639306204,
        "PinOwnerID":1864913234
      },
      "ConnectionType":1,
      "ConnectedWireIndex":11,
      "ConnectedWireSegmentIndex":1,
      "Points":[{"x":-560.625,"y":-54.0},{"x":-560.625,"y":-51.4375},{"x":0.0,"y":0.0}]
    },
    {
      "SourcePinAddress":{
        "PinID":1,
        "PinOwnerID":1770926010
      },
      "TargetPinAddress":{
        "PinID":0,
        "PinOwnerID":1706207746
      },
      "ConnectionType":0,
      "ConnectedWireIndex":-1,
      "ConnectedWireSegmentIndex":-1,
      "Points":[{"x":0.0,"y":0.0},{"x":0.0,"y":0.0}]
    },
    {
      "SourcePinAddress":{
        "PinID":1,
        "PinOwnerID":1476974048
      },
      "TargetPinAddress":{
        "PinID":0,
        "PinOwnerID":530480033
      },
      "ConnectionType":0,
      "ConnectedWireIndex":-1,
      "ConnectedWireSegmentIndex":-1,
      "Points":[{"x":0.0,"y":0.0},{"x":0.0,"y":0.0}]
    },
    {
      "SourcePinAddress":{
        "PinID":1,
        "PinOwnerID":366192315
      },
      "TargetPinAddress":{
        "PinID":0,
        "PinOwnerID":1389127476
      },
      "ConnectionType":0,
      "ConnectedWireIndex":-1,
      "ConnectedWireSegmentIndex":-1,
      "Points":[{"x":0.0,"y":0.0},{"x":0.0,"y":0.0}]
    },
    {
      "SourcePinAddress":{
        "PinID":1,
        "PinOwnerID":1476974048
      },
      "TargetPinAddress":{
        "PinID":0,
        "PinOwnerID":1847093128
      },
      "ConnectionType":1,
      "ConnectedWireIndex":16,
      "ConnectedWireSegmentIndex":0,
      "Points":[{"x":-558.125,"y":-63.875},{"x":-558.125,"y":-55.0},{"x":0.0,"y":0.0}]
    },
    {
      "SourcePinAddress":{
        "PinID":1,
        "PinOwnerID":1476974048
      },
      "TargetPinAddress":{
        "PinID":0,
        "PinOwnerID":192793597
      },
      "ConnectionType":1,
      "ConnectedWireIndex":18,
      "ConnectedWireSegmentIndex":0,
      "Points":[{"x":-558.125,"y":-56.125},{"x":0.0,"y":0.0}]
    },
    {
      "SourcePinAddress":{
        "PinID":1,
        "PinOwnerID":1847093128
      },
      "TargetPinAddress":{
        "PinID":884205196,
        "PinOwnerID":721525802
      },
      "ConnectionType":0,
      "ConnectedWireIndex":-1,
      "ConnectedWireSegmentIndex":-1,
      "Points":[{"x":0.0,"y":0.0},{"x":0.0,"y":0.0}]
    },
    {
      "SourcePinAddress":{
        "PinID":2,
        "PinOwnerID":1847093128
      },
      "TargetPinAddress":{
        "PinID":512570844,
        "PinOwnerID":721525802
      },
      "ConnectionType":0,
      "ConnectedWireIndex":-1,
      "ConnectedWireSegmentIndex":-1,
      "Points":[{"x":0.0,"y":0.0},{"x":0.0,"y":0.0}]
    },
    {
      "SourcePinAddress":{
        "PinID":1,
        "PinOwnerID":192793597
      },
      "TargetPinAddress":{
        "PinID":943658673,
        "PinOwnerID":721525802
      },
      "ConnectionType":0,
      "ConnectedWireIndex":-1,
      "ConnectedWireSegmentIndex":-1,
      "Points":[{"x":0.0,"y":0.0},{"x":-555.75,"y":-55.875},{"x":-555.75,"y":-55.75},{"x":0.0,"y":0.0}]
    },
    {
      "SourcePinAddress":{
        "PinID":2,
        "PinOwnerID":192793597
      },
      "TargetPinAddress":{
        "PinID":760717889,
        "PinOwnerID":721525802
      },
      "ConnectionType":0,
      "ConnectedWireIndex":-1,
      "ConnectedWireSegmentIndex":-1,
      "Points":[{"x":0.0,"y":0.0},{"x":-555.25,"y":-56.375},{"x":-555.25,"y":-56.25},{"x":0.0,"y":0.0}]
    },
    {
      "SourcePinAddress":{
        "PinID":1,
        "PinOwnerID":85245852
      },
      "TargetPinAddress":{
        "PinID":0,
        "PinOwnerID":537715669
      },
      "ConnectionType":0,
      "ConnectedWireIndex":-1,
      "ConnectedWireSegmentIndex":-1,
      "Points":[{"x":0.0,"y":0.0},{"x":0.0,"y":0.0}]
    },
    {
      "SourcePinAddress":{
        "PinID":1674161482,
        "PinOwnerID":721525802
      },
      "TargetPinAddress":{
        "PinID":302507651,
        "PinOwnerID":1077940749
      },
      "ConnectionType":0,
      "ConnectedWireIndex":-1,
      "ConnectedWireSegmentIndex":-1,
      "Points":[{"x":0.0,"y":0.0},{"x":-552.9375,"y":-55.91667},{"x":-552.9375,"y":-55.875},{"x":0.0,"y":0.0}]
    },
    {
      "SourcePinAddress":{
        "PinID":518386242,
        "PinOwnerID":721525802
      },
      "TargetPinAddress":{
        "PinID":1668718273,
        "PinOwnerID":1077940749
      },
      "ConnectionType":0,
      "ConnectedWireIndex":-1,
      "ConnectedWireSegmentIndex":-1,
      "Points":[{"x":0.0,"y":0.0},{"x":-552.9375,"y":-55.33333},{"x":-552.9375,"y":-55.375},{"x":0.0,"y":0.0}]
    },
    {
      "SourcePinAddress":{
        "PinID":2021466066,
        "PinOwnerID":721525802
      },
      "TargetPinAddress":{
        "PinID":1607745484,
        "PinOwnerID":1077940749
      },
      "ConnectionType":0,
      "ConnectedWireIndex":-1,
      "ConnectedWireSegmentIndex":-1,
      "Points":[{"x":0.0,"y":0.0},{"x":-552.9375,"y":-54.75},{"x":-552.9375,"y":-54.875},{"x":0.0,"y":0.0}]
    },
    {
      "SourcePinAddress":{
        "PinID":929616851,
        "PinOwnerID":721525802
      },
      "TargetPinAddress":{
        "PinID":1474179181,
        "PinOwnerID":1077940749
      },
      "ConnectionType":0,
      "ConnectedWireIndex":-1,
      "ConnectedWireSegmentIndex":-1,
      "Points":[{"x":0.0,"y":0.0},{"x":-552.9375,"y":-56.5},{"x":-552.9375,"y":-56.375},{"x":0.0,"y":0.0}]
    },
    {
      "SourcePinAddress":{
        "PinID":0,
        "PinOwnerID":1418001552
      },
      "TargetPinAddress":{
        "PinID":0,
        "PinOwnerID":1476974048
      },
      "ConnectionType":2,
      "ConnectedWireIndex":16,
      "ConnectedWireSegmentIndex":0,
      "Points":[{"x":0.0,"y":0.0},{"x":-566.0,"y":-65.5625},{"x":-566.0,"y":-63.875}]
    },
    {
      "SourcePinAddress":{
        "PinID":610698709,
        "PinOwnerID":1077940749
      },
      "TargetPinAddress":{
        "PinID":617130315,
        "PinOwnerID":105253545
      },
      "ConnectionType":0,
      "ConnectedWireIndex":-1,
      "ConnectedWireSegmentIndex":-1,
      "Points":[{"x":0.0,"y":0.0},{"x":0.0,"y":0.0}]
    },
    {
      "SourcePinAddress":{
        "PinID":290743238,
        "PinOwnerID":1077940749
      },
      "TargetPinAddress":{
        "PinID":617130315,
        "PinOwnerID":743736208
      },
      "ConnectionType":0,
      "ConnectedWireIndex":-1,
      "ConnectedWireSegmentIndex":-1,
      "Points":[{"x":0.0,"y":0.0},{"x":-551.0,"y":-56.375},{"x":-551.0,"y":-56.25},{"x":0.0,"y":0.0}]
    },
    {
      "SourcePinAddress":{
        "PinID":1846732228,
        "PinOwnerID":1077940749
      },
      "TargetPinAddress":{
        "PinID":617130315,
        "PinOwnerID":2035704373
      },
      "ConnectionType":0,
      "ConnectedWireIndex":-1,
      "ConnectedWireSegmentIndex":-1,
      "Points":[{"x":0.0,"y":0.0},{"x":-551.0,"y":-55.625},{"x":-551.0,"y":-55.375},{"x":0.0,"y":0.0}]
    },
    {
      "SourcePinAddress":{
        "PinID":505573893,
        "PinOwnerID":1077940749
      },
      "TargetPinAddress":{
        "PinID":617130315,
        "PinOwnerID":812813186
      },
      "ConnectionType":0,
      "ConnectedWireIndex":-1,
      "ConnectedWireSegmentIndex":-1,
      "Points":[{"x":0.0,"y":0.0},{"x":-551.0,"y":-54.875},{"x":-551.0,"y":-54.5},{"x":0.0,"y":0.0}]
    },
    {
      "SourcePinAddress":{
        "PinID":63799639,
        "PinOwnerID":177658942
      },
      "TargetPinAddress":{
        "PinID":0,
        "PinOwnerID":214341056
      },
      "ConnectionType":0,
      "ConnectedWireIndex":-1,
      "ConnectedWireSegmentIndex":-1,
      "Points":[{"x":0.0,"y":0.0},{"x":0.0,"y":0.0}]
    },
    {
      "SourcePinAddress":{
        "PinID":1,
        "PinOwnerID":214341056
      },
      "TargetPinAddress":{
        "PinID":1983545505,
        "PinOwnerID":721525802
      },
      "ConnectionType":0,
      "ConnectedWireIndex":-1,
      "ConnectedWireSegmentIndex":-1,
      "Points":[{"x":0.0,"y":0.0},{"x":-554.5,"y":-57.5},{"x":-554.5,"y":-57.0},{"x":-554.9375,"y":-57.0},{"x":-554.9375,"y":-56.625},{"x":0.0,"y":0.0}]
    },
    {
      "SourcePinAddress":{
        "PinID":2,
        "PinOwnerID":214341056
      },
      "TargetPinAddress":{
        "PinID":1139287227,
        "PinOwnerID":1077940749
      },
      "ConnectionType":0,
      "ConnectedWireIndex":-1,
      "ConnectedWireSegmentIndex":-1,
      "Points":[{"x":0.0,"y":0.0},{"x":-554.375,"y":-57.75},{"x":-554.375,"y":-57.0},{"x":0.0,"y":0.0}]
    },
    {
      "SourcePinAddress":{
        "PinID":3,
        "PinOwnerID":214341056
      },
      "TargetPinAddress":{
        "PinID":1104947810,
        "PinOwnerID":1077940749
      },
      "ConnectionType":0,
      "ConnectedWireIndex":-1,
      "ConnectedWireSegmentIndex":-1,
      "Points":[{"x":0.0,"y":0.0},{"x":-554.25,"y":-58.0},{"x":-554.25,"y":-57.25},{"x":0.0,"y":0.0}]
    },
    {
      "SourcePinAddress":{
        "PinID":2,
        "PinOwnerID":214341056
      },
      "TargetPinAddress":{
        "PinID":2027559358,
        "PinOwnerID":1077940749
      },
      "ConnectionType":1,
      "ConnectedWireIndex":36,
      "ConnectedWireSegmentIndex":2,
      "Points":[{"x":-552.75,"y":-57.0},{"x":-552.75,"y":-56.75},{"x":0.0,"y":0.0}]
    },
    {
      "SourcePinAddress":{
        "PinID":4,
        "PinOwnerID":214341056
      },
      "TargetPinAddress":{
        "PinID":1720693614,
        "PinOwnerID":105253545
      },
      "ConnectionType":0,
      "ConnectedWireIndex":-1,
      "ConnectedWireSegmentIndex":-1,
      "Points":[{"x":0.0,"y":0.0},{"x":-554.125,"y":-58.25},{"x":-554.125,"y":-57.5},{"x":0.0,"y":0.0}]
    },
    {
      "SourcePinAddress":{
        "PinID":4,
        "PinOwnerID":214341056
      },
      "TargetPinAddress":{
        "PinID":1720693614,
        "PinOwnerID":812813186
      },
      "ConnectionType":1,
      "ConnectedWireIndex":39,
      "ConnectedWireSegmentIndex":2,
      "Points":[{"x":-550.6875,"y":-57.5},{"x":-550.6875,"y":-54.875},{"x":0.0,"y":0.0}]
    },
    {
      "SourcePinAddress":{
        "PinID":4,
        "PinOwnerID":214341056
      },
      "TargetPinAddress":{
        "PinID":1720693614,
        "PinOwnerID":2035704373
      },
      "ConnectionType":1,
      "ConnectedWireIndex":40,
      "ConnectedWireSegmentIndex":0,
      "Points":[{"x":-550.6875,"y":-55.75},{"x":0.0,"y":0.0}]
    },
    {
      "SourcePinAddress":{
        "PinID":4,
        "PinOwnerID":214341056
      },
      "TargetPinAddress":{
        "PinID":1720693614,
        "PinOwnerID":743736208
      },
      "ConnectionType":1,
      "ConnectedWireIndex":40,
      "ConnectedWireSegmentIndex":0,
      "Points":[{"x":-550.6875,"y":-56.625},{"x":0.0,"y":0.0}]
    },
    {
      "SourcePinAddress":{
        "PinID":784645988,
        "PinOwnerID":458527392
      },
      "TargetPinAddress":{
        "PinID":0,
        "PinOwnerID":1780705453
      },
      "ConnectionType":2,
      "ConnectedWireIndex":6,
      "ConnectedWireSegmentIndex":0,
      "Points":[{"x":0.0,"y":0.0},{"x":-559.125,"y":-56.625},{"x":-559.125,"y":-59.5}]
    },
    {
      "SourcePinAddress":{
        "PinID":784645988,
        "PinOwnerID":458527392
      },
      "TargetPinAddress":{
        "PinID":1685853899,
        "PinOwnerID":920157140
      },
      "ConnectionType":1,
      "ConnectedWireIndex":43,
      "ConnectedWireSegmentIndex":0,
      "Points":[{"x":-559.125,"y":-56.625},{"x":-559.125,"y":-52.95833},{"x":0.0,"y":0.0}]
    },
    {
      "SourcePinAddress":{
        "PinID":784645988,
        "PinOwnerID":105253545
      },
      "TargetPinAddress":{
        "PinID":0,
        "PinOwnerID":366192315
      },
      "ConnectionType":2,
      "ConnectedWireIndex":17,
      "ConnectedWireSegmentIndex":0,
      "Points":[{"x":0.0,"y":0.0},{"x":-549.0,"y":-57.25},{"x":-549.0,"y":-62.625}]
    },
    {
      "SourcePinAddress":{
        "PinID":784645988,
        "PinOwnerID":743736208
      },
      "TargetPinAddress":{
        "PinID":0,
        "PinOwnerID":1770926010
      },
      "ConnectionType":2,
      "ConnectedWireIndex":15,
      "ConnectedWireSegmentIndex":0,
      "Points":[{"x":0.0,"y":0.0},{"x":-548.5,"y":-56.375},{"x":-548.5,"y":-62.0}]
    },
    {
      "SourcePinAddress":{
        "PinID":784645988,
        "PinOwnerID":2035704373
      },
      "TargetPinAddress":{
        "PinID":0,
        "PinOwnerID":85245852
      },
      "ConnectionType":2,
      "ConnectedWireIndex":24,
      "ConnectedWireSegmentIndex":0,
      "Points":[{"x":0.0,"y":0.0},{"x":-548.0,"y":-55.5},{"x":-548.0,"y":-61.375}]
    },
    {
      "SourcePinAddress":{
        "PinID":784645988,
        "PinOwnerID":812813186
      },
      "TargetPinAddress":{
        "PinID":0,
        "PinOwnerID":1272024233
      },
      "ConnectionType":2,
      "ConnectedWireIndex":9,
      "ConnectedWireSegmentIndex":0,
      "Points":[{"x":0.0,"y":0.0},{"x":-547.5,"y":-54.625},{"x":-547.5,"y":-60.75}]
    },
    {
      "SourcePinAddress":{
        "PinID":784645988,
        "PinOwnerID":812813186
      },
      "TargetPinAddress":{
        "PinID":1627932109,
        "PinOwnerID":177240527
      },
      "ConnectionType":1,
      "ConnectedWireIndex":48,
      "ConnectedWireSegmentIndex":0,
      "Points":[{"x":-547.51337,"y":-54.625},{"x":-547.51337,"y":-46.75},{"x":0.0,"y":0.0}]
    },
    {
      "SourcePinAddress":{
        "PinID":784645988,
        "PinOwnerID":2035704373
      },
      "TargetPinAddress":{
        "PinID":1627932109,
        "PinOwnerID":1312516671
      },
      "ConnectionType":1,
      "ConnectedWireIndex":47,
      "ConnectedWireSegmentIndex":1,
      "Points":[{"x":-548.0,"y":-55.5625},{"x":-548.0,"y":-49.0},{"x":0.0,"y":0.0}]
    },
    {
      "SourcePinAddress":{
        "PinID":784645988,
        "PinOwnerID":105253545
      },
      "TargetPinAddress":{
        "PinID":1627932109,
        "PinOwnerID":1022070625
      },
      "ConnectionType":1,
      "ConnectedWireIndex":45,
      "ConnectedWireSegmentIndex":0,
      "Points":[{"x":-549.0625,"y":-57.25},{"x":-549.0625,"y":-53.5},{"x":0.0,"y":0.0}]
    },
    {
      "SourcePinAddress":{
        "PinID":784645988,
        "PinOwnerID":743736208
      },
      "TargetPinAddress":{
        "PinID":1627932109,
        "PinOwnerID":1413997130
      },
      "ConnectionType":1,
      "ConnectedWireIndex":46,
      "ConnectedWireSegmentIndex":0,
      "Points":[{"x":-548.5,"y":-56.375},{"x":-548.5,"y":-51.25},{"x":0.0,"y":0.0}]
    },
    {
      "SourcePinAddress":{
        "PinID":0,
        "PinOwnerID":1406270107
      },
      "TargetPinAddress":{
        "PinID":1123299361,
        "PinOwnerID":1413997130
      },
      "ConnectionType":0,
      "ConnectedWireIndex":-1,
      "ConnectedWireSegmentIndex":-1,
      "Points":[{"x":0.0,"y":0.0},{"x":0.0,"y":0.0}]
    },
    {
      "SourcePinAddress":{
        "PinID":0,
        "PinOwnerID":1406270107
      },
      "TargetPinAddress":{
        "PinID":1123299361,
        "PinOwnerID":1022070625
      },
      "ConnectionType":1,
      "ConnectedWireIndex":53,
      "ConnectedWireSegmentIndex":0,
      "Points":[{"x":-546.9375,"y":-52.1875},{"x":-546.9375,"y":-54.4375},{"x":0.0,"y":0.0}]
    },
    {
      "SourcePinAddress":{
        "PinID":0,
        "PinOwnerID":1406270107
      },
      "TargetPinAddress":{
        "PinID":1123299361,
        "PinOwnerID":1312516671
      },
      "ConnectionType":1,
      "ConnectedWireIndex":53,
      "ConnectedWireSegmentIndex":0,
      "Points":[{"x":-546.9375,"y":-52.1875},{"x":-546.9375,"y":-49.9375},{"x":0.0,"y":0.0}]
    },
    {
      "SourcePinAddress":{
        "PinID":0,
        "PinOwnerID":1406270107
      },
      "TargetPinAddress":{
        "PinID":1123299361,
        "PinOwnerID":177240527
      },
      "ConnectionType":1,
      "ConnectedWireIndex":55,
      "ConnectedWireSegmentIndex":0,
      "Points":[{"x":-546.9375,"y":-49.9375},{"x":-546.9375,"y":-47.6875},{"x":0.0,"y":0.0}]
    },
    {
      "SourcePinAddress":{
        "PinID":0,
        "PinOwnerID":1000767850
      },
      "TargetPinAddress":{
        "PinID":431845252,
        "PinOwnerID":177240527
      },
      "ConnectionType":0,
      "ConnectedWireIndex":-1,
      "ConnectedWireSegmentIndex":-1,
      "Points":[{"x":0.0,"y":0.0},{"x":-547.0625,"y":-53.0},{"x":-547.0625,"y":-48.5},{"x":0.0,"y":0.0}]
    },
    {
      "SourcePinAddress":{
        "PinID":0,
        "PinOwnerID":1000767850
      },
      "TargetPinAddress":{
        "PinID":431845252,
        "PinOwnerID":1413997130
      },
      "ConnectionType":1,
      "ConnectedWireIndex":57,
      "ConnectedWireSegmentIndex":0,
      "Points":[{"x":-547.0625,"y":-53.0},{"x":0.0,"y":0.0}]
    },
    {
      "SourcePinAddress":{
        "PinID":0,
        "PinOwnerID":1000767850
      },
      "TargetPinAddress":{
        "PinID":431845252,
        "PinOwnerID":1312516671
      },
      "ConnectionType":1,
      "ConnectedWireIndex":57,
      "ConnectedWireSegmentIndex":1,
      "Points":[{"x":-547.0625,"y":-50.75},{"x":0.0,"y":0.0}]
    },
    {
      "SourcePinAddress":{
        "PinID":0,
        "PinOwnerID":1000767850
      },
      "TargetPinAddress":{
        "PinID":431845252,
        "PinOwnerID":1022070625
      },
      "ConnectionType":1,
      "ConnectedWireIndex":57,
      "ConnectedWireSegmentIndex":0,
      "Points":[{"x":-547.0625,"y":-53.0},{"x":-547.0625,"y":-55.25},{"x":0.0,"y":0.0}]
    },
    {
      "SourcePinAddress":{
        "PinID":1169546493,
        "PinOwnerID":133814460
      },
      "TargetPinAddress":{
        "PinID":1744754445,
        "PinOwnerID":1960310895
      },
      "ConnectionType":0,
      "ConnectedWireIndex":-1,
      "ConnectedWireSegmentIndex":-1,
      "Points":[{"x":0.0,"y":0.0},{"x":-567.375,"y":-57.4375},{"x":-567.375,"y":-57.875},{"x":0.0,"y":0.0}]
    },
    {
      "SourcePinAddress":{
        "PinID":1169546493,
        "PinOwnerID":133814460
      },
      "TargetPinAddress":{
        "PinID":1744754445,
        "PinOwnerID":1860900274
      },
      "ConnectionType":1,
      "ConnectedWireIndex":61,
      "ConnectedWireSegmentIndex":2,
      "Points":[{"x":-566.0,"y":-57.875},{"x":-566.0,"y":-56.0},{"x":0.0,"y":0.0}]
    },
    {
      "SourcePinAddress":{
        "PinID":293057238,
        "PinOwnerID":133814460
      },
      "TargetPinAddress":{
        "PinID":1793723350,
        "PinOwnerID":1960310895
      },
      "ConnectionType":0,
      "ConnectedWireIndex":-1,
      "ConnectedWireSegmentIndex":-1,
      "Points":[{"x":0.0,"y":0.0},{"x":-567.375,"y":-56.9875},{"x":-567.375,"y":-56.625},{"x":0.0,"y":0.0}]
    },
    {
      "SourcePinAddress":{
        "PinID":293057238,
        "PinOwnerID":133814460
      },
      "TargetPinAddress":{
        "PinID":1793723350,
        "PinOwnerID":1860900274
      },
      "ConnectionType":1,
      "ConnectedWireIndex":63,
      "ConnectedWireSegmentIndex":2,
      "Points":[{"x":-566.125,"y":-56.625},{"x":-566.125,"y":-54.75},{"x":0.0,"y":0.0}]
    },
    {
      "SourcePinAddress":{
        "PinID":880727079,
        "PinOwnerID":133814460
      },
      "TargetPinAddress":{
        "PinID":45493680,
        "PinOwnerID":1960310895
      },
      "ConnectionType":0,
      "ConnectedWireIndex":-1,
      "ConnectedWireSegmentIndex":-1,
      "Points":[{"x":0.0,"y":0.0},{"x":-567.375,"y":-56.5375},{"x":-567.375,"y":-56.375},{"x":0.0,"y":0.0}]
    },
    {
      "SourcePinAddress":{
        "PinID":880727079,
        "PinOwnerID":133814460
      },
      "TargetPinAddress":{
        "PinID":45493680,
        "PinOwnerID":1860900274
      },
      "ConnectionType":1,
      "ConnectedWireIndex":65,
      "ConnectedWireSegmentIndex":2,
      "Points":[{"x":-566.25,"y":-56.375},{"x":-566.25,"y":-54.5},{"x":0.0,"y":0.0}]
    },
    {
      "SourcePinAddress":{
        "PinID":884431359,
        "PinOwnerID":133814460
      },
      "TargetPinAddress":{
        "PinID":1554393388,
        "PinOwnerID":1960310895
      },
      "ConnectionType":0,
      "ConnectedWireIndex":-1,
      "ConnectedWireSegmentIndex":-1,
      "Points":[{"x":0.0,"y":0.0},{"x":-566.5,"y":-55.9625},{"x":-566.5,"y":-57.5},{"x":0.0,"y":0.0}]
    },
    {
      "SourcePinAddress":{
        "PinID":884431359,
        "PinOwnerID":133814460
      },
      "TargetPinAddress":{
        "PinID":1554393388,
        "PinOwnerID":1860900274
      },
      "ConnectionType":1,
      "ConnectedWireIndex":67,
      "ConnectedWireSegmentIndex":0,
      "Points":[{"x":-566.5,"y":-55.9625},{"x":-566.5,"y":-55.625},{"x":0.0,"y":0.0}]
    },
    {
      "SourcePinAddress":{
        "PinID":1677159434,
        "PinOwnerID":133814460
      },
      "TargetPinAddress":{
        "PinID":224849795,
        "PinOwnerID":1860900274
      },
      "ConnectionType":0,
      "ConnectedWireIndex":-1,
      "ConnectedWireSegmentIndex":-1,
      "Points":[{"x":0.0,"y":0.0},{"x":-566.5,"y":-54.5625},{"x":-566.5,"y":-55.125},{"x":0.0,"y":0.0}]
    },
    {
      "SourcePinAddress":{
        "PinID":1637751836,
        "PinOwnerID":133814460
      },
      "TargetPinAddress":{
        "PinID":224849795,
        "PinOwnerID":1960310895
      },
      "ConnectionType":0,
      "ConnectedWireIndex":-1,
      "ConnectedWireSegmentIndex":-1,
      "Points":[{"x":0.0,"y":0.0},{"x":-567.0,"y":-55.2625},{"x":-567.0,"y":-57.0},{"x":0.0,"y":0.0}]
    },
    {
      "SourcePinAddress":{
        "PinID":1,
        "PinOwnerID":866331253
      },
      "TargetPinAddress":{
        "PinID":0,
        "PinOwnerID":416202830
      },
      "ConnectionType":0,
      "ConnectedWireIndex":-1,
      "ConnectedWireSegmentIndex":-1,
      "Points":[{"x":0.0,"y":0.0},{"x":0.0,"y":0.0}]
    },
    {
      "SourcePinAddress":{
        "PinID":1,
        "PinOwnerID":1726242072
      },
      "TargetPinAddress":{
        "PinID":0,
        "PinOwnerID":248336472
      },
      "ConnectionType":0,
      "ConnectedWireIndex":-1,
      "ConnectedWireSegmentIndex":-1,
      "Points":[{"x":0.0,"y":0.0},{"x":0.0,"y":0.0}]
    },
    {
      "SourcePinAddress":{
        "PinID":1,
        "PinOwnerID":866331253
      },
      "TargetPinAddress":{
        "PinID":1509146787,
        "PinOwnerID":177658942
      },
      "ConnectionType":1,
      "ConnectedWireIndex":71,
      "ConnectedWireSegmentIndex":0,
      "Points":[{"x":-557.75,"y":-64.375},{"x":-557.75,"y":-57.875},{"x":0.0,"y":0.0}]
    },
    {
      "SourcePinAddress":{
        "PinID":4,
        "PinOwnerID":214341056
      },
      "TargetPinAddress":{
        "PinID":1056001373,
        "PinOwnerID":1237455138
      },
      "ConnectionType":1,
      "ConnectedWireIndex":39,
      "ConnectedWireSegmentIndex":0,
      "Points":[{"x":-554.125,"y":-58.25},{"x":0.0,"y":0.0}]
    },
    {
      "SourcePinAddress":{
        "PinID":0,
        "PinOwnerID":1031993731
      },
      "TargetPinAddress":{
        "PinID":1056001373,
        "PinOwnerID":1282358320
      },
      "ConnectionType":0,
      "ConnectedWireIndex":-1,
      "ConnectedWireSegmentIndex":-1,
      "Points":[{"x":0.0,"y":0.0},{"x":0.0,"y":0.0}]
    },
    {
      "SourcePinAddress":{
        "PinID":1952218310,
        "PinOwnerID":1282358320
      },
      "TargetPinAddress":{
        "PinID":0,
        "PinOwnerID":866331253
      },
      "ConnectionType":2,
      "ConnectedWireIndex":71,
      "ConnectedWireSegmentIndex":0,
      "Points":[{"x":0.0,"y":0.0},{"x":-569.75,"y":-65.1875},{"x":-569.75,"y":-64.375}]
    },
    {
      "SourcePinAddress":{
        "PinID":0,
        "PinOwnerID":2105280440
      },
      "TargetPinAddress":{
        "PinID":1056001373,
        "PinOwnerID":1183694422
      },
      "ConnectionType":0,
      "ConnectedWireIndex":-1,
      "ConnectedWireSegmentIndex":-1,
      "Points":[{"x":0.0,"y":0.0},{"x":0.0,"y":0.0}]
    },
    {
      "SourcePinAddress":{
        "PinID":1952218310,
        "PinOwnerID":1183694422
      },
      "TargetPinAddress":{
        "PinID":0,
        "PinOwnerID":1726242072
      },
      "ConnectionType":2,
      "ConnectedWireIndex":72,
      "ConnectedWireSegmentIndex":0,
      "Points":[{"x":0.0,"y":0.0},{"x":-569.625,"y":-65.8125},{"x":-569.625,"y":-64.75}]
    },
    {
      "SourcePinAddress":{
        "PinID":1,
        "PinOwnerID":1978791594
      },
      "TargetPinAddress":{
        "PinID":1634956227,
        "PinOwnerID":133814460
      },
      "ConnectionType":1,
      "ConnectedWireIndex":7,
      "ConnectedWireSegmentIndex":0,
      "Points":[{"x":-569.125,"y":-58.875},{"x":-569.125,"y":-54.5625},{"x":0.0,"y":0.0}]
    },
    {
      "SourcePinAddress":{
        "PinID":1,
        "PinOwnerID":1780705453
      },
      "TargetPinAddress":{
        "PinID":1585878253,
        "PinOwnerID":133814460
      },
      "ConnectionType":1,
      "ConnectedWireIndex":6,
      "ConnectedWireSegmentIndex":0,
      "Points":[{"x":-569.625,"y":-59.5},{"x":-569.625,"y":-55.0625},{"x":0.0,"y":0.0}]
    },
    {
      "SourcePinAddress":{
        "PinID":1,
        "PinOwnerID":1272024233
      },
      "TargetPinAddress":{
        "PinID":539559883,
        "PinOwnerID":133814460
      },
      "ConnectionType":1,
      "ConnectedWireIndex":9,
      "ConnectedWireSegmentIndex":0,
      "Points":[{"x":-570.125,"y":-60.75},{"x":-570.125,"y":-55.5625},{"x":0.0,"y":0.0}]
    },
    {
      "SourcePinAddress":{
        "PinID":1,
        "PinOwnerID":85245852
      },
      "TargetPinAddress":{
        "PinID":805673533,
        "PinOwnerID":133814460
      },
      "ConnectionType":1,
      "ConnectedWireIndex":24,
      "ConnectedWireSegmentIndex":0,
      "Points":[{"x":-570.625,"y":-61.375},{"x":-570.625,"y":-56.0625},{"x":0.0,"y":0.0}]
    },
    {
      "SourcePinAddress":{
        "PinID":1,
        "PinOwnerID":1770926010
      },
      "TargetPinAddress":{
        "PinID":1060783765,
        "PinOwnerID":133814460
      },
      "ConnectionType":1,
      "ConnectedWireIndex":15,
      "ConnectedWireSegmentIndex":0,
      "Points":[{"x":-571.125,"y":-62.0},{"x":-571.125,"y":-56.5625},{"x":0.0,"y":0.0}]
    },
    {
      "SourcePinAddress":{
        "PinID":1,
        "PinOwnerID":366192315
      },
      "TargetPinAddress":{
        "PinID":1485083129,
        "PinOwnerID":133814460
      },
      "ConnectionType":1,
      "ConnectedWireIndex":17,
      "ConnectedWireSegmentIndex":0,
      "Points":[{"x":-571.625,"y":-62.625},{"x":-571.625,"y":-57.0625},{"x":0.0,"y":0.0}]
    },
    {
      "SourcePinAddress":{
        "PinID":1952218310,
        "PinOwnerID":1237455138
      },
      "TargetPinAddress":{
        "PinID":0,
        "PinOwnerID":1726242072
      },
      "ConnectionType":2,
      "ConnectedWireIndex":72,
      "ConnectedWireSegmentIndex":0,
      "Points":[{"x":0.0,"y":0.0},{"x":-551.875,"y":-58.25},{"x":-551.875,"y":-64.75}]
    },
    {
      "SourcePinAddress":{
        "PinID":1,
        "PinOwnerID":1726242072
      },
      "TargetPinAddress":{
        "PinID":222575685,
        "PinOwnerID":133814460
      },
      "ConnectionType":1,
      "ConnectedWireIndex":72,
      "ConnectedWireSegmentIndex":0,
      "Points":[{"x":-568.8125,"y":-64.75},{"x":-568.8125,"y":-57.4375},{"x":0.0,"y":0.0}]
    },
    {
      "SourcePinAddress":{
        "PinID":1,
        "PinOwnerID":1770926010
      },
      "TargetPinAddress":{
        "PinID":0,
        "PinOwnerID":1543128554
      },
      "ConnectionType":1,
      "ConnectedWireIndex":15,
      "ConnectedWireSegmentIndex":0,
      "Points":[{"x":-547.0,"y":-62.0},{"x":-547.0,"y":-55.9375},{"x":0.0,"y":0.0}]
    },
    {
      "SourcePinAddress":{
        "PinID":2,
        "PinOwnerID":1543128554
      },
      "TargetPinAddress":{
        "PinID":1254812472,
        "PinOwnerID":1221209471
      },
      "ConnectionType":0,
      "ConnectedWireIndex":-1,
      "ConnectedWireSegmentIndex":-1,
      "Points":[{"x":0.0,"y":0.0},{"x":0.0,"y":0.0}]
    },
    {
      "SourcePinAddress":{
        "PinID":1,
        "PinOwnerID":1543128554
      },
      "TargetPinAddress":{
        "PinID":79536782,
        "PinOwnerID":1221209471
      },
      "ConnectionType":0,
      "ConnectedWireIndex":-1,
      "ConnectedWireSegmentIndex":-1,
      "Points":[{"x":0.0,"y":0.0},{"x":0.0,"y":0.0}]
    }
  ]
}