{
  "ChipType": 0,
  "Colour": {
    "r": 0.357725859,
    "g": 0.07888798,
    "b": 0.112522662,
    "a": 1
  },
  "Displays": null,
  "InputPins":[
    {
      "Name":"IN",
      "ID":1104882137,
      "Position":{
        "x":11.59009,
        "y":-41.07609
      },
      "BitCount":4,
      "Colour":0,
      "ValueDisplayMode":0
    },
    {
      "Name":"ENABLE",
      "ID":1863240206,
      "Position":{
        "x":18.625,
        "y":-56.8125
      },
      "BitCount":1,
      "Colour":0,
      "ValueDisplayMode":0
    }
  ],
  "Name": "MUX 4B",
  "NameLocation": 0,
  "OutputPins":[
    {
      "Name":"OUT",
      "ID":797071394,
      "Position":{
        "x":23.5,
        "y":-46.5625
      },
      "BitCount":8,
      "Colour":0,
      "ValueDisplayMode":0
    },
    {
      "Name":"OUT",
      "ID":193468183,
      "Position":{
        "x":23.5,
        "y":-55.5625
      },
      "BitCount":8,
      "Colour":0,
      "ValueDisplayMode":0
    }
  ],
  "Size": {
    "x": 1.025,
    "y": 1.0
  },
  "SubChips":[
    {
      "Name":"4-1BIT",
      "ID":1227715030,
      "Label":"",
      "Position":{
        "x":13.5725,
        "y":-41.0625
      },
      "OutputPinColourInfo":[{"PinColour":0,"PinID":1},{"PinColour":0,"PinID":2},{"PinColour":0,"PinID":3},{"PinColour":0,"PinID":4}],
      "InternalData":null
    },
    {
      "Name":"NOT",
      "ID":757113334,
      "Label":"",
      "Position":{
        "x":15.4225,
        "y":-40.3125
      },
      "OutputPinColourInfo":[{"PinColour":0,"PinID":1732242051}],
      "InternalData":null
    },
    {
      "Name":"NOT",
      "ID":2061808459,
      "Label":"",
      "Position":{
        "x":15.4225,
        "y":-40.8125
      },
      "OutputPinColourInfo":[{"PinColour":0,"PinID":1732242051}],
      "InternalData":null
    },
    {
      "Name":"NOT",
      "ID":533578480,
      "Label":"",
      "Position":{
        "x":15.4225,
        "y":-41.3125
      },
      "OutputPinColourInfo":[{"PinColour":0,"PinID":1732242051}],
      "InternalData":null
    },
    {
      "Name":"NOT",
      "ID":1965900680,
      "Label":"",
      "Position":{
        "x":15.4225,
        "y":-41.8125
      },
      "OutputPinColourInfo":[{"PinColour":0,"PinID":1732242051}],
      "InternalData":null
    },
    {
      "Name":"4 AND",
      "ID":1203026944,
      "Label":"",
      "Position":{
        "x":17.3225,
        "y":-42.5
      },
      "OutputPinColourInfo":[{"PinColour":0,"PinID":1610031752}],
      "InternalData":null
    },
    {
      "Name":"4 AND",
      "ID":255219718,
      "Label":"",
      "Position":{
        "x":17.3225,
        "y":-43.625
      },
      "OutputPinColourInfo":[{"PinColour":0,"PinID":1610031752}],
      "InternalData":null
    },
    {
      "Name":"4 AND",
      "ID":1145234368,
      "Label":"",
      "Position":{
        "x":17.3225,
        "y":-44.75
      },
      "OutputPinColourInfo":[{"PinColour":0,"PinID":1610031752}],
      "InternalData":null
    },
    {
      "Name":"4 AND",
      "ID":399124834,
      "Label":"",
      "Position":{
        "x":17.3225,
        "y":-45.875
      },
      "OutputPinColourInfo":[{"PinColour":0,"PinID":1610031752}],
      "InternalData":null
    },
    {
      "Name":"4 AND",
      "ID":512171822,
      "Label":"",
      "Position":{
        "x":17.3225,
        "y":-47.0
      },
      "OutputPinColourInfo":[{"PinColour":0,"PinID":1610031752}],
      "InternalData":null
    },
    {
      "Name":"4 AND",
      "ID":1166902415,
      "Label":"",
      "Position":{
        "x":17.3225,
        "y":-48.125
      },
      "OutputPinColourInfo":[{"PinColour":0,"PinID":1610031752}],
      "InternalData":null
    },
    {
      "Name":"4 AND",
      "ID":1971040234,
      "Label":"",
      "Position":{
        "x":17.3225,
        "y":-49.25
      },
      "OutputPinColourInfo":[{"PinColour":0,"PinID":1610031752}],
      "InternalData":null
    },
    {
      "Name":"4 AND",
      "ID":2002588677,
      "Label":"",
      "Position":{
        "x":17.3225,
        "y":-50.375
      },
      "OutputPinColourInfo":[{"PinColour":0,"PinID":1610031752}],
      "InternalData":null
    },
    {
      "Name":"1-8BIT",
      "ID":25104113,
      "Label":"",
      "Position":{
        "x":19.1975,
        "y":-46.4375
      },
      "OutputPinColourInfo":[{"PinColour":0,"PinID":8}],
      "InternalData":null
    },
    {
      "Name":"4 AND",
      "ID":70610180,
      "Label":"",
      "Position":{
        "x":17.3225,
        "y":-51.5
      },
      "OutputPinColourInfo":[{"PinColour":0,"PinID":1610031752}],
      "InternalData":null
    },
    {
      "Name":"4 AND",
      "ID":1020916198,
      "Label":"",
      "Position":{
        "x":17.3225,
        "y":-52.625
      },
      "OutputPinColourInfo":[{"PinColour":0,"PinID":1610031752}],
      "InternalData":null
    },
    {
      "Name":"4 AND",
      "ID":602749386,
      "Label":"",
      "Position":{
        "x":17.3225,
        "y":-53.75
      },
      "OutputPinColourInfo":[{"PinColour":0,"PinID":1610031752}],
      "InternalData":null
    },
    {
      "Name":"4 AND",
      "ID":889072411,
      "Label":"",
      "Position":{
        "x":17.3225,
        "y":-54.875
      },
      "OutputPinColourInfo":[{"PinColour":0,"PinID":1610031752}],
      "InternalData":null
    },
    {
      "Name":"4 AND",
      "ID":2002712138,
      "Label":"",
      "Position":{
        "x":17.3225,
        "y":-56.0
      },
      "OutputPinColourInfo":[{"PinColour":0,"PinID":1610031752}],
      "InternalData":null
    },
    {
      "Name":"4 AND",
      "ID":234669857,
      "Label":"",
      "Position":{
        "x":17.3225,
        "y":-57.125
      },
      "OutputPinColourInfo":[{"PinColour":0,"PinID":1610031752}],
      "InternalData":null
    },
    {
      "Name":"4 AND",
      "ID":685011658,
      "Label":"",
      "Position":{
        "x":17.3225,
        "y":-58.25
      },
      "OutputPinColourInfo":[{"PinColour":0,"PinID":1610031752}],
      "InternalData":null
    },
    {
      "Name":"4 AND",
      "ID":1708414771,
      "Label":"",
      "Position":{
        "x":17.3225,
        "y":-59.375
      },
      "OutputPinColourInfo":[{"PinColour":0,"PinID":1610031752}],
      "InternalData":null
    },
    {
      "Name":"1-8BIT",
      "ID":561326558,
      "Label":"",
      "Position":{
        "x":19.1975,
        "y":-55.4375
      },
      "OutputPinColourInfo":[{"PinColour":0,"PinID":8}],
      "InternalData":null
    },
    {
      "Name":"8BIT AND",
      "ID":630868974,
      "Label":"",
      "Position":{
        "x":21.0225,
        "y":-46.5625
      },
      "OutputPinColourInfo":[{"PinColour":0,"PinID":784645988}],
      "InternalData":null
    },
    {
      "Name":"8BIT AND",
      "ID":2043513627,
      "Label":"",
      "Position":{
        "x":21.0225,
        "y":-55.5625
      },
      "OutputPinColourInfo":[{"PinColour":0,"PinID":784645988}],
      "InternalData":null
    }
  ],
  "Wires":[
    {
      "SourcePinAddress":{
        "PinID":0,
        "PinOwnerID":1104882137
      },
      "TargetPinAddress":{
        "PinID":0,
        "PinOwnerID":1227715030
      },
      "ConnectionType":0,
      "ConnectedWireIndex":-1,
      "ConnectedWireSegmentIndex":-1,
      "Points":[{"x":0.0,"y":0.0},{"x":0.0,"y":0.0}]
    },
    {
      "SourcePinAddress":{
        "PinID":3,
        "PinOwnerID":1227715030
      },
      "TargetPinAddress":{
        "PinID":1772587332,
        "PinOwnerID":533578480
      },
      "ConnectionType":0,
      "ConnectedWireIndex":-1,
      "ConnectedWireSegmentIndex":-1,
      "Points":[{"x":0.0,"y":0.0},{"x":14.9375,"y":-41.1875},{"x":14.9375,"y":-41.3125},{"x":0.0,"y":0.0}]
    },
    {
      "SourcePinAddress":{
        "PinID":2,
        "PinOwnerID":1227715030
      },
      "TargetPinAddress":{
        "PinID":1772587332,
        "PinOwnerID":2061808459
      },
      "ConnectionType":0,
      "ConnectedWireIndex":-1,
      "ConnectedWireSegmentIndex":-1,
      "Points":[{"x":0.0,"y":0.0},{"x":14.9375,"y":-40.9375},{"x":14.9375,"y":-40.8125},{"x":0.0,"y":0.0}]
    },
    {
      "SourcePinAddress":{
        "PinID":4,
        "PinOwnerID":1227715030
      },
      "TargetPinAddress":{
        "PinID":1772587332,
        "PinOwnerID":1965900680
      },
      "ConnectionType":0,
      "ConnectedWireIndex":-1,
      "ConnectedWireSegmentIndex":-1,
      "Points":[{"x":0.0,"y":0.0},{"x":14.9375,"y":-41.4375},{"x":14.9375,"y":-41.8125},{"x":0.0,"y":0.0}]
    },
    {
      "SourcePinAddress":{
        "PinID":1,
        "PinOwnerID":1227715030
      },
      "TargetPinAddress":{
        "PinID":1772587332,
        "PinOwnerID":757113334
      },
      "ConnectionType":0,
      "ConnectedWireIndex":-1,
      "ConnectedWireSegmentIndex":-1,
      "Points":[{"x":0.0,"y":0.0},{"x":14.9375,"y":-40.6875},{"x":14.9375,"y":-40.3125},{"x":0.0,"y":0.0}]
    },
    {
      "SourcePinAddress":{
        "PinID":1732242051,
        "PinOwnerID":1965900680
      },
      "TargetPinAddress":{
        "PinID":120396874,
        "PinOwnerID":1203026944
      },
      "ConnectionType":0,
      "ConnectedWireIndex":-1,
      "ConnectedWireSegmentIndex":-1,
      "Points":[{"x":0.0,"y":0.0},{"x":16.0,"y":-41.8125},{"x":16.0,"y":-42.875},{"x":0.0,"y":0.0}]
    },
    {
      "SourcePinAddress":{
        "PinID":1732242051,
        "PinOwnerID":533578480
      },
      "TargetPinAddress":{
        "PinID":1389066023,
        "PinOwnerID":1203026944
      },
      "ConnectionType":0,
      "ConnectedWireIndex":-1,
      "ConnectedWireSegmentIndex":-1,
      "Points":[{"x":0.0,"y":0.0},{"x":16.125,"y":-41.3125},{"x":16.125,"y":-42.625},{"x":0.0,"y":0.0}]
    },
    {
      "SourcePinAddress":{
        "PinID":1732242051,
        "PinOwnerID":2061808459
      },
      "TargetPinAddress":{
        "PinID":1965759189,
        "PinOwnerID":1203026944
      },
      "ConnectionType":0,
      "ConnectedWireIndex":-1,
      "ConnectedWireSegmentIndex":-1,
      "Points":[{"x":0.0,"y":0.0},{"x":16.25,"y":-40.8125},{"x":16.25,"y":-42.375},{"x":0.0,"y":0.0}]
    },
    {
      "SourcePinAddress":{
        "PinID":1732242051,
        "PinOwnerID":757113334
      },
      "TargetPinAddress":{
        "PinID":104665276,
        "PinOwnerID":1203026944
      },
      "ConnectionType":0,
      "ConnectedWireIndex":-1,
      "ConnectedWireSegmentIndex":-1,
      "Points":[{"x":0.0,"y":0.0},{"x":16.375,"y":-40.3125},{"x":16.375,"y":-42.125},{"x":0.0,"y":0.0}]
    },
    {
      "SourcePinAddress":{
        "PinID":4,
        "PinOwnerID":1227715030
      },
      "TargetPinAddress":{
        "PinID":120396874,
        "PinOwnerID":255219718
      },
      "ConnectionType":1,
      "ConnectedWireIndex":3,
      "ConnectedWireSegmentIndex":0,
      "Points":[{"x":14.3125,"y":-41.4375},{"x":14.3125,"y":-44.0},{"x":0.0,"y":0.0}]
    },
    {
      "SourcePinAddress":{
        "PinID":1732242051,
        "PinOwnerID":533578480
      },
      "TargetPinAddress":{
        "PinID":1389066023,
        "PinOwnerID":255219718
      },
      "ConnectionType":1,
      "ConnectedWireIndex":6,
      "ConnectedWireSegmentIndex":1,
      "Points":[{"x":16.125,"y":-42.625},{"x":16.125,"y":-43.75},{"x":0.0,"y":0.0}]
    },
    {
      "SourcePinAddress":{
        "PinID":1732242051,
        "PinOwnerID":2061808459
      },
      "TargetPinAddress":{
        "PinID":1965759189,
        "PinOwnerID":255219718
      },
      "ConnectionType":1,
      "ConnectedWireIndex":7,
      "ConnectedWireSegmentIndex":1,
      "Points":[{"x":16.25,"y":-42.375},{"x":16.25,"y":-43.5},{"x":0.0,"y":0.0}]
    },
    {
      "SourcePinAddress":{
        "PinID":1732242051,
        "PinOwnerID":757113334
      },
      "TargetPinAddress":{
        "PinID":104665276,
        "PinOwnerID":255219718
      },
      "ConnectionType":1,
      "ConnectedWireIndex":8,
      "ConnectedWireSegmentIndex":1,
      "Points":[{"x":16.375,"y":-42.125},{"x":16.375,"y":-43.25},{"x":0.0,"y":0.0}]
    },
    {
      "SourcePinAddress":{
        "PinID":3,
        "PinOwnerID":1227715030
      },
      "TargetPinAddress":{
        "PinID":1389066023,
        "PinOwnerID":1145234368
      },
      "ConnectionType":1,
      "ConnectedWireIndex":1,
      "ConnectedWireSegmentIndex":0,
      "Points":[{"x":14.4375,"y":-41.1875},{"x":14.4375,"y":-44.875},{"x":0.0,"y":0.0}]
    },
    {
      "SourcePinAddress":{
        "PinID":1732242051,
        "PinOwnerID":1965900680
      },
      "TargetPinAddress":{
        "PinID":120396874,
        "PinOwnerID":1145234368
      },
      "ConnectionType":1,
      "ConnectedWireIndex":5,
      "ConnectedWireSegmentIndex":1,
      "Points":[{"x":16.0,"y":-42.875},{"x":16.0,"y":-45.125},{"x":0.0,"y":0.0}]
    },
    {
      "SourcePinAddress":{
        "PinID":1732242051,
        "PinOwnerID":2061808459
      },
      "TargetPinAddress":{
        "PinID":1965759189,
        "PinOwnerID":1145234368
      },
      "ConnectionType":1,
      "ConnectedWireIndex":11,
      "ConnectedWireSegmentIndex":0,
      "Points":[{"x":16.25,"y":-43.5},{"x":16.25,"y":-44.625},{"x":0.0,"y":0.0}]
    },
    {
      "SourcePinAddress":{
        "PinID":1732242051,
        "PinOwnerID":757113334
      },
      "TargetPinAddress":{
        "PinID":104665276,
        "PinOwnerID":1145234368
      },
      "ConnectionType":1,
      "ConnectedWireIndex":12,
      "ConnectedWireSegmentIndex":0,
      "Points":[{"x":16.375,"y":-43.25},{"x":16.375,"y":-44.375},{"x":0.0,"y":0.0}]
    },
    {
      "SourcePinAddress":{
        "PinID":4,
        "PinOwnerID":1227715030
      },
      "TargetPinAddress":{
        "PinID":120396874,
        "PinOwnerID":399124834
      },
      "ConnectionType":1,
      "ConnectedWireIndex":9,
      "ConnectedWireSegmentIndex":0,
      "Points":[{"x":14.3125,"y":-44.0},{"x":14.3125,"y":-46.25},{"x":0.0,"y":0.0}]
    },
    {
      "SourcePinAddress":{
        "PinID":3,
        "PinOwnerID":1227715030
      },
      "TargetPinAddress":{
        "PinID":1389066023,
        "PinOwnerID":399124834
      },
      "ConnectionType":1,
      "ConnectedWireIndex":13,
      "ConnectedWireSegmentIndex":0,
      "Points":[{"x":14.4375,"y":-44.875},{"x":14.4375,"y":-46.0},{"x":0.0,"y":0.0}]
    },
    {
      "SourcePinAddress":{
        "PinID":1732242051,
        "PinOwnerID":2061808459
      },
      "TargetPinAddress":{
        "PinID":1965759189,
        "PinOwnerID":399124834
      },
      "ConnectionType":1,
      "ConnectedWireIndex":15,
      "ConnectedWireSegmentIndex":0,
      "Points":[{"x":16.25,"y":-44.625},{"x":16.25,"y":-45.75},{"x":0.0,"y":0.0}]
    },
    {
      "SourcePinAddress":{
        "PinID":1732242051,
        "PinOwnerID":757113334
      },
      "TargetPinAddress":{
        "PinID":104665276,
        "PinOwnerID":399124834
      },
      "ConnectionType":1,
      "ConnectedWireIndex":16,
      "ConnectedWireSegmentIndex":0,
      "Points":[{"x":16.375,"y":-44.375},{"x":16.375,"y":-45.5},{"x":0.0,"y":0.0}]
    },
    {
      "SourcePinAddress":{
        "PinID":1610031752,
        "PinOwnerID":399124834
      },
      "TargetPinAddress":{
        "PinID":3,
        "PinOwnerID":25104113
      },
      "ConnectionType":0,
      "ConnectedWireIndex":-1,
      "ConnectedWireSegmentIndex":-1,
      "Points":[{"x":0.0,"y":0.0},{"x":17.9375,"y":-45.875},{"x":17.9375,"y":-46.3125},{"x":0.0,"y":0.0}]
    },
    {
      "SourcePinAddress":{
        "PinID":1610031752,
        "PinOwnerID":1145234368
      },
      "TargetPinAddress":{
        "PinID":2,
        "PinOwnerID":25104113
      },
      "ConnectionType":0,
      "ConnectedWireIndex":-1,
      "ConnectedWireSegmentIndex":-1,
      "Points":[{"x":0.0,"y":0.0},{"x":18.0625,"y":-44.75},{"x":18.0625,"y":-46.0625},{"x":0.0,"y":0.0}]
    },
    {
      "SourcePinAddress":{
        "PinID":1610031752,
        "PinOwnerID":255219718
      },
      "TargetPinAddress":{
        "PinID":1,
        "PinOwnerID":25104113
      },
      "ConnectionType":0,
      "ConnectedWireIndex":-1,
      "ConnectedWireSegmentIndex":-1,
      "Points":[{"x":0.0,"y":0.0},{"x":18.1875,"y":-43.625},{"x":18.1875,"y":-45.8125},{"x":0.0,"y":0.0}]
    },
    {
      "SourcePinAddress":{
        "PinID":1610031752,
        "PinOwnerID":1203026944
      },
      "TargetPinAddress":{
        "PinID":0,
        "PinOwnerID":25104113
      },
      "ConnectionType":0,
      "ConnectedWireIndex":-1,
      "ConnectedWireSegmentIndex":-1,
      "Points":[{"x":0.0,"y":0.0},{"x":18.3125,"y":-42.5},{"x":18.3125,"y":-45.5625},{"x":0.0,"y":0.0}]
    },
    {
      "SourcePinAddress":{
        "PinID":1610031752,
        "PinOwnerID":512171822
      },
      "TargetPinAddress":{
        "PinID":4,
        "PinOwnerID":25104113
      },
      "ConnectionType":0,
      "ConnectedWireIndex":-1,
      "ConnectedWireSegmentIndex":-1,
      "Points":[{"x":0.0,"y":0.0},{"x":17.9375,"y":-47.0},{"x":17.9375,"y":-46.5625},{"x":0.0,"y":0.0}]
    },
    {
      "SourcePinAddress":{
        "PinID":1610031752,
        "PinOwnerID":1166902415
      },
      "TargetPinAddress":{
        "PinID":5,
        "PinOwnerID":25104113
      },
      "ConnectionType":0,
      "ConnectedWireIndex":-1,
      "ConnectedWireSegmentIndex":-1,
      "Points":[{"x":0.0,"y":0.0},{"x":18.0625,"y":-48.125},{"x":18.0625,"y":-46.8125},{"x":0.0,"y":0.0}]
    },
    {
      "SourcePinAddress":{
        "PinID":1610031752,
        "PinOwnerID":1971040234
      },
      "TargetPinAddress":{
        "PinID":6,
        "PinOwnerID":25104113
      },
      "ConnectionType":0,
      "ConnectedWireIndex":-1,
      "ConnectedWireSegmentIndex":-1,
      "Points":[{"x":0.0,"y":0.0},{"x":18.1875,"y":-49.25},{"x":18.1875,"y":-47.0625},{"x":0.0,"y":0.0}]
    },
    {
      "SourcePinAddress":{
        "PinID":1610031752,
        "PinOwnerID":2002588677
      },
      "TargetPinAddress":{
        "PinID":7,
        "PinOwnerID":25104113
      },
      "ConnectionType":0,
      "ConnectedWireIndex":-1,
      "ConnectedWireSegmentIndex":-1,
      "Points":[{"x":0.0,"y":0.0},{"x":18.3125,"y":-50.375},{"x":18.3125,"y":-47.3125},{"x":0.0,"y":0.0}]
    },
    {
      "SourcePinAddress":{
        "PinID":1610031752,
        "PinOwnerID":889072411
      },
      "TargetPinAddress":{
        "PinID":3,
        "PinOwnerID":561326558
      },
      "ConnectionType":0,
      "ConnectedWireIndex":-1,
      "ConnectedWireSegmentIndex":-1,
      "Points":[{"x":0.0,"y":0.0},{"x":17.9375,"y":-54.875},{"x":17.9375,"y":-55.3125},{"x":0.0,"y":0.0}]
    },
    {
      "SourcePinAddress":{
        "PinID":1610031752,
        "PinOwnerID":2002712138
      },
      "TargetPinAddress":{
        "PinID":4,
        "PinOwnerID":561326558
      },
      "ConnectionType":0,
      "ConnectedWireIndex":-1,
      "ConnectedWireSegmentIndex":-1,
      "Points":[{"x":0.0,"y":0.0},{"x":17.9375,"y":-56.0},{"x":17.9375,"y":-55.5625},{"x":0.0,"y":0.0}]
    },
    {
      "SourcePinAddress":{
        "PinID":1610031752,
        "PinOwnerID":602749386
      },
      "TargetPinAddress":{
        "PinID":2,
        "PinOwnerID":561326558
      },
      "ConnectionType":0,
      "ConnectedWireIndex":-1,
      "ConnectedWireSegmentIndex":-1,
      "Points":[{"x":0.0,"y":0.0},{"x":18.0625,"y":-53.75},{"x":18.0625,"y":-55.0625},{"x":0.0,"y":0.0}]
    },
    {
      "SourcePinAddress":{
        "PinID":1610031752,
        "PinOwnerID":234669857
      },
      "TargetPinAddress":{
        "PinID":5,
        "PinOwnerID":561326558
      },
      "ConnectionType":0,
      "ConnectedWireIndex":-1,
      "ConnectedWireSegmentIndex":-1,
      "Points":[{"x":0.0,"y":0.0},{"x":18.0625,"y":-57.125},{"x":18.0625,"y":-55.8125},{"x":0.0,"y":0.0}]
    },
    {
      "SourcePinAddress":{
        "PinID":1610031752,
        "PinOwnerID":1020916198
      },
      "TargetPinAddress":{
        "PinID":1,
        "PinOwnerID":561326558
      },
      "ConnectionType":0,
      "ConnectedWireIndex":-1,
      "ConnectedWireSegmentIndex":-1,
      "Points":[{"x":0.0,"y":0.0},{"x":18.1875,"y":-52.625},{"x":18.1875,"y":-54.8125},{"x":0.0,"y":0.0}]
    },
    {
      "SourcePinAddress":{
        "PinID":1610031752,
        "PinOwnerID":70610180
      },
      "TargetPinAddress":{
        "PinID":0,
        "PinOwnerID":561326558
      },
      "ConnectionType":0,
      "ConnectedWireIndex":-1,
      "ConnectedWireSegmentIndex":-1,
      "Points":[{"x":0.0,"y":0.0},{"x":18.3125,"y":-51.5},{"x":18.3125,"y":-54.5625},{"x":0.0,"y":0.0}]
    },
    {
      "SourcePinAddress":{
        "PinID":1610031752,
        "PinOwnerID":685011658
      },
      "TargetPinAddress":{
        "PinID":6,
        "PinOwnerID":561326558
      },
      "ConnectionType":0,
      "ConnectedWireIndex":-1,
      "ConnectedWireSegmentIndex":-1,
      "Points":[{"x":0.0,"y":0.0},{"x":18.1875,"y":-58.25},{"x":18.1875,"y":-56.0625},{"x":0.0,"y":0.0}]
    },
    {
      "SourcePinAddress":{
        "PinID":1610031752,
        "PinOwnerID":1708414771
      },
      "TargetPinAddress":{
        "PinID":7,
        "PinOwnerID":561326558
      },
      "ConnectionType":0,
      "ConnectedWireIndex":-1,
      "ConnectedWireSegmentIndex":-1,
      "Points":[{"x":0.0,"y":0.0},{"x":18.3125,"y":-59.375},{"x":18.3125,"y":-56.3125},{"x":0.0,"y":0.0}]
    },
    {
      "SourcePinAddress":{
        "PinID":2,
        "PinOwnerID":1227715030
      },
      "TargetPinAddress":{
        "PinID":1965759189,
        "PinOwnerID":512171822
      },
      "ConnectionType":1,
      "ConnectedWireIndex":2,
      "ConnectedWireSegmentIndex":0,
      "Points":[{"x":14.5625,"y":-40.9375},{"x":14.5625,"y":-46.875},{"x":0.0,"y":0.0}]
    },
    {
      "SourcePinAddress":{
        "PinID":1732242051,
        "PinOwnerID":1965900680
      },
      "TargetPinAddress":{
        "PinID":120396874,
        "PinOwnerID":512171822
      },
      "ConnectionType":1,
      "ConnectedWireIndex":14,
      "ConnectedWireSegmentIndex":0,
      "Points":[{"x":16.0,"y":-45.125},{"x":16.0,"y":-47.375},{"x":0.0,"y":0.0}]
    },
    {
      "SourcePinAddress":{
        "PinID":1732242051,
        "PinOwnerID":533578480
      },
      "TargetPinAddress":{
        "PinID":1389066023,
        "PinOwnerID":512171822
      },
      "ConnectionType":1,
      "ConnectedWireIndex":10,
      "ConnectedWireSegmentIndex":0,
      "Points":[{"x":16.125,"y":-43.75},{"x":16.125,"y":-47.125},{"x":0.0,"y":0.0}]
    },
    {
      "SourcePinAddress":{
        "PinID":1732242051,
        "PinOwnerID":757113334
      },
      "TargetPinAddress":{
        "PinID":104665276,
        "PinOwnerID":512171822
      },
      "ConnectionType":1,
      "ConnectedWireIndex":20,
      "ConnectedWireSegmentIndex":0,
      "Points":[{"x":16.375,"y":-45.5},{"x":16.375,"y":-46.625},{"x":0.0,"y":0.0}]
    },
    {
      "SourcePinAddress":{
        "PinID":4,
        "PinOwnerID":1227715030
      },
      "TargetPinAddress":{
        "PinID":120396874,
        "PinOwnerID":1166902415
      },
      "ConnectionType":1,
      "ConnectedWireIndex":17,
      "ConnectedWireSegmentIndex":0,
      "Points":[{"x":14.3125,"y":-46.25},{"x":14.3125,"y":-48.5},{"x":0.0,"y":0.0}]
    },
    {
      "SourcePinAddress":{
        "PinID":2,
        "PinOwnerID":1227715030
      },
      "TargetPinAddress":{
        "PinID":1965759189,
        "PinOwnerID":1166902415
      },
      "ConnectionType":1,
      "ConnectedWireIndex":37,
      "ConnectedWireSegmentIndex":0,
      "Points":[{"x":14.5625,"y":-46.875},{"x":14.5625,"y":-48.0},{"x":0.0,"y":0.0}]
    },
    {
      "SourcePinAddress":{
        "PinID":1732242051,
        "PinOwnerID":533578480
      },
      "TargetPinAddress":{
        "PinID":1389066023,
        "PinOwnerID":1166902415
      },
      "ConnectionType":1,
      "ConnectedWireIndex":39,
      "ConnectedWireSegmentIndex":0,
      "Points":[{"x":16.125,"y":-47.125},{"x":16.125,"y":-48.25},{"x":0.0,"y":0.0}]
    },
    {
      "SourcePinAddress":{
        "PinID":1732242051,
        "PinOwnerID":757113334
      },
      "TargetPinAddress":{
        "PinID":104665276,
        "PinOwnerID":1166902415
      },
      "ConnectionType":1,
      "ConnectedWireIndex":40,
      "ConnectedWireSegmentIndex":0,
      "Points":[{"x":16.375,"y":-46.625},{"x":16.375,"y":-47.75},{"x":0.0,"y":0.0}]
    },
    {
      "SourcePinAddress":{
        "PinID":1732242051,
        "PinOwnerID":1965900680
      },
      "TargetPinAddress":{
        "PinID":120396874,
        "PinOwnerID":1971040234
      },
      "ConnectionType":1,
      "ConnectedWireIndex":38,
      "ConnectedWireSegmentIndex":0,
      "Points":[{"x":16.0,"y":-47.375},{"x":16.0,"y":-49.625},{"x":0.0,"y":0.0}]
    },
    {
      "SourcePinAddress":{
        "PinID":1732242051,
        "PinOwnerID":757113334
      },
      "TargetPinAddress":{
        "PinID":104665276,
        "PinOwnerID":1971040234
      },
      "ConnectionType":1,
      "ConnectedWireIndex":44,
      "ConnectedWireSegmentIndex":0,
      "Points":[{"x":16.375,"y":-47.75},{"x":16.375,"y":-48.875},{"x":0.0,"y":0.0}]
    },
    {
      "SourcePinAddress":{
        "PinID":1732242051,
        "PinOwnerID":1965900680
      },
      "TargetPinAddress":{
        "PinID":120396874,
        "PinOwnerID":70610180
      },
      "ConnectionType":1,
      "ConnectedWireIndex":45,
      "ConnectedWireSegmentIndex":0,
      "Points":[{"x":16.0,"y":-49.625},{"x":16.0,"y":-51.875},{"x":0.0,"y":0.0}]
    },
    {
      "SourcePinAddress":{
        "PinID":1732242051,
        "PinOwnerID":1965900680
      },
      "TargetPinAddress":{
        "PinID":120396874,
        "PinOwnerID":602749386
      },
      "ConnectionType":1,
      "ConnectedWireIndex":47,
      "ConnectedWireSegmentIndex":0,
      "Points":[{"x":16.0,"y":-51.875},{"x":16.0,"y":-54.125},{"x":0.0,"y":0.0}]
    },
    {
      "SourcePinAddress":{
        "PinID":1732242051,
        "PinOwnerID":1965900680
      },
      "TargetPinAddress":{
        "PinID":120396874,
        "PinOwnerID":2002712138
      },
      "ConnectionType":1,
      "ConnectedWireIndex":48,
      "ConnectedWireSegmentIndex":0,
      "Points":[{"x":16.0,"y":-54.125},{"x":16.0,"y":-56.375},{"x":0.0,"y":0.0}]
    },
    {
      "SourcePinAddress":{
        "PinID":1732242051,
        "PinOwnerID":1965900680
      },
      "TargetPinAddress":{
        "PinID":120396874,
        "PinOwnerID":685011658
      },
      "ConnectionType":1,
      "ConnectedWireIndex":49,
      "ConnectedWireSegmentIndex":0,
      "Points":[{"x":16.0,"y":-56.375},{"x":16.0,"y":-58.625},{"x":0.0,"y":0.0}]
    },
    {
      "SourcePinAddress":{
        "PinID":4,
        "PinOwnerID":1227715030
      },
      "TargetPinAddress":{
        "PinID":120396874,
        "PinOwnerID":2002588677
      },
      "ConnectionType":1,
      "ConnectedWireIndex":41,
      "ConnectedWireSegmentIndex":0,
      "Points":[{"x":14.3125,"y":-48.5},{"x":14.3125,"y":-50.75},{"x":0.0,"y":0.0}]
    },
    {
      "SourcePinAddress":{
        "PinID":4,
        "PinOwnerID":1227715030
      },
      "TargetPinAddress":{
        "PinID":120396874,
        "PinOwnerID":1020916198
      },
      "ConnectionType":1,
      "ConnectedWireIndex":51,
      "ConnectedWireSegmentIndex":0,
      "Points":[{"x":14.3125,"y":-50.75},{"x":14.3125,"y":-53.0},{"x":0.0,"y":0.0}]
    },
    {
      "SourcePinAddress":{
        "PinID":4,
        "PinOwnerID":1227715030
      },
      "TargetPinAddress":{
        "PinID":120396874,
        "PinOwnerID":889072411
      },
      "ConnectionType":1,
      "ConnectedWireIndex":52,
      "ConnectedWireSegmentIndex":0,
      "Points":[{"x":14.3125,"y":-53.0},{"x":14.3125,"y":-55.25},{"x":0.0,"y":0.0}]
    },
    {
      "SourcePinAddress":{
        "PinID":4,
        "PinOwnerID":1227715030
      },
      "TargetPinAddress":{
        "PinID":120396874,
        "PinOwnerID":234669857
      },
      "ConnectionType":1,
      "ConnectedWireIndex":53,
      "ConnectedWireSegmentIndex":0,
      "Points":[{"x":14.3125,"y":-55.25},{"x":14.3125,"y":-57.5},{"x":0.0,"y":0.0}]
    },
    {
      "SourcePinAddress":{
        "PinID":4,
        "PinOwnerID":1227715030
      },
      "TargetPinAddress":{
        "PinID":120396874,
        "PinOwnerID":1708414771
      },
      "ConnectionType":1,
      "ConnectedWireIndex":54,
      "ConnectedWireSegmentIndex":0,
      "Points":[{"x":14.3125,"y":-57.5},{"x":14.3125,"y":-59.75},{"x":0.0,"y":0.0}]
    },
    {
      "SourcePinAddress":{
        "PinID":3,
        "PinOwnerID":1227715030
      },
      "TargetPinAddress":{
        "PinID":1389066023,
        "PinOwnerID":1971040234
      },
      "ConnectionType":1,
      "ConnectedWireIndex":18,
      "ConnectedWireSegmentIndex":0,
      "Points":[{"x":14.4375,"y":-46.0},{"x":14.4375,"y":-49.375},{"x":0.0,"y":0.0}]
    },
    {
      "SourcePinAddress":{
        "PinID":2,
        "PinOwnerID":1227715030
      },
      "TargetPinAddress":{
        "PinID":1965759189,
        "PinOwnerID":1971040234
      },
      "ConnectionType":1,
      "ConnectedWireIndex":42,
      "ConnectedWireSegmentIndex":0,
      "Points":[{"x":14.5625,"y":-48.0},{"x":14.5625,"y":-49.125},{"x":0.0,"y":0.0}]
    },
    {
      "SourcePinAddress":{
        "PinID":3,
        "PinOwnerID":1227715030
      },
      "TargetPinAddress":{
        "PinID":1389066023,
        "PinOwnerID":2002588677
      },
      "ConnectionType":1,
      "ConnectedWireIndex":56,
      "ConnectedWireSegmentIndex":0,
      "Points":[{"x":14.4375,"y":-49.375},{"x":14.4375,"y":-50.5},{"x":0.0,"y":0.0}]
    },
    {
      "SourcePinAddress":{
        "PinID":3,
        "PinOwnerID":1227715030
      },
      "TargetPinAddress":{
        "PinID":1389066023,
        "PinOwnerID":602749386
      },
      "ConnectionType":1,
      "ConnectedWireIndex":58,
      "ConnectedWireSegmentIndex":0,
      "Points":[{"x":14.4375,"y":-50.5},{"x":14.4375,"y":-53.875},{"x":0.0,"y":0.0}]
    },
    {
      "SourcePinAddress":{
        "PinID":3,
        "PinOwnerID":1227715030
      },
      "TargetPinAddress":{
        "PinID":1389066023,
        "PinOwnerID":889072411
      },
      "ConnectionType":1,
      "ConnectedWireIndex":59,
      "ConnectedWireSegmentIndex":0,
      "Points":[{"x":14.4375,"y":-53.875},{"x":14.4375,"y":-55.0},{"x":0.0,"y":0.0}]
    },
    {
      "SourcePinAddress":{
        "PinID":3,
        "PinOwnerID":1227715030
      },
      "TargetPinAddress":{
        "PinID":1389066023,
        "PinOwnerID":685011658
      },
      "ConnectionType":1,
      "ConnectedWireIndex":60,
      "ConnectedWireSegmentIndex":0,
      "Points":[{"x":14.4375,"y":-55.0},{"x":14.4375,"y":-58.375},{"x":0.0,"y":0.0}]
    },
    {
      "SourcePinAddress":{
        "PinID":3,
        "PinOwnerID":1227715030
      },
      "TargetPinAddress":{
        "PinID":1389066023,
        "PinOwnerID":1708414771
      },
      "ConnectionType":1,
      "ConnectedWireIndex":61,
      "ConnectedWireSegmentIndex":0,
      "Points":[{"x":14.4375,"y":-58.375},{"x":14.4375,"y":-59.5},{"x":0.0,"y":0.0}]
    },
    {
      "SourcePinAddress":{
        "PinID":2,
        "PinOwnerID":1227715030
      },
      "TargetPinAddress":{
        "PinID":1965759189,
        "PinOwnerID":2002588677
      },
      "ConnectionType":1,
      "ConnectedWireIndex":57,
      "ConnectedWireSegmentIndex":0,
      "Points":[{"x":14.5625,"y":-49.125},{"x":14.5625,"y":-50.25},{"x":0.0,"y":0.0}]
    },
    {
      "SourcePinAddress":{
        "PinID":2,
        "PinOwnerID":1227715030
      },
      "TargetPinAddress":{
        "PinID":1965759189,
        "PinOwnerID":2002712138
      },
      "ConnectionType":1,
      "ConnectedWireIndex":63,
      "ConnectedWireSegmentIndex":0,
      "Points":[{"x":14.5625,"y":-50.25},{"x":14.5625,"y":-55.875},{"x":0.0,"y":0.0}]
    },
    {
      "SourcePinAddress":{
        "PinID":2,
        "PinOwnerID":1227715030
      },
      "TargetPinAddress":{
        "PinID":1965759189,
        "PinOwnerID":234669857
      },
      "ConnectionType":1,
      "ConnectedWireIndex":64,
      "ConnectedWireSegmentIndex":0,
      "Points":[{"x":14.5625,"y":-55.875},{"x":14.5625,"y":-57.0},{"x":0.0,"y":0.0}]
    },
    {
      "SourcePinAddress":{
        "PinID":2,
        "PinOwnerID":1227715030
      },
      "TargetPinAddress":{
        "PinID":1965759189,
        "PinOwnerID":685011658
      },
      "ConnectionType":1,
      "ConnectedWireIndex":65,
      "ConnectedWireSegmentIndex":0,
      "Points":[{"x":14.5625,"y":-57.0},{"x":14.5625,"y":-58.125},{"x":0.0,"y":0.0}]
    },
    {
      "SourcePinAddress":{
        "PinID":2,
        "PinOwnerID":1227715030
      },
      "TargetPinAddress":{
        "PinID":1965759189,
        "PinOwnerID":1708414771
      },
      "ConnectionType":1,
      "ConnectedWireIndex":66,
      "ConnectedWireSegmentIndex":0,
      "Points":[{"x":14.5625,"y":-58.125},{"x":14.5625,"y":-59.25},{"x":0.0,"y":0.0}]
    },
    {
      "SourcePinAddress":{
        "PinID":1,
        "PinOwnerID":1227715030
      },
      "TargetPinAddress":{
        "PinID":104665276,
        "PinOwnerID":70610180
      },
      "ConnectionType":1,
      "ConnectedWireIndex":4,
      "ConnectedWireSegmentIndex":0,
      "Points":[{"x":14.6875,"y":-40.6875},{"x":14.6875,"y":-51.125},{"x":0.0,"y":0.0}]
    },
    {
      "SourcePinAddress":{
        "PinID":1,
        "PinOwnerID":1227715030
      },
      "TargetPinAddress":{
        "PinID":104665276,
        "PinOwnerID":1020916198
      },
      "ConnectionType":1,
      "ConnectedWireIndex":68,
      "ConnectedWireSegmentIndex":0,
      "Points":[{"x":14.6875,"y":-51.125},{"x":14.6875,"y":-52.25},{"x":0.0,"y":0.0}]
    },
    {
      "SourcePinAddress":{
        "PinID":1,
        "PinOwnerID":1227715030
      },
      "TargetPinAddress":{
        "PinID":104665276,
        "PinOwnerID":602749386
      },
      "ConnectionType":1,
      "ConnectedWireIndex":69,
      "ConnectedWireSegmentIndex":0,
      "Points":[{"x":14.6875,"y":-52.25},{"x":14.6875,"y":-53.375},{"x":0.0,"y":0.0}]
    },
    {
      "SourcePinAddress":{
        "PinID":1,
        "PinOwnerID":1227715030
      },
      "TargetPinAddress":{
        "PinID":104665276,
        "PinOwnerID":889072411
      },
      "ConnectionType":1,
      "ConnectedWireIndex":70,
      "ConnectedWireSegmentIndex":0,
      "Points":[{"x":14.6875,"y":-53.375},{"x":14.6875,"y":-54.5},{"x":0.0,"y":0.0}]
    },
    {
      "SourcePinAddress":{
        "PinID":1,
        "PinOwnerID":1227715030
      },
      "TargetPinAddress":{
        "PinID":104665276,
        "PinOwnerID":2002712138
      },
      "ConnectionType":1,
      "ConnectedWireIndex":71,
      "ConnectedWireSegmentIndex":0,
      "Points":[{"x":14.6875,"y":-54.5},{"x":14.6875,"y":-55.625},{"x":0.0,"y":0.0}]
    },
    {
      "SourcePinAddress":{
        "PinID":1,
        "PinOwnerID":1227715030
      },
      "TargetPinAddress":{
        "PinID":104665276,
        "PinOwnerID":234669857
      },
      "ConnectionType":1,
      "ConnectedWireIndex":72,
      "ConnectedWireSegmentIndex":0,
      "Points":[{"x":14.6875,"y":-55.625},{"x":14.6875,"y":-56.75},{"x":0.0,"y":0.0}]
    },
    {
      "SourcePinAddress":{
        "PinID":1,
        "PinOwnerID":1227715030
      },
      "TargetPinAddress":{
        "PinID":104665276,
        "PinOwnerID":685011658
      },
      "ConnectionType":1,
      "ConnectedWireIndex":73,
      "ConnectedWireSegmentIndex":0,
      "Points":[{"x":14.6875,"y":-56.75},{"x":14.6875,"y":-57.875},{"x":0.0,"y":0.0}]
    },
    {
      "SourcePinAddress":{
        "PinID":1,
        "PinOwnerID":1227715030
      },
      "TargetPinAddress":{
        "PinID":104665276,
        "PinOwnerID":1708414771
      },
      "ConnectionType":1,
      "ConnectedWireIndex":74,
      "ConnectedWireSegmentIndex":0,
      "Points":[{"x":14.6875,"y":-57.875},{"x":14.6875,"y":-59.0},{"x":0.0,"y":0.0}]
    },
    {
      "SourcePinAddress":{
        "PinID":1732242051,
        "PinOwnerID":533578480
      },
      "TargetPinAddress":{
        "PinID":1389066023,
        "PinOwnerID":234669857
      },
      "ConnectionType":1,
      "ConnectedWireIndex":43,
      "ConnectedWireSegmentIndex":0,
      "Points":[{"x":16.125,"y":-48.25},{"x":16.125,"y":-57.25},{"x":0.0,"y":0.0}]
    },
    {
      "SourcePinAddress":{
        "PinID":1732242051,
        "PinOwnerID":533578480
      },
      "TargetPinAddress":{
        "PinID":1389066023,
        "PinOwnerID":2002712138
      },
      "ConnectionType":1,
      "ConnectedWireIndex":76,
      "ConnectedWireSegmentIndex":0,
      "Points":[{"x":16.125,"y":-56.125},{"x":0.0,"y":0.0}]
    },
    {
      "SourcePinAddress":{
        "PinID":1732242051,
        "PinOwnerID":533578480
      },
      "TargetPinAddress":{
        "PinID":1389066023,
        "PinOwnerID":1020916198
      },
      "ConnectionType":1,
      "ConnectedWireIndex":76,
      "ConnectedWireSegmentIndex":0,
      "Points":[{"x":16.125,"y":-52.75},{"x":0.0,"y":0.0}]
    },
    {
      "SourcePinAddress":{
        "PinID":1732242051,
        "PinOwnerID":533578480
      },
      "TargetPinAddress":{
        "PinID":1389066023,
        "PinOwnerID":70610180
      },
      "ConnectionType":1,
      "ConnectedWireIndex":76,
      "ConnectedWireSegmentIndex":0,
      "Points":[{"x":16.125,"y":-51.625},{"x":0.0,"y":0.0}]
    },
    {
      "SourcePinAddress":{
        "PinID":1732242051,
        "PinOwnerID":757113334
      },
      "TargetPinAddress":{
        "PinID":104665276,
        "PinOwnerID":2002588677
      },
      "ConnectionType":1,
      "ConnectedWireIndex":46,
      "ConnectedWireSegmentIndex":0,
      "Points":[{"x":16.375,"y":-48.875},{"x":16.375,"y":-50.0},{"x":0.0,"y":0.0}]
    },
    {
      "SourcePinAddress":{
        "PinID":1732242051,
        "PinOwnerID":2061808459
      },
      "TargetPinAddress":{
        "PinID":1965759189,
        "PinOwnerID":70610180
      },
      "ConnectionType":1,
      "ConnectedWireIndex":19,
      "ConnectedWireSegmentIndex":0,
      "Points":[{"x":16.25,"y":-45.75},{"x":16.25,"y":-51.375},{"x":0.0,"y":0.0}]
    },
    {
      "SourcePinAddress":{
        "PinID":1732242051,
        "PinOwnerID":2061808459
      },
      "TargetPinAddress":{
        "PinID":1965759189,
        "PinOwnerID":1020916198
      },
      "ConnectionType":1,
      "ConnectedWireIndex":81,
      "ConnectedWireSegmentIndex":0,
      "Points":[{"x":16.25,"y":-51.375},{"x":16.25,"y":-52.5},{"x":0.0,"y":0.0}]
    },
    {
      "SourcePinAddress":{
        "PinID":1732242051,
        "PinOwnerID":2061808459
      },
      "TargetPinAddress":{
        "PinID":1965759189,
        "PinOwnerID":602749386
      },
      "ConnectionType":1,
      "ConnectedWireIndex":82,
      "ConnectedWireSegmentIndex":0,
      "Points":[{"x":16.25,"y":-52.5},{"x":16.25,"y":-53.625},{"x":0.0,"y":0.0}]
    },
    {
      "SourcePinAddress":{
        "PinID":1732242051,
        "PinOwnerID":2061808459
      },
      "TargetPinAddress":{
        "PinID":1965759189,
        "PinOwnerID":889072411
      },
      "ConnectionType":1,
      "ConnectedWireIndex":83,
      "ConnectedWireSegmentIndex":0,
      "Points":[{"x":16.25,"y":-53.625},{"x":16.25,"y":-54.75},{"x":0.0,"y":0.0}]
    },
    {
      "SourcePinAddress":{
        "PinID":8,
        "PinOwnerID":25104113
      },
      "TargetPinAddress":{
        "PinID":617130315,
        "PinOwnerID":630868974
      },
      "ConnectionType":0,
      "ConnectedWireIndex":-1,
      "ConnectedWireSegmentIndex":-1,
      "Points":[{"x":0.0,"y":0.0},{"x":0.0,"y":0.0}]
    },
    {
      "SourcePinAddress":{
        "PinID":784645988,
        "PinOwnerID":2043513627
      },
      "TargetPinAddress":{
        "PinID":0,
        "PinOwnerID":193468183
      },
      "ConnectionType":0,
      "ConnectedWireIndex":-1,
      "ConnectedWireSegmentIndex":-1,
      "Points":[{"x":0.0,"y":0.0},{"x":0.0,"y":0.0}]
    },
    {
      "SourcePinAddress":{
        "PinID":8,
        "PinOwnerID":561326558
      },
      "TargetPinAddress":{
        "PinID":617130315,
        "PinOwnerID":2043513627
      },
      "ConnectionType":0,
      "ConnectedWireIndex":-1,
      "ConnectedWireSegmentIndex":-1,
      "Points":[{"x":0.0,"y":0.0},{"x":0.0,"y":0.0}]
    },
    {
      "SourcePinAddress":{
        "PinID":0,
        "PinOwnerID":1863240206
      },
      "TargetPinAddress":{
        "PinID":1720693614,
        "PinOwnerID":2043513627
      },
      "ConnectionType":0,
      "ConnectedWireIndex":-1,
      "ConnectedWireSegmentIndex":-1,
      "Points":[{"x":0.0,"y":0.0},{"x":20.125,"y":-56.8125},{"x":20.125,"y":-55.8125},{"x":0.0,"y":0.0}]
    },
    {
      "SourcePinAddress":{
        "PinID":0,
        "PinOwnerID":1863240206
      },
      "TargetPinAddress":{
        "PinID":1720693614,
        "PinOwnerID":630868974
      },
      "ConnectionType":1,
      "ConnectedWireIndex":88,
      "ConnectedWireSegmentIndex":1,
      "Points":[{"x":20.125,"y":-55.8125},{"x":20.125,"y":-46.8125},{"x":0.0,"y":0.0}]
    },
    {
      "SourcePinAddress":{
        "PinID":784645988,
        "PinOwnerID":630868974
      },
      "TargetPinAddress":{
        "PinID":0,
        "PinOwnerID":797071394
      },
      "ConnectionType":0,
      "ConnectedWireIndex":-1,
      "ConnectedWireSegmentIndex":-1,
      "Points":[{"x":0.0,"y":0.0},{"x":0.0,"y":0.0}]
    }
  ]
}