{
  "ChipType": 0,
  "Colour": {
    "r": 0.423417836,
    "g": 0.0889171138,
    "b": 0.7052677,
    "a": 1
  },
  "Displays": null,
  "InputPins":[
    {
      "Name":"IN",
      "ID":255988826,
      "Position":{
        "x":-6.23148,
        "y":-0.37037
      },
      "BitCount":1,
      "Colour":0,
      "ValueDisplayMode":0
    },
    {
      "Name":"IN",
      "ID":590874012,
      "Position":{
        "x":-6.19444,
        "y":-1.30556
      },
      "BitCount":1,
      "Colour":0,
      "ValueDisplayMode":0
    }
  ],
  "Name": "NOR",
  "NameLocation": 0,
  "OutputPins":[
    {
      "Name":"OUT",
      "ID":1052563618,
      "Position":{
        "x":2.68519,
        "y":-0.48148
      },
      "BitCount":1,
      "Colour":0,
      "ValueDisplayMode":0
    }
  ],
  "Size": {
    "x": 0.575,
    "y": 0.5
  },
  "SubChips":[
    {
      "Name":"NAND",
      "ID":46794621,
      "Label":"",
      "Position":{
        "x":-3.41667,
        "y":-0.06481
      },
      "OutputPinColourInfo":[{"PinColour":0,"PinID":2}],
      "InternalData":null
    },
    {
      "Name":"NAND",
      "ID":573186483,
      "Label":"",
      "Position":{
        "x":-3.71296,
        "y":-1.27778
      },
      "OutputPinColourInfo":[{"PinColour":0,"PinID":2}],
      "InternalData":null
    },
    {
      "Name":"NAND",
      "ID":1873421677,
      "Label":"",
      "Position":{
        "x":-1.60185,
        "y":-0.7037
      },
      "OutputPinColourInfo":[{"PinColour":0,"PinID":2}],
      "InternalData":null
    },
    {
      "Name":"NAND",
      "ID":809305379,
      "Label":"",
      "Position":{
        "x":0.51852,
        "y":-0.66667
      },
      "OutputPinColourInfo":[{"PinColour":0,"PinID":2}],
      "InternalData":null
    }
  ],
  "Wires":[
    {
      "SourcePinAddress":{
        "PinID":2,
        "PinOwnerID":1873421677
      },
      "TargetPinAddress":{
        "PinID":0,
        "PinOwnerID":809305379
      },
      "ConnectionType":0,
      "ConnectedWireIndex":-1,
      "ConnectedWireSegmentIndex":-1,
      "Points":[{"x":0.0,"y":0.0},{"x":0.0,"y":0.0}]
    },
    {
      "SourcePinAddress":{
        "PinID":2,
        "PinOwnerID":1873421677
      },
      "TargetPinAddress":{
        "PinID":1,
        "PinOwnerID":809305379
      },
      "ConnectionType":0,
      "ConnectedWireIndex":-1,
      "ConnectedWireSegmentIndex":-1,
      "Points":[{"x":0.0,"y":0.0},{"x":0.0,"y":0.0}]
    },
    {
      "SourcePinAddress":{
        "PinID":2,
        "PinOwnerID":46794621
      },
      "TargetPinAddress":{
        "PinID":0,
        "PinOwnerID":1873421677
      },
      "ConnectionType":0,
      "ConnectedWireIndex":-1,
      "ConnectedWireSegmentIndex":-1,
      "Points":[{"x":0.0,"y":0.0},{"x":0.0,"y":0.0}]
    },
    {
      "SourcePinAddress":{
        "PinID":2,
        "PinOwnerID":573186483
      },
      "TargetPinAddress":{
        "PinID":1,
        "PinOwnerID":1873421677
      },
      "ConnectionType":0,
      "ConnectedWireIndex":-1,
      "ConnectedWireSegmentIndex":-1,
      "Points":[{"x":0.0,"y":0.0},{"x":0.0,"y":0.0}]
    },
    {
      "SourcePinAddress":{
        "PinID":2,
        "PinOwnerID":809305379
      },
      "TargetPinAddress":{
        "PinID":0,
        "PinOwnerID":1052563618
      },
      "ConnectionType":0,
      "ConnectedWireIndex":-1,
      "ConnectedWireSegmentIndex":-1,
      "Points":[{"x":0.0,"y":0.0},{"x":0.0,"y":0.0}]
    },
    {
      "SourcePinAddress":{
        "PinID":0,
        "PinOwnerID":590874012
      },
      "TargetPinAddress":{
        "PinID":1,
        "PinOwnerID":573186483
      },
      "ConnectionType":0,
      "ConnectedWireIndex":-1,
      "ConnectedWireSegmentIndex":-1,
      "Points":[{"x":0.0,"y":0.0},{"x":0.0,"y":0.0}]
    },
    {
      "SourcePinAddress":{
        "PinID":0,
        "PinOwnerID":590874012
      },
      "TargetPinAddress":{
        "PinID":0,
        "PinOwnerID":573186483
      },
      "ConnectionType":0,
      "ConnectedWireIndex":-1,
      "ConnectedWireSegmentIndex":-1,
      "Points":[{"x":0.0,"y":0.0},{"x":0.0,"y":0.0}]
    },
    {
      "SourcePinAddress":{
        "PinID":0,
        "PinOwnerID":255988826
      },
      "TargetPinAddress":{
        "PinID":1,
        "PinOwnerID":46794621
      },
      "ConnectionType":0,
      "ConnectedWireIndex":-1,
      "ConnectedWireSegmentIndex":-1,
      "Points":[{"x":0.0,"y":0.0},{"x":0.0,"y":0.0}]
    },
    {
      "SourcePinAddress":{
        "PinID":0,
        "PinOwnerID":255988826
      },
      "TargetPinAddress":{
        "PinID":0,
        "PinOwnerID":46794621
      },
      "ConnectionType":0,
      "ConnectedWireIndex":-1,
      "ConnectedWireSegmentIndex":-1,
      "Points":[{"x":0.0,"y":0.0},{"x":0.0,"y":0.0}]
    }
  ]
}