{
  "ChipType": 0,
  "Colour": {
    "r": 0.4299286,
    "g": 0.4163426,
    "b": 0.08153086,
    "a": 1
  },
  "Displays": null,
  "InputPins":[
    {
      "Name":"IN",
      "ID":1772587332,
      "Position":{
        "x":-5.46296,
        "y":-0.12037
      },
      "BitCount":1,
      "Colour":0,
      "ValueDisplayMode":0
    }
  ],
  "Name": "NOT",
  "NameLocation": 0,
  "OutputPins":[
    {
      "Name":"OUT",
      "ID":1732242051,
      "Position":{
        "x":0.66667,
        "y":0.07407
      },
      "BitCount":1,
      "Colour":0,
      "ValueDisplayMode":0
    }
  ],
  "Size": {
    "x": 0.575,
    "y": 0.375
  },
  "SubChips":[
    {
      "Name":"NAND",
      "ID":1685022391,
      "Label":"",
      "Position":{
        "x":-2.05556,
        "y":0.0463
      },
      "OutputPinColourInfo":[{"PinColour":0,"PinID":2}],
      "InternalData":null
    }
  ],
  "Wires":[
    {
      "SourcePinAddress":{
        "PinID":2,
        "PinOwnerID":1685022391
      },
      "TargetPinAddress":{
        "PinID":0,
        "PinOwnerID":1732242051
      },
      "ConnectionType":0,
      "ConnectedWireIndex":-1,
      "ConnectedWireSegmentIndex":-1,
      "Points":[{"x":0.0,"y":0.0},{"x":0.0,"y":0.0}]
    },
    {
      "SourcePinAddress":{
        "PinID":0,
        "PinOwnerID":1772587332
      },
      "TargetPinAddress":{
        "PinID":1,
        "PinOwnerID":1685022391
      },
      "ConnectionType":0,
      "ConnectedWireIndex":-1,
      "ConnectedWireSegmentIndex":-1,
      "Points":[{"x":0.0,"y":0.0},{"x":0.0,"y":0.0}]
    },
    {
      "SourcePinAddress":{
        "PinID":0,
        "PinOwnerID":1772587332
      },
      "TargetPinAddress":{
        "PinID":0,
        "PinOwnerID":1685022391
      },
      "ConnectionType":0,
      "ConnectedWireIndex":-1,
      "ConnectedWireSegmentIndex":-1,
      "Points":[{"x":0.0,"y":0.0},{"x":0.0,"y":0.0}]
    }
  ]
}