{
  "ChipType": 0,
  "Colour": {
    "r": 0.0376155376,
    "g": 0.442165136,
    "b": 0.7546018,
    "a": 1
  },
  "Displays": null,
  "InputPins":[
    {
      "Name":"IN",
      "ID":1056001373,
      "Position":{
        "x":0.0,
        "y":3.25
      },
      "BitCount":1,
      "Colour":0,
      "ValueDisplayMode":0
    }
  ],
  "Name": "ON DISABLE SWITCH",
  "NameLocation": 0,
  "OutputPins":[
    {
      "Name":"OUT",
      "ID":1952218310,
      "Position":{
        "x":4.5,
        "y":3.25
      },
      "BitCount":1,
      "Colour":0,
      "ValueDisplayMode":0
    }
  ],
  "Size": {
    "x": 1.7,
    "y": 0.5
  },
  "SubChips":[
    {
      "Name":"3-STATE BUFFER",
      "ID":1716410196,
      "Label":"",
      "Position":{
        "x":2.25,
        "y":3.25
      },
      "OutputPinColourInfo":[{"PinColour":0,"PinID":2}],
      "InternalData":null
    }
  ],
  "Wires":[
    {
      "SourcePinAddress":{
        "PinID":0,
        "PinOwnerID":1056001373
      },
      "TargetPinAddress":{
        "PinID":1,
        "PinOwnerID":1716410196
      },
      "ConnectionType":0,
      "ConnectedWireIndex":-1,
      "ConnectedWireSegmentIndex":-1,
      "Points":[{"x":0.0,"y":0.0},{"x":0.75,"y":3.0625},{"x":0.0,"y":0.0}]
    },
    {
      "SourcePinAddress":{
        "PinID":0,
        "PinOwnerID":1056001373
      },
      "TargetPinAddress":{
        "PinID":0,
        "PinOwnerID":1716410196
      },
      "ConnectionType":0,
      "ConnectedWireIndex":-1,
      "ConnectedWireSegmentIndex":-1,
      "Points":[{"x":0.0,"y":0.0},{"x":0.75,"y":3.4375},{"x":0.0,"y":0.0}]
    },
    {
      "SourcePinAddress":{
        "PinID":2,
        "PinOwnerID":1716410196
      },
      "TargetPinAddress":{
        "PinID":0,
        "PinOwnerID":1952218310
      },
      "ConnectionType":0,
      "ConnectedWireIndex":-1,
      "ConnectedWireSegmentIndex":-1,
      "Points":[{"x":0.0,"y":0.0},{"x":0.0,"y":0.0}]
    }
  ]
}