{
  "ChipType": 0,
  "Colour": {
    "r": 0.5065655,
    "g": 0.341103464,
    "b": 0.5541727,
    "a": 1
  },
  "Displays": null,
  "InputPins":[
    {
      "Name":"IN",
      "ID":1552709902,
      "Position":{
        "x":-4.74074,
        "y":0.42593
      },
      "BitCount":1,
      "Colour":0,
      "ValueDisplayMode":0
    },
    {
      "Name":"IN",
      "ID":916803389,
      "Position":{
        "x":-4.5463,
        "y":-1.21296
      },
      "BitCount":1,
      "Colour":0,
      "ValueDisplayMode":0
    }
  ],
  "Name": "OR",
  "NameLocation": 0,
  "OutputPins":[
    {
      "Name":"OUT",
      "ID":716179921,
      "Position":{
        "x":1.60185,
        "y":-0.48148
      },
      "BitCount":1,
      "Colour":0,
      "ValueDisplayMode":0
    }
  ],
  "Size": {
    "x": 0.425,
    "y": 0.5
  },
  "SubChips":[
    {
      "Name":"NAND",
      "ID":1232977227,
      "Label":"",
      "Position":{
        "x":-2.35185,
        "y":0.15741
      },
      "OutputPinColourInfo":[{"PinColour":0,"PinID":2}],
      "InternalData":null
    },
    {
      "Name":"NAND",
      "ID":1727533145,
      "Label":"",
      "Position":{
        "x":-2.37963,
        "y":-1.39815
      },
      "OutputPinColourInfo":[{"PinColour":0,"PinID":2}],
      "InternalData":null
    },
    {
      "Name":"NAND",
      "ID":897166607,
      "Label":"",
      "Position":{
        "x":-0.67593,
        "y":-0.62963
      },
      "OutputPinColourInfo":[{"PinColour":0,"PinID":2}],
      "InternalData":null
    }
  ],
  "Wires":[
    {
      "SourcePinAddress":{
        "PinID":2,
        "PinOwnerID":1727533145
      },
      "TargetPinAddress":{
        "PinID":1,
        "PinOwnerID":897166607
      },
      "ConnectionType":0,
      "ConnectedWireIndex":-1,
      "ConnectedWireSegmentIndex":-1,
      "Points":[{"x":0.0,"y":0.0},{"x":0.0,"y":0.0}]
    },
    {
      "SourcePinAddress":{
        "PinID":2,
        "PinOwnerID":1232977227
      },
      "TargetPinAddress":{
        "PinID":0,
        "PinOwnerID":897166607
      },
      "ConnectionType":0,
      "ConnectedWireIndex":-1,
      "ConnectedWireSegmentIndex":-1,
      "Points":[{"x":0.0,"y":0.0},{"x":0.0,"y":0.0}]
    },
    {
      "SourcePinAddress":{
        "PinID":0,
        "PinOwnerID":916803389
      },
      "TargetPinAddress":{
        "PinID":0,
        "PinOwnerID":1727533145
      },
      "ConnectionType":0,
      "ConnectedWireIndex":-1,
      "ConnectedWireSegmentIndex":-1,
      "Points":[{"x":0.0,"y":0.0},{"x":0.0,"y":0.0}]
    },
    {
      "SourcePinAddress":{
        "PinID":0,
        "PinOwnerID":916803389
      },
      "TargetPinAddress":{
        "PinID":1,
        "PinOwnerID":1727533145
      },
      "ConnectionType":0,
      "ConnectedWireIndex":-1,
      "ConnectedWireSegmentIndex":-1,
      "Points":[{"x":0.0,"y":0.0},{"x":0.0,"y":0.0}]
    },
    {
      "SourcePinAddress":{
        "PinID":0,
        "PinOwnerID":1552709902
      },
      "TargetPinAddress":{
        "PinID":0,
        "PinOwnerID":1232977227
      },
      "ConnectionType":0,
      "ConnectedWireIndex":-1,
      "ConnectedWireSegmentIndex":-1,
      "Points":[{"x":0.0,"y":0.0},{"x":0.0,"y":0.0}]
    },
    {
      "SourcePinAddress":{
        "PinID":0,
        "PinOwnerID":1552709902
      },
      "TargetPinAddress":{
        "PinID":1,
        "PinOwnerID":1232977227
      },
      "ConnectionType":0,
      "ConnectedWireIndex":-1,
      "ConnectedWireSegmentIndex":-1,
      "Points":[{"x":0.0,"y":0.0},{"x":0.0,"y":0.0}]
    },
    {
      "SourcePinAddress":{
        "PinID":2,
        "PinOwnerID":897166607
      },
      "TargetPinAddress":{
        "PinID":0,
        "PinOwnerID":716179921
      },
      "ConnectionType":0,
      "ConnectedWireIndex":-1,
      "ConnectedWireSegmentIndex":-1,
      "Points":[{"x":0.0,"y":0.0},{"x":0.0,"y":0.0}]
    }
  ]
}