{
  "ChipType": 0,
  "Colour": {
    "r": 0.12718682,
    "g": 0.280470759,
    "b": 0.482759476,
    "a": 1
  },
  "Displays": null,
  "InputPins":[
    {
      "Name":"IN",
      "ID":618307387,
      "Position":{
        "x":6.125,
        "y":-1.0
      },
      "BitCount":1,
      "Colour":0,
      "ValueDisplayMode":0
    }
  ],
  "Name": "PULSE",
  "NameLocation": 0,
  "OutputPins":[
    {
      "Name":"OUT",
      "ID":1024385873,
      "Position":{
        "x":13.0,
        "y":-1.0
      },
      "BitCount":1,
      "Colour":0,
      "ValueDisplayMode":0
    }
  ],
  "Size": {
    "x": 0.875,
    "y": 0.375
  },
  "SubChips":[
    {
      "Name":"XOR",
      "ID":1412985075,
      "Label":"",
      "Position":{
        "x":9.9225,
        "y":-0.875
      },
      "OutputPinColourInfo":[{"PinColour":0,"PinID":979300091}],
      "InternalData":null
    },
    {
      "Name":"AND",
      "ID":593782103,
      "Label":"",
      "Position":{
        "x":8.9225,
        "y":-0.5
      },
      "OutputPinColourInfo":[{"PinColour":0,"PinID":2083071430}],
      "InternalData":null
    },
    {
      "Name":"OR",
      "ID":495182160,
      "Label":"",
      "Position":{
        "x":7.9725,
        "y":-0.1875
      },
      "OutputPinColourInfo":[{"PinColour":0,"PinID":716179921}],
      "InternalData":null
    },
    {
      "Name":"AND",
      "ID":52924250,
      "Label":"",
      "Position":{
        "x":11.0475,
        "y":-1.0
      },
      "OutputPinColourInfo":[{"PinColour":0,"PinID":2083071430}],
      "InternalData":null
    }
  ],
  "Wires":[
    {
      "SourcePinAddress":{
        "PinID":2083071430,
        "PinOwnerID":593782103
      },
      "TargetPinAddress":{
        "PinID":46046312,
        "PinOwnerID":1412985075
      },
      "ConnectionType":0,
      "ConnectedWireIndex":-1,
      "ConnectedWireSegmentIndex":-1,
      "Points":[{"x":0.0,"y":0.0},{"x":9.4375,"y":-0.5},{"x":9.4375,"y":-0.75},{"x":0.0,"y":0.0}]
    },
    {
      "SourcePinAddress":{
        "PinID":716179921,
        "PinOwnerID":495182160
      },
      "TargetPinAddress":{
        "PinID":897348161,
        "PinOwnerID":593782103
      },
      "ConnectionType":0,
      "ConnectedWireIndex":-1,
      "ConnectedWireSegmentIndex":-1,
      "Points":[{"x":0.0,"y":0.0},{"x":8.4375,"y":-0.1875},{"x":8.4375,"y":-0.375},{"x":0.0,"y":0.0}]
    },
    {
      "SourcePinAddress":{
        "PinID":2083071430,
        "PinOwnerID":593782103
      },
      "TargetPinAddress":{
        "PinID":916803389,
        "PinOwnerID":495182160
      },
      "ConnectionType":1,
      "ConnectedWireIndex":0,
      "ConnectedWireSegmentIndex":1,
      "Points":[{"x":9.4375,"y":-0.75},{"x":9.4375,"y":-1.1875},{"x":7.5,"y":-1.1875},{"x":7.5,"y":-0.3125},{"x":0.0,"y":0.0}]
    },
    {
      "SourcePinAddress":{
        "PinID":0,
        "PinOwnerID":618307387
      },
      "TargetPinAddress":{
        "PinID":401736906,
        "PinOwnerID":1412985075
      },
      "ConnectionType":0,
      "ConnectedWireIndex":-1,
      "ConnectedWireSegmentIndex":-1,
      "Points":[{"x":0.0,"y":0.0},{"x":0.0,"y":0.0}]
    },
    {
      "SourcePinAddress":{
        "PinID":0,
        "PinOwnerID":618307387
      },
      "TargetPinAddress":{
        "PinID":543772438,
        "PinOwnerID":593782103
      },
      "ConnectionType":1,
      "ConnectedWireIndex":3,
      "ConnectedWireSegmentIndex":0,
      "Points":[{"x":8.4375,"y":-1.0},{"x":8.4375,"y":-0.625},{"x":0.0,"y":0.0}]
    },
    {
      "SourcePinAddress":{
        "PinID":979300091,
        "PinOwnerID":1412985075
      },
      "TargetPinAddress":{
        "PinID":1552709902,
        "PinOwnerID":495182160
      },
      "ConnectionType":0,
      "ConnectedWireIndex":-1,
      "ConnectedWireSegmentIndex":-1,
      "Points":[{"x":0.0,"y":0.0},{"x":10.4375,"y":-0.875},{"x":10.4375,"y":0.1875},{"x":7.5,"y":0.1875},{"x":7.5,"y":-0.0625},{"x":0.0,"y":0.0}]
    },
    {
      "SourcePinAddress":{
        "PinID":979300091,
        "PinOwnerID":1412985075
      },
      "TargetPinAddress":{
        "PinID":897348161,
        "PinOwnerID":52924250
      },
      "ConnectionType":1,
      "ConnectedWireIndex":5,
      "ConnectedWireSegmentIndex":0,
      "Points":[{"x":10.4375,"y":-0.875},{"x":0.0,"y":0.0}]
    },
    {
      "SourcePinAddress":{
        "PinID":2083071430,
        "PinOwnerID":52924250
      },
      "TargetPinAddress":{
        "PinID":0,
        "PinOwnerID":1024385873
      },
      "ConnectionType":0,
      "ConnectedWireIndex":-1,
      "ConnectedWireSegmentIndex":-1,
      "Points":[{"x":0.0,"y":0.0},{"x":0.0,"y":0.0}]
    },
    {
      "SourcePinAddress":{
        "PinID":0,
        "PinOwnerID":618307387
      },
      "TargetPinAddress":{
        "PinID":543772438,
        "PinOwnerID":52924250
      },
      "ConnectionType":1,
      "ConnectedWireIndex":3,
      "ConnectedWireSegmentIndex":0,
      "Points":[{"x":7.25,"y":-1.0},{"x":7.25,"y":-1.5},{"x":10.4375,"y":-1.5},{"x":10.4375,"y":-1.125},{"x":0.0,"y":0.0}]
    }
  ]
}