{
  "ChipType": 0,
  "Colour": {
    "r": 0.5641594,
    "g": 0.382686436,
    "b": 0.568476,
    "a": 1
  },
  "Displays":[],
  "InputPins":[
    {
      "Name":"DATA BUS B",
      "ID":1634956227,
      "Position":{
        "x":-5.25,
        "y":3.25
      },
      "BitCount":8,
      "Colour":0,
      "ValueDisplayMode":0
    },
    {
      "Name":"DATA BUS A",
      "ID":1585878253,
      "Position":{
        "x":-5.25,
        "y":2.75
      },
      "BitCount":8,
      "Colour":0,
      "ValueDisplayMode":0
    },
    {
      "Name":"ROM A",
      "ID":539559883,
      "Position":{
        "x":-5.25,
        "y":1.5
      },
      "BitCount":8,
      "Colour":0,
      "ValueDisplayMode":1
    },
    {
      "Name":"ROM B",
      "ID":805673533,
      "Position":{
        "x":-5.25,
        "y":1.0
      },
      "BitCount":8,
      "Colour":0,
      "ValueDisplayMode":1
    },
    {
      "Name":"ROM C",
      "ID":1060783765,
      "Position":{
        "x":-5.25,
        "y":0.5
      },
      "BitCount":8,
      "Colour":0,
      "ValueDisplayMode":1
    },
    {
      "Name":"ROM D",
      "ID":1485083129,
      "Position":{
        "x":-5.25,
        "y":0.0
      },
      "BitCount":8,
      "Colour":0,
      "ValueDisplayMode":1
    },
    {
      "Name":"EXECUTE",
      "ID":222575685,
      "Position":{
        "x":-5.25,
        "y":-1.125
      },
      "BitCount":1,
      "Colour":0,
      "ValueDisplayMode":0
    }
  ],
  "Name": "RAM CTRL",
  "NameLocation": 0,
  "OutputPins":[
    {
      "Name":"DATA B",
      "ID":1677159434,
      "Position":{
        "x":7.375,
        "y":3.0
      },
      "BitCount":8,
      "Colour":0,
      "ValueDisplayMode":0
    },
    {
      "Name":"DATA A",
      "ID":1637751836,
      "Position":{
        "x":7.375,
        "y":2.5
      },
      "BitCount":8,
      "Colour":0,
      "ValueDisplayMode":0
    },
    {
      "Name":"ADR",
      "ID":884431359,
      "Position":{
        "x":7.375,
        "y":1.375
      },
      "BitCount":8,
      "Colour":0,
      "ValueDisplayMode":1
    },
    {
      "Name":"READ/WRITE",
      "ID":880727079,
      "Position":{
        "x":7.375,
        "y":0.75
      },
      "BitCount":1,
      "Colour":0,
      "ValueDisplayMode":0
    },
    {
      "Name":"CLOCK",
      "ID":293057238,
      "Position":{
        "x":7.375,
        "y":0.25
      },
      "BitCount":1,
      "Colour":0,
      "ValueDisplayMode":0
    },
    {
      "Name":"ENABLE",
      "ID":1169546493,
      "Position":{
        "x":7.375,
        "y":-0.25
      },
      "BitCount":1,
      "Colour":0,
      "ValueDisplayMode":0
    }
  ],
  "Size": {
    "x": 1.025,
    "y": 3.25
  },
  "SubChips":[
    {
      "Name":"8BIT AND",
      "ID":1931393368,
      "Label":"",
      "Position":{
        "x":5.1475,
        "y":1.375
      },
      "OutputPinColourInfo":[{"PinColour":0,"PinID":784645988}],
      "InternalData":null
    },
    {
      "Name":"8-1BIT",
      "ID":2020477650,
      "Label":"",
      "Position":{
        "x":-1.1775,
        "y":0.0
      },
      "OutputPinColourInfo":[{"PinColour":0,"PinID":1},{"PinColour":0,"PinID":2},{"PinColour":0,"PinID":3},{"PinColour":0,"PinID":4},{"PinColour":0,"PinID":5},{"PinColour":0,"PinID":6},{"PinColour":0,"PinID":7},{"PinColour":0,"PinID":8}],
      "InternalData":null
    },
    {
      "Name":"RAM LOGIC",
      "ID":1231124792,
      "Label":"",
      "Position":{
        "x":0.2725,
        "y":0.0
      },
      "OutputPinColourInfo":[{"PinColour":0,"PinID":2088669194},{"PinColour":0,"PinID":142927235},{"PinColour":0,"PinID":1688246423},{"PinColour":0,"PinID":1095670395},{"PinColour":0,"PinID":3744189}],
      "InternalData":null
    },
    {
      "Name":"ADR CTRL",
      "ID":1623815174,
      "Label":"",
      "Position":{
        "x":1.8975,
        "y":1.875
      },
      "OutputPinColourInfo":[{"PinColour":0,"PinID":1475995953}],
      "InternalData":null
    },
    {
      "Name":"DATA CTRL",
      "ID":2127210926,
      "Label":"",
      "Position":{
        "x":1.8975,
        "y":3.75
      },
      "OutputPinColourInfo":[{"PinColour":0,"PinID":1362251014},{"PinColour":0,"PinID":1475995953}],
      "InternalData":null
    }
  ],
  "Wires":[
    {
      "SourcePinAddress":{
        "PinID":784645988,
        "PinOwnerID":1931393368
      },
      "TargetPinAddress":{
        "PinID":0,
        "PinOwnerID":884431359
      },
      "ConnectionType":0,
      "ConnectedWireIndex":-1,
      "ConnectedWireSegmentIndex":-1,
      "Points":[{"x":0.0,"y":0.0},{"x":0.0,"y":0.0}]
    },
    {
      "SourcePinAddress":{
        "PinID":0,
        "PinOwnerID":1485083129
      },
      "TargetPinAddress":{
        "PinID":0,
        "PinOwnerID":2020477650
      },
      "ConnectionType":0,
      "ConnectedWireIndex":-1,
      "ConnectedWireSegmentIndex":-1,
      "Points":[{"x":0.0,"y":0.0},{"x":0.0,"y":0.0}]
    },
    {
      "SourcePinAddress":{
        "PinID":8,
        "PinOwnerID":2020477650
      },
      "TargetPinAddress":{
        "PinID":490734783,
        "PinOwnerID":1231124792
      },
      "ConnectionType":0,
      "ConnectedWireIndex":-1,
      "ConnectedWireSegmentIndex":-1,
      "Points":[{"x":0.0,"y":0.0},{"x":0.0,"y":0.0}]
    },
    {
      "SourcePinAddress":{
        "PinID":7,
        "PinOwnerID":2020477650
      },
      "TargetPinAddress":{
        "PinID":405580173,
        "PinOwnerID":1231124792
      },
      "ConnectionType":0,
      "ConnectedWireIndex":-1,
      "ConnectedWireSegmentIndex":-1,
      "Points":[{"x":0.0,"y":0.0},{"x":0.0,"y":0.0}]
    },
    {
      "SourcePinAddress":{
        "PinID":6,
        "PinOwnerID":2020477650
      },
      "TargetPinAddress":{
        "PinID":1867506922,
        "PinOwnerID":1231124792
      },
      "ConnectionType":0,
      "ConnectedWireIndex":-1,
      "ConnectedWireSegmentIndex":-1,
      "Points":[{"x":0.0,"y":0.0},{"x":0.0,"y":0.0}]
    },
    {
      "SourcePinAddress":{
        "PinID":5,
        "PinOwnerID":2020477650
      },
      "TargetPinAddress":{
        "PinID":1453846113,
        "PinOwnerID":1231124792
      },
      "ConnectionType":0,
      "ConnectedWireIndex":-1,
      "ConnectedWireSegmentIndex":-1,
      "Points":[{"x":0.0,"y":0.0},{"x":0.0,"y":0.0}]
    },
    {
      "SourcePinAddress":{
        "PinID":4,
        "PinOwnerID":2020477650
      },
      "TargetPinAddress":{
        "PinID":478603527,
        "PinOwnerID":1231124792
      },
      "ConnectionType":0,
      "ConnectedWireIndex":-1,
      "ConnectedWireSegmentIndex":-1,
      "Points":[{"x":0.0,"y":0.0},{"x":0.0,"y":0.0}]
    },
    {
      "SourcePinAddress":{
        "PinID":3,
        "PinOwnerID":2020477650
      },
      "TargetPinAddress":{
        "PinID":1895462106,
        "PinOwnerID":1231124792
      },
      "ConnectionType":0,
      "ConnectedWireIndex":-1,
      "ConnectedWireSegmentIndex":-1,
      "Points":[{"x":0.0,"y":0.0},{"x":0.0,"y":0.0}]
    },
    {
      "SourcePinAddress":{
        "PinID":2,
        "PinOwnerID":2020477650
      },
      "TargetPinAddress":{
        "PinID":1311998831,
        "PinOwnerID":1231124792
      },
      "ConnectionType":0,
      "ConnectedWireIndex":-1,
      "ConnectedWireSegmentIndex":-1,
      "Points":[{"x":0.0,"y":0.0},{"x":0.0,"y":0.0}]
    },
    {
      "SourcePinAddress":{
        "PinID":1,
        "PinOwnerID":2020477650
      },
      "TargetPinAddress":{
        "PinID":1967016971,
        "PinOwnerID":1231124792
      },
      "ConnectionType":0,
      "ConnectedWireIndex":-1,
      "ConnectedWireSegmentIndex":-1,
      "Points":[{"x":0.0,"y":0.0},{"x":0.0,"y":0.0}]
    },
    {
      "SourcePinAddress":{
        "PinID":3744189,
        "PinOwnerID":1231124792
      },
      "TargetPinAddress":{
        "PinID":1720693614,
        "PinOwnerID":1931393368
      },
      "ConnectionType":0,
      "ConnectedWireIndex":-1,
      "ConnectedWireSegmentIndex":-1,
      "Points":[{"x":0.0,"y":0.0},{"x":1.25,"y":-0.875},{"x":1.25,"y":1.125},{"x":0.0,"y":0.0}]
    },
    {
      "SourcePinAddress":{
        "PinID":1688246423,
        "PinOwnerID":1231124792
      },
      "TargetPinAddress":{
        "PinID":0,
        "PinOwnerID":880727079
      },
      "ConnectionType":0,
      "ConnectedWireIndex":-1,
      "ConnectedWireSegmentIndex":-1,
      "Points":[{"x":0.0,"y":0.0},{"x":1.375,"y":0.0},{"x":1.375,"y":0.75},{"x":0.0,"y":0.0}]
    },
    {
      "SourcePinAddress":{
        "PinID":1095670395,
        "PinOwnerID":1231124792
      },
      "TargetPinAddress":{
        "PinID":0,
        "PinOwnerID":293057238
      },
      "ConnectionType":0,
      "ConnectedWireIndex":-1,
      "ConnectedWireSegmentIndex":-1,
      "Points":[{"x":0.0,"y":0.0},{"x":1.5,"y":-0.4375},{"x":1.5,"y":0.25},{"x":0.0,"y":0.0}]
    },
    {
      "SourcePinAddress":{
        "PinID":142927235,
        "PinOwnerID":1231124792
      },
      "TargetPinAddress":{
        "PinID":2014207872,
        "PinOwnerID":1623815174
      },
      "ConnectionType":0,
      "ConnectedWireIndex":-1,
      "ConnectedWireSegmentIndex":-1,
      "Points":[{"x":0.0,"y":0.0},{"x":1.125,"y":0.4375},{"x":1.125,"y":1.375},{"x":0.0,"y":0.0}]
    },
    {
      "SourcePinAddress":{
        "PinID":0,
        "PinOwnerID":539559883
      },
      "TargetPinAddress":{
        "PinID":1461907309,
        "PinOwnerID":1623815174
      },
      "ConnectionType":0,
      "ConnectedWireIndex":-1,
      "ConnectedWireSegmentIndex":-1,
      "Points":[{"x":0.0,"y":0.0},{"x":-3.75,"y":1.5},{"x":-3.75,"y":2.25},{"x":0.0,"y":0.0}]
    },
    {
      "SourcePinAddress":{
        "PinID":0,
        "PinOwnerID":1585878253
      },
      "TargetPinAddress":{
        "PinID":190062431,
        "PinOwnerID":1623815174
      },
      "ConnectionType":0,
      "ConnectedWireIndex":-1,
      "ConnectedWireSegmentIndex":-1,
      "Points":[{"x":0.0,"y":0.0},{"x":-3.25,"y":2.75},{"x":-3.25,"y":1.75},{"x":0.0,"y":0.0}]
    },
    {
      "SourcePinAddress":{
        "PinID":1475995953,
        "PinOwnerID":1623815174
      },
      "TargetPinAddress":{
        "PinID":617130315,
        "PinOwnerID":1931393368
      },
      "ConnectionType":0,
      "ConnectedWireIndex":-1,
      "ConnectedWireSegmentIndex":-1,
      "Points":[{"x":0.0,"y":0.0},{"x":2.75,"y":1.875},{"x":2.75,"y":1.5},{"x":0.0,"y":0.0}]
    },
    {
      "SourcePinAddress":{
        "PinID":3744189,
        "PinOwnerID":1231124792
      },
      "TargetPinAddress":{
        "PinID":0,
        "PinOwnerID":1169546493
      },
      "ConnectionType":1,
      "ConnectedWireIndex":10,
      "ConnectedWireSegmentIndex":2,
      "Points":[{"x":4.375,"y":1.125},{"x":4.375,"y":-0.25},{"x":0.0,"y":0.0}]
    },
    {
      "SourcePinAddress":{
        "PinID":2088669194,
        "PinOwnerID":1231124792
      },
      "TargetPinAddress":{
        "PinID":2014207872,
        "PinOwnerID":2127210926
      },
      "ConnectionType":0,
      "ConnectedWireIndex":-1,
      "ConnectedWireSegmentIndex":-1,
      "Points":[{"x":0.0,"y":0.0},{"x":1.0,"y":0.875},{"x":1.0,"y":2.75},{"x":0.0,"y":0.0}]
    },
    {
      "SourcePinAddress":{
        "PinID":0,
        "PinOwnerID":1060783765
      },
      "TargetPinAddress":{
        "PinID":190062431,
        "PinOwnerID":2127210926
      },
      "ConnectionType":0,
      "ConnectedWireIndex":-1,
      "ConnectedWireSegmentIndex":-1,
      "Points":[{"x":0.0,"y":0.0},{"x":-2.0,"y":0.5},{"x":-2.0,"y":3.125},{"x":0.0,"y":0.0}]
    },
    {
      "SourcePinAddress":{
        "PinID":0,
        "PinOwnerID":805673533
      },
      "TargetPinAddress":{
        "PinID":1461907309,
        "PinOwnerID":2127210926
      },
      "ConnectionType":0,
      "ConnectedWireIndex":-1,
      "ConnectedWireSegmentIndex":-1,
      "Points":[{"x":0.0,"y":0.0},{"x":-2.5,"y":1.0},{"x":-2.5,"y":3.625},{"x":0.0,"y":0.0}]
    },
    {
      "SourcePinAddress":{
        "PinID":0,
        "PinOwnerID":1585878253
      },
      "TargetPinAddress":{
        "PinID":1497290375,
        "PinOwnerID":2127210926
      },
      "ConnectionType":1,
      "ConnectedWireIndex":15,
      "ConnectedWireSegmentIndex":0,
      "Points":[{"x":-3.25,"y":2.75},{"x":-3.25,"y":4.125},{"x":0.0,"y":0.0}]
    },
    {
      "SourcePinAddress":{
        "PinID":0,
        "PinOwnerID":1634956227
      },
      "TargetPinAddress":{
        "PinID":2093475073,
        "PinOwnerID":2127210926
      },
      "ConnectionType":0,
      "ConnectedWireIndex":-1,
      "ConnectedWireSegmentIndex":-1,
      "Points":[{"x":0.0,"y":0.0},{"x":-3.75,"y":3.25},{"x":-3.75,"y":4.625},{"x":0.0,"y":0.0}]
    },
    {
      "SourcePinAddress":{
        "PinID":1475995953,
        "PinOwnerID":2127210926
      },
      "TargetPinAddress":{
        "PinID":0,
        "PinOwnerID":1637751836
      },
      "ConnectionType":0,
      "ConnectedWireIndex":-1,
      "ConnectedWireSegmentIndex":-1,
      "Points":[{"x":0.0,"y":0.0},{"x":2.75,"y":2.875},{"x":2.75,"y":2.5},{"x":0.0,"y":0.0}]
    },
    {
      "SourcePinAddress":{
        "PinID":1362251014,
        "PinOwnerID":2127210926
      },
      "TargetPinAddress":{
        "PinID":0,
        "PinOwnerID":1677159434
      },
      "ConnectionType":0,
      "ConnectedWireIndex":-1,
      "ConnectedWireSegmentIndex":-1,
      "Points":[{"x":0.0,"y":0.0},{"x":3.25,"y":4.625},{"x":3.25,"y":3.0},{"x":0.0,"y":0.0}]
    }
  ]
}