{
  "ChipType": 0,
  "Colour": {
    "r": 0.5739237,
    "g": 0.517585158,
    "b": 0.18898356,
    "a": 1
  },
  "Displays": null,
  "InputPins":[
    {
      "Name":"IN",
      "ID":1967016971,
      "Position":{
        "x":0.75,
        "y":1.0
      },
      "BitCount":1,
      "Colour":0,
      "ValueDisplayMode":0
    },
    {
      "Name":"IN",
      "ID":1311998831,
      "Position":{
        "x":0.75,
        "y":0.5
      },
      "BitCount":1,
      "Colour":0,
      "ValueDisplayMode":0
    },
    {
      "Name":"IN",
      "ID":1895462106,
      "Position":{
        "x":0.75,
        "y":0.0
      },
      "BitCount":1,
      "Colour":0,
      "ValueDisplayMode":0
    },
    {
      "Name":"IN",
      "ID":478603527,
      "Position":{
        "x":0.75,
        "y":-0.5
      },
      "BitCount":1,
      "Colour":0,
      "ValueDisplayMode":0
    },
    {
      "Name":"IN",
      "ID":1453846113,
      "Position":{
        "x":0.75,
        "y":-1.0
      },
      "BitCount":1,
      "Colour":0,
      "ValueDisplayMode":0
    },
    {
      "Name":"IN",
      "ID":1867506922,
      "Position":{
        "x":0.75,
        "y":-1.5
      },
      "BitCount":1,
      "Colour":0,
      "ValueDisplayMode":0
    },
    {
      "Name":"IN",
      "ID":405580173,
      "Position":{
        "x":0.75,
        "y":-2.0
      },
      "BitCount":1,
      "Colour":0,
      "ValueDisplayMode":0
    },
    {
      "Name":"IN",
      "ID":490734783,
      "Position":{
        "x":0.75,
        "y":-2.5
      },
      "BitCount":1,
      "Colour":0,
      "ValueDisplayMode":0
    }
  ],
  "Name": "RAM LOGIC",
  "NameLocation": 0,
  "OutputPins":[
    {
      "Name":"DATA FROM ROM",
      "ID":2088669194,
      "Position":{
        "x":8.875,
        "y":1.0
      },
      "BitCount":1,
      "Colour":0,
      "ValueDisplayMode":0
    },
    {
      "Name":"ADR FROM ROM",
      "ID":142927235,
      "Position":{
        "x":8.875,
        "y":0.5
      },
      "BitCount":1,
      "Colour":0,
      "ValueDisplayMode":0
    },
    {
      "Name":"READ/WRITE",
      "ID":1688246423,
      "Position":{
        "x":8.875,
        "y":-0.5
      },
      "BitCount":1,
      "Colour":0,
      "ValueDisplayMode":0
    },
    {
      "Name":"CLOCK",
      "ID":1095670395,
      "Position":{
        "x":8.875,
        "y":-1.125
      },
      "BitCount":1,
      "Colour":0,
      "ValueDisplayMode":0
    },
    {
      "Name":"ENABLE",
      "ID":3744189,
      "Position":{
        "x":8.875,
        "y":-1.75
      },
      "BitCount":1,
      "Colour":0,
      "ValueDisplayMode":0
    }
  ],
  "Size": {
    "x": 1.025,
    "y": 2.0
  },
  "SubChips":[
    {
      "Name":"NOT",
      "ID":967347754,
      "Label":"",
      "Position":{
        "x":2.5475,
        "y":-0.5
      },
      "OutputPinColourInfo":[{"PinColour":0,"PinID":1732242051}],
      "InternalData":null
    },
    {
      "Name":"NOT",
      "ID":1541961505,
      "Label":"",
      "Position":{
        "x":2.5475,
        "y":-1.0
      },
      "OutputPinColourInfo":[{"PinColour":0,"PinID":1732242051}],
      "InternalData":null
    },
    {
      "Name":"XOR",
      "ID":1039215789,
      "Label":"",
      "Position":{
        "x":3.5475,
        "y":-3.0
      },
      "OutputPinColourInfo":[{"PinColour":0,"PinID":979300091}],
      "InternalData":null
    },
    {
      "Name":"AND",
      "ID":1254395077,
      "Label":"",
      "Position":{
        "x":4.5475,
        "y":-3.3125
      },
      "OutputPinColourInfo":[{"PinColour":0,"PinID":2083071430}],
      "InternalData":null
    },
    {
      "Name":"NOT",
      "ID":747369408,
      "Label":"",
      "Position":{
        "x":3.5475,
        "y":-3.625
      },
      "OutputPinColourInfo":[{"PinColour":0,"PinID":1732242051}],
      "InternalData":null
    },
    {
      "Name":"AND",
      "ID":707637993,
      "Label":"",
      "Position":{
        "x":5.9225,
        "y":-0.5
      },
      "OutputPinColourInfo":[{"PinColour":0,"PinID":2083071430}],
      "InternalData":null
    },
    {
      "Name":"AND",
      "ID":1450749847,
      "Label":"",
      "Position":{
        "x":5.9225,
        "y":-1.125
      },
      "OutputPinColourInfo":[{"PinColour":0,"PinID":2083071430}],
      "InternalData":null
    },
    {
      "Name":"OR",
      "ID":1630693095,
      "Label":"",
      "Position":{
        "x":5.8475,
        "y":-1.875
      },
      "OutputPinColourInfo":[{"PinColour":0,"PinID":716179921}],
      "InternalData":null
    },
    {
      "Name":"AND",
      "ID":946616137,
      "Label":"",
      "Position":{
        "x":6.9225,
        "y":-1.75
      },
      "OutputPinColourInfo":[{"PinColour":0,"PinID":2083071430}],
      "InternalData":null
    },
    {
      "Name":"NOT",
      "ID":272762946,
      "Label":"",
      "Position":{
        "x":3.5475,
        "y":-1.5
      },
      "OutputPinColourInfo":[{"PinColour":0,"PinID":1732242051}],
      "InternalData":null
    },
    {
      "Name":"3 AND",
      "ID":287424976,
      "Label":"",
      "Position":{
        "x":3.7725,
        "y":-2.25
      },
      "OutputPinColourInfo":[{"PinColour":0,"PinID":585411462}],
      "InternalData":null
    },
    {
      "Name":"3 AND",
      "ID":1228946170,
      "Label":"",
      "Position":{
        "x":3.7725,
        "y":-0.5
      },
      "OutputPinColourInfo":[{"PinColour":0,"PinID":585411462}],
      "InternalData":null
    },
    {
      "Name":"NOT",
      "ID":912619567,
      "Label":"",
      "Position":{
        "x":2.5475,
        "y":0.0
      },
      "OutputPinColourInfo":[{"PinColour":0,"PinID":1732242051}],
      "InternalData":null
    }
  ],
  "Wires":[
    {
      "SourcePinAddress":{
        "PinID":0,
        "PinOwnerID":1453846113
      },
      "TargetPinAddress":{
        "PinID":1772587332,
        "PinOwnerID":1541961505
      },
      "ConnectionType":0,
      "ConnectedWireIndex":-1,
      "ConnectedWireSegmentIndex":-1,
      "Points":[{"x":0.0,"y":0.0},{"x":0.0,"y":0.0}]
    },
    {
      "SourcePinAddress":{
        "PinID":0,
        "PinOwnerID":478603527
      },
      "TargetPinAddress":{
        "PinID":1772587332,
        "PinOwnerID":967347754
      },
      "ConnectionType":0,
      "ConnectedWireIndex":-1,
      "ConnectedWireSegmentIndex":-1,
      "Points":[{"x":0.0,"y":0.0},{"x":0.0,"y":0.0}]
    },
    {
      "SourcePinAddress":{
        "PinID":0,
        "PinOwnerID":1867506922
      },
      "TargetPinAddress":{
        "PinID":46046312,
        "PinOwnerID":1039215789
      },
      "ConnectionType":0,
      "ConnectedWireIndex":-1,
      "ConnectedWireSegmentIndex":-1,
      "Points":[{"x":0.0,"y":0.0},{"x":2.875,"y":-1.5},{"x":2.875,"y":-2.875},{"x":0.0,"y":0.0}]
    },
    {
      "SourcePinAddress":{
        "PinID":0,
        "PinOwnerID":405580173
      },
      "TargetPinAddress":{
        "PinID":401736906,
        "PinOwnerID":1039215789
      },
      "ConnectionType":0,
      "ConnectedWireIndex":-1,
      "ConnectedWireSegmentIndex":-1,
      "Points":[{"x":0.0,"y":0.0},{"x":2.625,"y":-2.0},{"x":2.625,"y":-3.125},{"x":0.0,"y":0.0}]
    },
    {
      "SourcePinAddress":{
        "PinID":1732242051,
        "PinOwnerID":747369408
      },
      "TargetPinAddress":{
        "PinID":543772438,
        "PinOwnerID":1254395077
      },
      "ConnectionType":0,
      "ConnectedWireIndex":-1,
      "ConnectedWireSegmentIndex":-1,
      "Points":[{"x":0.0,"y":0.0},{"x":4.0625,"y":-3.625},{"x":4.0625,"y":-3.4375},{"x":0.0,"y":0.0}]
    },
    {
      "SourcePinAddress":{
        "PinID":979300091,
        "PinOwnerID":1039215789
      },
      "TargetPinAddress":{
        "PinID":897348161,
        "PinOwnerID":1254395077
      },
      "ConnectionType":0,
      "ConnectedWireIndex":-1,
      "ConnectedWireSegmentIndex":-1,
      "Points":[{"x":0.0,"y":0.0},{"x":4.0625,"y":-3.0},{"x":4.0625,"y":-3.1875},{"x":0.0,"y":0.0}]
    },
    {
      "SourcePinAddress":{
        "PinID":0,
        "PinOwnerID":490734783
      },
      "TargetPinAddress":{
        "PinID":1772587332,
        "PinOwnerID":747369408
      },
      "ConnectionType":0,
      "ConnectedWireIndex":-1,
      "ConnectedWireSegmentIndex":-1,
      "Points":[{"x":0.0,"y":0.0},{"x":2.375,"y":-2.5},{"x":2.375,"y":-3.625},{"x":0.0,"y":0.0}]
    },
    {
      "SourcePinAddress":{
        "PinID":2083071430,
        "PinOwnerID":707637993
      },
      "TargetPinAddress":{
        "PinID":0,
        "PinOwnerID":1688246423
      },
      "ConnectionType":0,
      "ConnectedWireIndex":-1,
      "ConnectedWireSegmentIndex":-1,
      "Points":[{"x":0.0,"y":0.0},{"x":0.0,"y":0.0}]
    },
    {
      "SourcePinAddress":{
        "PinID":2083071430,
        "PinOwnerID":1450749847
      },
      "TargetPinAddress":{
        "PinID":0,
        "PinOwnerID":1095670395
      },
      "ConnectionType":0,
      "ConnectedWireIndex":-1,
      "ConnectedWireSegmentIndex":-1,
      "Points":[{"x":0.0,"y":0.0},{"x":0.0,"y":0.0}]
    },
    {
      "SourcePinAddress":{
        "PinID":2083071430,
        "PinOwnerID":1254395077
      },
      "TargetPinAddress":{
        "PinID":897348161,
        "PinOwnerID":707637993
      },
      "ConnectionType":0,
      "ConnectedWireIndex":-1,
      "ConnectedWireSegmentIndex":-1,
      "Points":[{"x":0.0,"y":0.0},{"x":5.125,"y":-3.3125},{"x":5.125,"y":-0.375},{"x":0.0,"y":0.0}]
    },
    {
      "SourcePinAddress":{
        "PinID":2083071430,
        "PinOwnerID":1254395077
      },
      "TargetPinAddress":{
        "PinID":897348161,
        "PinOwnerID":1450749847
      },
      "ConnectionType":1,
      "ConnectedWireIndex":9,
      "ConnectedWireSegmentIndex":1,
      "Points":[{"x":5.125,"y":-1.0},{"x":0.0,"y":0.0}]
    },
    {
      "SourcePinAddress":{
        "PinID":2083071430,
        "PinOwnerID":946616137
      },
      "TargetPinAddress":{
        "PinID":0,
        "PinOwnerID":3744189
      },
      "ConnectionType":0,
      "ConnectedWireIndex":-1,
      "ConnectedWireSegmentIndex":-1,
      "Points":[{"x":0.0,"y":0.0},{"x":0.0,"y":0.0}]
    },
    {
      "SourcePinAddress":{
        "PinID":716179921,
        "PinOwnerID":1630693095
      },
      "TargetPinAddress":{
        "PinID":543772438,
        "PinOwnerID":946616137
      },
      "ConnectionType":0,
      "ConnectedWireIndex":-1,
      "ConnectedWireSegmentIndex":-1,
      "Points":[{"x":0.0,"y":0.0},{"x":0.0,"y":0.0}]
    },
    {
      "SourcePinAddress":{
        "PinID":2083071430,
        "PinOwnerID":1254395077
      },
      "TargetPinAddress":{
        "PinID":1552709902,
        "PinOwnerID":1630693095
      },
      "ConnectionType":1,
      "ConnectedWireIndex":9,
      "ConnectedWireSegmentIndex":1,
      "Points":[{"x":5.125,"y":-1.75},{"x":0.0,"y":0.0}]
    },
    {
      "SourcePinAddress":{
        "PinID":0,
        "PinOwnerID":1867506922
      },
      "TargetPinAddress":{
        "PinID":1772587332,
        "PinOwnerID":272762946
      },
      "ConnectionType":1,
      "ConnectedWireIndex":2,
      "ConnectedWireSegmentIndex":0,
      "Points":[{"x":2.875,"y":-1.5},{"x":0.0,"y":0.0}]
    },
    {
      "SourcePinAddress":{
        "PinID":1732242051,
        "PinOwnerID":272762946
      },
      "TargetPinAddress":{
        "PinID":1518242757,
        "PinOwnerID":287424976
      },
      "ConnectionType":0,
      "ConnectedWireIndex":-1,
      "ConnectedWireSegmentIndex":-1,
      "Points":[{"x":0.0,"y":0.0},{"x":4.0625,"y":-1.5},{"x":4.0625,"y":-1.75},{"x":3.0625,"y":-1.75},{"x":3.0625,"y":-2.0},{"x":0.0,"y":0.0}]
    },
    {
      "SourcePinAddress":{
        "PinID":0,
        "PinOwnerID":490734783
      },
      "TargetPinAddress":{
        "PinID":1552051872,
        "PinOwnerID":287424976
      },
      "ConnectionType":1,
      "ConnectedWireIndex":6,
      "ConnectedWireSegmentIndex":0,
      "Points":[{"x":2.375,"y":-2.5},{"x":0.0,"y":0.0}]
    },
    {
      "SourcePinAddress":{
        "PinID":0,
        "PinOwnerID":405580173
      },
      "TargetPinAddress":{
        "PinID":1087959590,
        "PinOwnerID":287424976
      },
      "ConnectionType":1,
      "ConnectedWireIndex":3,
      "ConnectedWireSegmentIndex":1,
      "Points":[{"x":2.625,"y":-2.25},{"x":0.0,"y":0.0}]
    },
    {
      "SourcePinAddress":{
        "PinID":585411462,
        "PinOwnerID":287424976
      },
      "TargetPinAddress":{
        "PinID":916803389,
        "PinOwnerID":1630693095
      },
      "ConnectionType":0,
      "ConnectedWireIndex":-1,
      "ConnectedWireSegmentIndex":-1,
      "Points":[{"x":0.0,"y":0.0},{"x":4.5625,"y":-2.25},{"x":4.5625,"y":-2.0},{"x":0.0,"y":0.0}]
    },
    {
      "SourcePinAddress":{
        "PinID":1732242051,
        "PinOwnerID":1541961505
      },
      "TargetPinAddress":{
        "PinID":1552051872,
        "PinOwnerID":1228946170
      },
      "ConnectionType":0,
      "ConnectedWireIndex":-1,
      "ConnectedWireSegmentIndex":-1,
      "Points":[{"x":0.0,"y":0.0},{"x":3.0625,"y":-1.0},{"x":3.0625,"y":-0.75},{"x":0.0,"y":0.0}]
    },
    {
      "SourcePinAddress":{
        "PinID":1732242051,
        "PinOwnerID":967347754
      },
      "TargetPinAddress":{
        "PinID":1087959590,
        "PinOwnerID":1228946170
      },
      "ConnectionType":0,
      "ConnectedWireIndex":-1,
      "ConnectedWireSegmentIndex":-1,
      "Points":[{"x":0.0,"y":0.0},{"x":0.0,"y":0.0}]
    },
    {
      "SourcePinAddress":{
        "PinID":1732242051,
        "PinOwnerID":912619567
      },
      "TargetPinAddress":{
        "PinID":1518242757,
        "PinOwnerID":1228946170
      },
      "ConnectionType":0,
      "ConnectedWireIndex":-1,
      "ConnectedWireSegmentIndex":-1,
      "Points":[{"x":0.0,"y":0.0},{"x":3.0625,"y":0.0},{"x":3.0625,"y":-0.25},{"x":0.0,"y":0.0}]
    },
    {
      "SourcePinAddress":{
        "PinID":585411462,
        "PinOwnerID":1228946170
      },
      "TargetPinAddress":{
        "PinID":897348161,
        "PinOwnerID":946616137
      },
      "ConnectionType":0,
      "ConnectedWireIndex":-1,
      "ConnectedWireSegmentIndex":-1,
      "Points":[{"x":0.0,"y":0.0},{"x":5.375,"y":-0.5},{"x":5.375,"y":-1.5},{"x":6.375,"y":-1.5},{"x":6.375,"y":-1.625},{"x":0.0,"y":0.0}]
    },
    {
      "SourcePinAddress":{
        "PinID":585411462,
        "PinOwnerID":1228946170
      },
      "TargetPinAddress":{
        "PinID":543772438,
        "PinOwnerID":1450749847
      },
      "ConnectionType":1,
      "ConnectedWireIndex":22,
      "ConnectedWireSegmentIndex":1,
      "Points":[{"x":5.375,"y":-1.25},{"x":0.0,"y":0.0}]
    },
    {
      "SourcePinAddress":{
        "PinID":585411462,
        "PinOwnerID":1228946170
      },
      "TargetPinAddress":{
        "PinID":543772438,
        "PinOwnerID":707637993
      },
      "ConnectionType":1,
      "ConnectedWireIndex":22,
      "ConnectedWireSegmentIndex":1,
      "Points":[{"x":5.375,"y":-0.625},{"x":0.0,"y":0.0}]
    },
    {
      "SourcePinAddress":{
        "PinID":0,
        "PinOwnerID":1895462106
      },
      "TargetPinAddress":{
        "PinID":1772587332,
        "PinOwnerID":912619567
      },
      "ConnectionType":0,
      "ConnectedWireIndex":-1,
      "ConnectedWireSegmentIndex":-1,
      "Points":[{"x":0.0,"y":0.0},{"x":0.0,"y":0.0}]
    },
    {
      "SourcePinAddress":{
        "PinID":0,
        "PinOwnerID":1311998831
      },
      "TargetPinAddress":{
        "PinID":0,
        "PinOwnerID":142927235
      },
      "ConnectionType":0,
      "ConnectedWireIndex":-1,
      "ConnectedWireSegmentIndex":-1,
      "Points":[{"x":0.0,"y":0.0},{"x":0.0,"y":0.0}]
    },
    {
      "SourcePinAddress":{
        "PinID":0,
        "PinOwnerID":1967016971
      },
      "TargetPinAddress":{
        "PinID":0,
        "PinOwnerID":2088669194
      },
      "ConnectionType":0,
      "ConnectedWireIndex":-1,
      "ConnectedWireSegmentIndex":-1,
      "Points":[{"x":0.0,"y":0.0},{"x":0.0,"y":0.0}]
    }
  ]
}