{
  "ChipType": 0,
  "Colour": {
    "r": 0.42535165,
    "g": 0.3162947,
    "b": 0.390717983,
    "a": 1
  },
  "Displays": null,
  "InputPins":[
    {
      "Name":"IN",
      "ID":1014777374,
      "Position":{
        "x":-4.0,
        "y":-0.375
      },
      "BitCount":1,
      "Colour":0,
      "ValueDisplayMode":0
    },
    {
      "Name":"IN",
      "ID":625675456,
      "Position":{
        "x":-4.0,
        "y":-1.875
      },
      "BitCount":1,
      "Colour":0,
      "ValueDisplayMode":0
    }
  ],
  "Name": "RGB MEM SELECT",
  "NameLocation": 0,
  "OutputPins":[
    {
      "Name":"R",
      "ID":791972186,
      "Position":{
        "x":0.5,
        "y":-0.5
      },
      "BitCount":1,
      "Colour":0,
      "ValueDisplayMode":0
    },
    {
      "Name":"G",
      "ID":436530934,
      "Position":{
        "x":0.5,
        "y":-1.125
      },
      "BitCount":1,
      "Colour":0,
      "ValueDisplayMode":0
    },
    {
      "Name":"B",
      "ID":1186531637,
      "Position":{
        "x":0.5,
        "y":-1.75
      },
      "BitCount":1,
      "Colour":0,
      "ValueDisplayMode":0
    }
  ],
  "Size": {
    "x": 1.25,
    "y": 0.75
  },
  "SubChips":[
    {
      "Name":"AND",
      "ID":1963172645,
      "Label":"",
      "Position":{
        "x":-1.4525,
        "y":-0.5
      },
      "OutputPinColourInfo":[{"PinColour":0,"PinID":2083071430}],
      "InternalData":null
    },
    {
      "Name":"AND",
      "ID":279121325,
      "Label":"",
      "Position":{
        "x":-1.4525,
        "y":-1.125
      },
      "OutputPinColourInfo":[{"PinColour":0,"PinID":2083071430}],
      "InternalData":null
    },
    {
      "Name":"AND",
      "ID":926784984,
      "Label":"",
      "Position":{
        "x":-1.4525,
        "y":-1.75
      },
      "OutputPinColourInfo":[{"PinColour":0,"PinID":2083071430}],
      "InternalData":null
    },
    {
      "Name":"NOT",
      "ID":400266700,
      "Label":"",
      "Position":{
        "x":-3.5775,
        "y":-0.875
      },
      "OutputPinColourInfo":[{"PinColour":0,"PinID":1732242051}],
      "InternalData":null
    },
    {
      "Name":"NOT",
      "ID":963869551,
      "Label":"",
      "Position":{
        "x":-3.5775,
        "y":-1.375
      },
      "OutputPinColourInfo":[{"PinColour":0,"PinID":1732242051}],
      "InternalData":null
    }
  ],
  "Wires":[
    {
      "SourcePinAddress":{
        "PinID":0,
        "PinOwnerID":625675456
      },
      "TargetPinAddress":{
        "PinID":1772587332,
        "PinOwnerID":963869551
      },
      "ConnectionType":0,
      "ConnectedWireIndex":-1,
      "ConnectedWireSegmentIndex":-1,
      "Points":[{"x":0.0,"y":0.0},{"x":-3.0,"y":-1.875},{"x":-3.0,"y":-1.625},{"x":-4.125,"y":-1.625},{"x":-4.125,"y":-1.375},{"x":0.0,"y":0.0}]
    },
    {
      "SourcePinAddress":{
        "PinID":0,
        "PinOwnerID":1014777374
      },
      "TargetPinAddress":{
        "PinID":1772587332,
        "PinOwnerID":400266700
      },
      "ConnectionType":0,
      "ConnectedWireIndex":-1,
      "ConnectedWireSegmentIndex":-1,
      "Points":[{"x":0.0,"y":0.0},{"x":-3.0,"y":-0.375},{"x":-3.0,"y":-0.625},{"x":-4.125,"y":-0.625},{"x":-4.125,"y":-0.875},{"x":0.0,"y":0.0}]
    },
    {
      "SourcePinAddress":{
        "PinID":0,
        "PinOwnerID":625675456
      },
      "TargetPinAddress":{
        "PinID":543772438,
        "PinOwnerID":1963172645
      },
      "ConnectionType":1,
      "ConnectedWireIndex":0,
      "ConnectedWireSegmentIndex":0,
      "Points":[{"x":-3.0,"y":-1.875},{"x":-2.5,"y":-1.875},{"x":-2.5,"y":-0.625},{"x":0.0,"y":0.0}]
    },
    {
      "SourcePinAddress":{
        "PinID":1732242051,
        "PinOwnerID":400266700
      },
      "TargetPinAddress":{
        "PinID":897348161,
        "PinOwnerID":1963172645
      },
      "ConnectionType":0,
      "ConnectedWireIndex":-1,
      "ConnectedWireSegmentIndex":-1,
      "Points":[{"x":0.0,"y":0.0},{"x":-2.0,"y":-0.875},{"x":-2.0,"y":-0.375},{"x":0.0,"y":0.0}]
    },
    {
      "SourcePinAddress":{
        "PinID":0,
        "PinOwnerID":1014777374
      },
      "TargetPinAddress":{
        "PinID":897348161,
        "PinOwnerID":279121325
      },
      "ConnectionType":1,
      "ConnectedWireIndex":1,
      "ConnectedWireSegmentIndex":0,
      "Points":[{"x":-3.0,"y":-0.375},{"x":-2.375,"y":-0.375},{"x":-2.375,"y":-1.0},{"x":0.0,"y":0.0}]
    },
    {
      "SourcePinAddress":{
        "PinID":1732242051,
        "PinOwnerID":963869551
      },
      "TargetPinAddress":{
        "PinID":543772438,
        "PinOwnerID":279121325
      },
      "ConnectionType":0,
      "ConnectedWireIndex":-1,
      "ConnectedWireSegmentIndex":-1,
      "Points":[{"x":0.0,"y":0.0},{"x":-2.125,"y":-1.375},{"x":-2.125,"y":-1.25},{"x":0.0,"y":0.0}]
    },
    {
      "SourcePinAddress":{
        "PinID":0,
        "PinOwnerID":625675456
      },
      "TargetPinAddress":{
        "PinID":543772438,
        "PinOwnerID":926784984
      },
      "ConnectionType":1,
      "ConnectedWireIndex":2,
      "ConnectedWireSegmentIndex":0,
      "Points":[{"x":-2.5,"y":-1.875},{"x":0.0,"y":0.0}]
    },
    {
      "SourcePinAddress":{
        "PinID":0,
        "PinOwnerID":1014777374
      },
      "TargetPinAddress":{
        "PinID":897348161,
        "PinOwnerID":926784984
      },
      "ConnectionType":1,
      "ConnectedWireIndex":4,
      "ConnectedWireSegmentIndex":1,
      "Points":[{"x":-2.375,"y":-1.0},{"x":-2.375,"y":-1.625},{"x":0.0,"y":0.0}]
    },
    {
      "SourcePinAddress":{
        "PinID":2083071430,
        "PinOwnerID":926784984
      },
      "TargetPinAddress":{
        "PinID":0,
        "PinOwnerID":1186531637
      },
      "ConnectionType":0,
      "ConnectedWireIndex":-1,
      "ConnectedWireSegmentIndex":-1,
      "Points":[{"x":0.0,"y":0.0},{"x":0.0,"y":0.0}]
    },
    {
      "SourcePinAddress":{
        "PinID":2083071430,
        "PinOwnerID":279121325
      },
      "TargetPinAddress":{
        "PinID":0,
        "PinOwnerID":436530934
      },
      "ConnectionType":0,
      "ConnectedWireIndex":-1,
      "ConnectedWireSegmentIndex":-1,
      "Points":[{"x":0.0,"y":0.0},{"x":0.0,"y":0.0}]
    },
    {
      "SourcePinAddress":{
        "PinID":2083071430,
        "PinOwnerID":1963172645
      },
      "TargetPinAddress":{
        "PinID":0,
        "PinOwnerID":791972186
      },
      "ConnectionType":0,
      "ConnectedWireIndex":-1,
      "ConnectedWireSegmentIndex":-1,
      "Points":[{"x":0.0,"y":0.0},{"x":0.0,"y":0.0}]
    }
  ]
}