{
  "ChipType": 0,
  "Colour": {
    "r": 0.52831763,
    "g": 0.06581647,
    "b": 0.3533977,
    "a": 1
  },
  "Displays": null,
  "InputPins":[
    {
      "Name":"ROM 4",
      "ID":884205196,
      "Position":{
        "x":-550.375,
        "y":-65.0
      },
      "BitCount":8,
      "Colour":0,
      "ValueDisplayMode":0
    },
    {
      "Name":"ROM 3",
      "ID":512570844,
      "Position":{
        "x":-550.375,
        "y":-65.875
      },
      "BitCount":8,
      "Colour":0,
      "ValueDisplayMode":0
    },
    {
      "Name":"ROM 2",
      "ID":943658673,
      "Position":{
        "x":-550.375,
        "y":-66.75
      },
      "BitCount":8,
      "Colour":0,
      "ValueDisplayMode":0
    },
    {
      "Name":"ROM 1",
      "ID":760717889,
      "Position":{
        "x":-550.375,
        "y":-67.625
      },
      "BitCount":8,
      "Colour":0,
      "ValueDisplayMode":0
    },
    {
      "Name":"READ",
      "ID":1983545505,
      "Position":{
        "x":-550.375,
        "y":-68.5
      },
      "BitCount":1,
      "Colour":6,
      "ValueDisplayMode":0
    }
  ],
  "Name": "ROM READ OP",
  "NameLocation": 0,
  "OutputPins":[
    {
      "Name":"OUT 4",
      "ID":2021466066,
      "Position":{
        "x":-544.625,
        "y":-65.125
      },
      "BitCount":8,
      "Colour":0,
      "ValueDisplayMode":0
    },
    {
      "Name":"OUT 3",
      "ID":518386242,
      "Position":{
        "x":-544.625,
        "y":-66.0
      },
      "BitCount":8,
      "Colour":0,
      "ValueDisplayMode":0
    },
    {
      "Name":"OUT 2",
      "ID":1674161482,
      "Position":{
        "x":-544.625,
        "y":-66.875
      },
      "BitCount":8,
      "Colour":0,
      "ValueDisplayMode":0
    },
    {
      "Name":"OUT 1",
      "ID":929616851,
      "Position":{
        "x":-544.625,
        "y":-67.75
      },
      "BitCount":8,
      "Colour":0,
      "ValueDisplayMode":0
    }
  ],
  "Size": {
    "x": 1.175,
    "y": 2.25
  },
  "SubChips":[
    {
      "Name":"8BIT AND",
      "ID":892540657,
      "Label":"",
      "Position":{
        "x":-547.35248,
        "y":-65.125
      },
      "OutputPinColourInfo":[{"PinColour":0,"PinID":784645988}],
      "InternalData":null
    },
    {
      "Name":"8BIT AND",
      "ID":1059656164,
      "Label":"",
      "Position":{
        "x":-547.35248,
        "y":-66.0
      },
      "OutputPinColourInfo":[{"PinColour":0,"PinID":784645988}],
      "InternalData":null
    },
    {
      "Name":"8BIT AND",
      "ID":1578132413,
      "Label":"",
      "Position":{
        "x":-547.35248,
        "y":-66.875
      },
      "OutputPinColourInfo":[{"PinColour":0,"PinID":784645988}],
      "InternalData":null
    },
    {
      "Name":"8BIT AND",
      "ID":350324784,
      "Label":"",
      "Position":{
        "x":-547.35248,
        "y":-67.75
      },
      "OutputPinColourInfo":[{"PinColour":0,"PinID":784645988}],
      "InternalData":null
    }
  ],
  "Wires":[
    {
      "SourcePinAddress":{
        "PinID":0,
        "PinOwnerID":1983545505
      },
      "TargetPinAddress":{
        "PinID":1720693614,
        "PinOwnerID":892540657
      },
      "ConnectionType":0,
      "ConnectedWireIndex":-1,
      "ConnectedWireSegmentIndex":-1,
      "Points":[{"x":0.0,"y":0.0},{"x":-548.125,"y":-68.5},{"x":-548.125,"y":-65.375},{"x":0.0,"y":0.0}]
    },
    {
      "SourcePinAddress":{
        "PinID":0,
        "PinOwnerID":1983545505
      },
      "TargetPinAddress":{
        "PinID":1720693614,
        "PinOwnerID":1059656164
      },
      "ConnectionType":1,
      "ConnectedWireIndex":0,
      "ConnectedWireSegmentIndex":1,
      "Points":[{"x":-548.125,"y":-66.25},{"x":0.0,"y":0.0}]
    },
    {
      "SourcePinAddress":{
        "PinID":0,
        "PinOwnerID":1983545505
      },
      "TargetPinAddress":{
        "PinID":1720693614,
        "PinOwnerID":1578132413
      },
      "ConnectionType":1,
      "ConnectedWireIndex":0,
      "ConnectedWireSegmentIndex":1,
      "Points":[{"x":-548.125,"y":-67.125},{"x":0.0,"y":0.0}]
    },
    {
      "SourcePinAddress":{
        "PinID":0,
        "PinOwnerID":1983545505
      },
      "TargetPinAddress":{
        "PinID":1720693614,
        "PinOwnerID":350324784
      },
      "ConnectionType":1,
      "ConnectedWireIndex":0,
      "ConnectedWireSegmentIndex":1,
      "Points":[{"x":-548.125,"y":-68.0},{"x":0.0,"y":0.0}]
    },
    {
      "SourcePinAddress":{
        "PinID":0,
        "PinOwnerID":760717889
      },
      "TargetPinAddress":{
        "PinID":617130315,
        "PinOwnerID":350324784
      },
      "ConnectionType":0,
      "ConnectedWireIndex":-1,
      "ConnectedWireSegmentIndex":-1,
      "Points":[{"x":0.0,"y":0.0},{"x":0.0,"y":0.0}]
    },
    {
      "SourcePinAddress":{
        "PinID":0,
        "PinOwnerID":943658673
      },
      "TargetPinAddress":{
        "PinID":617130315,
        "PinOwnerID":1578132413
      },
      "ConnectionType":0,
      "ConnectedWireIndex":-1,
      "ConnectedWireSegmentIndex":-1,
      "Points":[{"x":0.0,"y":0.0},{"x":0.0,"y":0.0}]
    },
    {
      "SourcePinAddress":{
        "PinID":0,
        "PinOwnerID":512570844
      },
      "TargetPinAddress":{
        "PinID":617130315,
        "PinOwnerID":1059656164
      },
      "ConnectionType":0,
      "ConnectedWireIndex":-1,
      "ConnectedWireSegmentIndex":-1,
      "Points":[{"x":0.0,"y":0.0},{"x":0.0,"y":0.0}]
    },
    {
      "SourcePinAddress":{
        "PinID":0,
        "PinOwnerID":884205196
      },
      "TargetPinAddress":{
        "PinID":617130315,
        "PinOwnerID":892540657
      },
      "ConnectionType":0,
      "ConnectedWireIndex":-1,
      "ConnectedWireSegmentIndex":-1,
      "Points":[{"x":0.0,"y":0.0},{"x":0.0,"y":0.0}]
    },
    {
      "SourcePinAddress":{
        "PinID":784645988,
        "PinOwnerID":892540657
      },
      "TargetPinAddress":{
        "PinID":0,
        "PinOwnerID":2021466066
      },
      "ConnectionType":0,
      "ConnectedWireIndex":-1,
      "ConnectedWireSegmentIndex":-1,
      "Points":[{"x":0.0,"y":0.0},{"x":0.0,"y":0.0}]
    },
    {
      "SourcePinAddress":{
        "PinID":784645988,
        "PinOwnerID":1059656164
      },
      "TargetPinAddress":{
        "PinID":0,
        "PinOwnerID":518386242
      },
      "ConnectionType":0,
      "ConnectedWireIndex":-1,
      "ConnectedWireSegmentIndex":-1,
      "Points":[{"x":0.0,"y":0.0},{"x":0.0,"y":0.0}]
    },
    {
      "SourcePinAddress":{
        "PinID":784645988,
        "PinOwnerID":1578132413
      },
      "TargetPinAddress":{
        "PinID":0,
        "PinOwnerID":1674161482
      },
      "ConnectionType":0,
      "ConnectedWireIndex":-1,
      "ConnectedWireSegmentIndex":-1,
      "Points":[{"x":0.0,"y":0.0},{"x":0.0,"y":0.0}]
    },
    {
      "SourcePinAddress":{
        "PinID":784645988,
        "PinOwnerID":350324784
      },
      "TargetPinAddress":{
        "PinID":0,
        "PinOwnerID":929616851
      },
      "ConnectionType":0,
      "ConnectedWireIndex":-1,
      "ConnectedWireSegmentIndex":-1,
      "Points":[{"x":0.0,"y":0.0},{"x":0.0,"y":0.0}]
    }
  ]
}