{
  "ChipType": 0,
  "Colour": {
    "r": 0.458896875,
    "g": 0.037778113,
    "b": 0.466591656,
    "a": 1
  },
  "Displays": null,
  "InputPins":[
    {
      "Name":"CTRL",
      "ID":1509146787,
      "Position":{
        "x":-560.0,
        "y":-61.375
      },
      "BitCount":1,
      "Colour":0,
      "ValueDisplayMode":0
    }
  ],
  "Name": "ROM CTRL",
  "NameLocation": 0,
  "OutputPins":[
    {
      "Name":"COMPRESSED OUT",
      "ID":63799639,
      "Position":{
        "x":-546.375,
        "y":-61.875
      },
      "BitCount":4,
      "Colour":0,
      "ValueDisplayMode":0
    }
  ],
  "Size": {
    "x": 1.025,
    "y": 0.5
  },
  "SubChips":[
    {
      "Name":"PULSE",
      "ID":967735466,
      "Label":"",
      "Position":{
        "x":-556.42749,
        "y":-61.375
      },
      "OutputPinColourInfo":[{"PinColour":0,"PinID":1024385873}],
      "InternalData":null
    },
    {
      "Name":"SR LATCH",
      "ID":199648280,
      "Label":"",
      "Position":{
        "x":-554.22748,
        "y":-61.5
      },
      "OutputPinColourInfo":[{"PinColour":0,"PinID":1303636576}],
      "InternalData":null
    },
    {
      "Name":"AND",
      "ID":57288180,
      "Label":"",
      "Position":{
        "x":-552.95251,
        "y":-61.625
      },
      "OutputPinColourInfo":[{"PinColour":0,"PinID":2083071430}],
      "InternalData":null
    },
    {
      "Name":"SR LATCH",
      "ID":647257881,
      "Label":"",
      "Position":{
        "x":-552.60248,
        "y":-63.0
      },
      "OutputPinColourInfo":[{"PinColour":0,"PinID":1303636576}],
      "InternalData":null
    },
    {
      "Name":"BUFFER",
      "ID":522261577,
      "Label":"",
      "Position":{
        "x":-554.10248,
        "y":-62.75
      },
      "OutputPinColourInfo":[{"PinColour":0,"PinID":830893206}],
      "InternalData":null
    },
    {
      "Name":"NOT",
      "ID":2110350993,
      "Label":"",
      "Position":{
        "x":-554.07751,
        "y":-63.25
      },
      "OutputPinColourInfo":[{"PinColour":0,"PinID":1732242051}],
      "InternalData":null
    },
    {
      "Name":"1-4BIT",
      "ID":1408606932,
      "Label":"",
      "Position":{
        "x":-550.30249,
        "y":-61.875
      },
      "OutputPinColourInfo":[{"PinColour":0,"PinID":4}],
      "InternalData":null
    }
  ],
  "Wires":[
    {
      "SourcePinAddress":{
        "PinID":1024385873,
        "PinOwnerID":967735466
      },
      "TargetPinAddress":{
        "PinID":1268972727,
        "PinOwnerID":199648280
      },
      "ConnectionType":0,
      "ConnectedWireIndex":-1,
      "ConnectedWireSegmentIndex":-1,
      "Points":[{"x":0.0,"y":0.0},{"x":0.0,"y":0.0}]
    },
    {
      "SourcePinAddress":{
        "PinID":1303636576,
        "PinOwnerID":199648280
      },
      "TargetPinAddress":{
        "PinID":897348161,
        "PinOwnerID":57288180
      },
      "ConnectionType":0,
      "ConnectedWireIndex":-1,
      "ConnectedWireSegmentIndex":-1,
      "Points":[{"x":0.0,"y":0.0},{"x":0.0,"y":0.0}]
    },
    {
      "SourcePinAddress":{
        "PinID":2083071430,
        "PinOwnerID":57288180
      },
      "TargetPinAddress":{
        "PinID":354627677,
        "PinOwnerID":199648280
      },
      "ConnectionType":0,
      "ConnectedWireIndex":-1,
      "ConnectedWireSegmentIndex":-1,
      "Points":[{"x":0.0,"y":0.0},{"x":-551.25,"y":-61.625},{"x":-551.25,"y":-61.875},{"x":-551.25,"y":-62.125},{"x":-555.0,"y":-62.125},{"x":-555.0,"y":-61.625},{"x":0.0,"y":0.0}]
    },
    {
      "SourcePinAddress":{
        "PinID":830893206,
        "PinOwnerID":522261577
      },
      "TargetPinAddress":{
        "PinID":1268972727,
        "PinOwnerID":647257881
      },
      "ConnectionType":0,
      "ConnectedWireIndex":-1,
      "ConnectedWireSegmentIndex":-1,
      "Points":[{"x":0.0,"y":0.0},{"x":-553.375,"y":-62.75},{"x":-553.375,"y":-62.875},{"x":0.0,"y":0.0}]
    },
    {
      "SourcePinAddress":{
        "PinID":1732242051,
        "PinOwnerID":2110350993
      },
      "TargetPinAddress":{
        "PinID":354627677,
        "PinOwnerID":647257881
      },
      "ConnectionType":0,
      "ConnectedWireIndex":-1,
      "ConnectedWireSegmentIndex":-1,
      "Points":[{"x":0.0,"y":0.0},{"x":-553.375,"y":-63.25},{"x":-553.375,"y":-63.125},{"x":0.0,"y":0.0}]
    },
    {
      "SourcePinAddress":{
        "PinID":2083071430,
        "PinOwnerID":57288180
      },
      "TargetPinAddress":{
        "PinID":1313893102,
        "PinOwnerID":522261577
      },
      "ConnectionType":1,
      "ConnectedWireIndex":2,
      "ConnectedWireSegmentIndex":3,
      "Points":[{"x":-555.0,"y":-62.125},{"x":-555.0,"y":-62.75},{"x":0.0,"y":0.0}]
    },
    {
      "SourcePinAddress":{
        "PinID":1303636576,
        "PinOwnerID":647257881
      },
      "TargetPinAddress":{
        "PinID":3,
        "PinOwnerID":1408606932
      },
      "ConnectionType":0,
      "ConnectedWireIndex":-1,
      "ConnectedWireSegmentIndex":-1,
      "Points":[{"x":0.0,"y":0.0},{"x":-551.25,"y":-63.0},{"x":-551.25,"y":-62.25},{"x":0.0,"y":0.0}]
    },
    {
      "SourcePinAddress":{
        "PinID":2083071430,
        "PinOwnerID":57288180
      },
      "TargetPinAddress":{
        "PinID":1,
        "PinOwnerID":1408606932
      },
      "ConnectionType":1,
      "ConnectedWireIndex":2,
      "ConnectedWireSegmentIndex":1,
      "Points":[{"x":-551.25,"y":-61.75},{"x":0.0,"y":0.0}]
    },
    {
      "SourcePinAddress":{
        "PinID":4,
        "PinOwnerID":1408606932
      },
      "TargetPinAddress":{
        "PinID":0,
        "PinOwnerID":63799639
      },
      "ConnectionType":0,
      "ConnectedWireIndex":-1,
      "ConnectedWireSegmentIndex":-1,
      "Points":[{"x":0.0,"y":0.0},{"x":0.0,"y":0.0}]
    },
    {
      "SourcePinAddress":{
        "PinID":0,
        "PinOwnerID":1509146787
      },
      "TargetPinAddress":{
        "PinID":618307387,
        "PinOwnerID":967735466
      },
      "ConnectionType":0,
      "ConnectedWireIndex":-1,
      "ConnectedWireSegmentIndex":-1,
      "Points":[{"x":0.0,"y":0.0},{"x":0.0,"y":0.0}]
    },
    {
      "SourcePinAddress":{
        "PinID":0,
        "PinOwnerID":1509146787
      },
      "TargetPinAddress":{
        "PinID":0,
        "PinOwnerID":1408606932
      },
      "ConnectionType":1,
      "ConnectedWireIndex":9,
      "ConnectedWireSegmentIndex":0,
      "Points":[{"x":-557.25,"y":-61.375},{"x":-557.25,"y":-61.0},{"x":-551.25,"y":-61.0},{"x":-551.25,"y":-61.5},{"x":0.0,"y":0.0}]
    },
    {
      "SourcePinAddress":{
        "PinID":0,
        "PinOwnerID":1509146787
      },
      "TargetPinAddress":{
        "PinID":2,
        "PinOwnerID":1408606932
      },
      "ConnectionType":1,
      "ConnectedWireIndex":9,
      "ConnectedWireSegmentIndex":0,
      "Points":[{"x":-557.25,"y":-61.375},{"x":-557.25,"y":-62.0},{"x":0.0,"y":0.0}]
    },
    {
      "SourcePinAddress":{
        "PinID":0,
        "PinOwnerID":1509146787
      },
      "TargetPinAddress":{
        "PinID":543772438,
        "PinOwnerID":57288180
      },
      "ConnectionType":1,
      "ConnectedWireIndex":11,
      "ConnectedWireSegmentIndex":1,
      "Points":[{"x":-553.5,"y":-62.0},{"x":-553.5,"y":-61.75},{"x":0.0,"y":0.0}]
    },
    {
      "SourcePinAddress":{
        "PinID":0,
        "PinOwnerID":1509146787
      },
      "TargetPinAddress":{
        "PinID":1772587332,
        "PinOwnerID":2110350993
      },
      "ConnectionType":1,
      "ConnectedWireIndex":11,
      "ConnectedWireSegmentIndex":1,
      "Points":[{"x":-555.125,"y":-62.0},{"x":-555.125,"y":-63.25},{"x":0.0,"y":0.0}]
    }
  ]
}