{
  "ChipType": 0,
  "Colour": {
    "r": 0.78850615,
    "g": 0.289972842,
    "b": 0.7559382,
    "a": 1
  },
  "Displays":[
    {
      "SubChipID":1659300453,
      "Position":{
        "x":-1.5625,
        "y":0.9375
      },
      "Scale":1.0
    },
    {
      "SubChipID":1011178412,
      "Position":{
        "x":-1.5625,
        "y":-0.875
      },
      "Scale":1.0
    },
    {
      "SubChipID":1714569870,
      "Position":{
        "x":1.5625,
        "y":-0.875
      },
      "Scale":1.0
    }
  ],
  "InputPins":[
    {
      "Name":"ADR",
      "ID":151461997,
      "Position":{
        "x":3.375,
        "y":-10.125
      },
      "BitCount":8,
      "Colour":0,
      "ValueDisplayMode":0
    },
    {
      "Name":"READ",
      "ID":154584934,
      "Position":{
        "x":3.375,
        "y":-11.125
      },
      "BitCount":1,
      "Colour":0,
      "ValueDisplayMode":0
    },
    {
      "Name":"COLOUR",
      "ID":370026855,
      "Position":{
        "x":3.375,
        "y":-11.625
      },
      "BitCount":1,
      "Colour":0,
      "ValueDisplayMode":0
    },
    {
      "Name":"RIPPLE BLANKING",
      "ID":1917446761,
      "Position":{
        "x":3.375,
        "y":-12.125
      },
      "BitCount":1,
      "Colour":0,
      "ValueDisplayMode":0
    }
  ],
  "Name": "ROM READ",
  "NameLocation": 1,
  "OutputPins":[
    {
      "Name":"OUT B",
      "ID":758751332,
      "Position":{
        "x":16.25,
        "y":-10.0
      },
      "BitCount":8,
      "Colour":0,
      "ValueDisplayMode":0
    },
    {
      "Name":"OUT A",
      "ID":915431384,
      "Position":{
        "x":16.25,
        "y":-10.875
      },
      "BitCount":8,
      "Colour":0,
      "ValueDisplayMode":0
    }
  ],
  "Size": {
    "x": 6.45,
    "y": 4.0
  },
  "SubChips":[
    {
      "Name":"8BIT AND",
      "ID":106641691,
      "Label":"",
      "Position":{
        "x":8.7725,
        "y":-10.0
      },
      "OutputPinColourInfo":[{"PinColour":0,"PinID":784645988}],
      "InternalData":null
    },
    {
      "Name":"8BIT AND",
      "ID":416148052,
      "Label":"",
      "Position":{
        "x":8.7725,
        "y":-10.875
      },
      "OutputPinColourInfo":[{"PinColour":0,"PinID":784645988}],
      "InternalData":null
    },
    {
      "Name":"ROM 256×16",
      "ID":224943694,
      "Label":"",
      "Position":{
        "x":6.51,
        "y":-10.125
      },
      "OutputPinColourInfo":[{"PinColour":0,"PinID":1},{"PinColour":0,"PinID":2}],
      "InternalData":[0,0,0,0,0,0,0,0,0,0,0,0,0,0,0,0,0,0,0,0,0,0,0,0,0,0,0,0,0,0,0,0,0,0,0,0,0,0,0,0,0,0,0,0,0,0,0,0,0,0,0,0,0,0,0,0,0,0,0,0,0,0,0,0,0,0,0,0,0,0,0,0,0,0,0,0,0,0,0,0,0,0,0,0,0,0,0,0,0,0,0,0,0,0,0,0,0,0,0,0,0,0,0,0,0,0,0,0,0,0,0,0,0,0,0,0,0,0,0,0,0,0,0,0,0,0,0,0,0,0,0,0,0,0,0,0,0,0,0,0,0,0,0,0,0,0,0,0,0,0,0,0,0,0,0,0,0,0,0,0,0,0,0,0,0,0,0,0,0,0,0,0,0,0,0,0,0,0,0,0,0,0,0,0,0,0,0,0,0,0,0,0,0,0,0,0,0,0,0,0,0,0,0,0,0,0,0,0,0,0,0,0,0,0,0,0,0,0,0,0,0,0,0,0,0,0,0,0,0,0,0,0,0,0,0,0,0,0,0,0,0,0,0,0,0,0,0,0,0,0,0,0,0,0,0,0]
    },
    {
      "Name":"8 BIT DISPLAY",
      "ID":1659300453,
      "Label":"ADR",
      "Position":{
        "x":7.86,
        "y":-13.5625
      },
      "OutputPinColourInfo":[],
      "InternalData":null
    },
    {
      "Name":"8 BIT DISPLAY",
      "ID":1011178412,
      "Label":"ROM OUT A",
      "Position":{
        "x":11.985,
        "y":-13.5625
      },
      "OutputPinColourInfo":[],
      "InternalData":null
    },
    {
      "Name":"8 BIT DISPLAY",
      "ID":1714569870,
      "Label":"ROM OUT B",
      "Position":{
        "x":16.11,
        "y":-13.5625
      },
      "OutputPinColourInfo":[],
      "InternalData":null
    }
  ],
  "Wires":[
    {
      "SourcePinAddress":{
        "PinID":1,
        "PinOwnerID":224943694
      },
      "TargetPinAddress":{
        "PinID":617130315,
        "PinOwnerID":106641691
      },
      "ConnectionType":0,
      "ConnectedWireIndex":-1,
      "ConnectedWireSegmentIndex":-1,
      "Points":[{"x":0.0,"y":0.0},{"x":0.0,"y":0.0}]
    },
    {
      "SourcePinAddress":{
        "PinID":2,
        "PinOwnerID":224943694
      },
      "TargetPinAddress":{
        "PinID":617130315,
        "PinOwnerID":416148052
      },
      "ConnectionType":0,
      "ConnectedWireIndex":-1,
      "ConnectedWireSegmentIndex":-1,
      "Points":[{"x":0.0,"y":0.0},{"x":7.625,"y":-10.375},{"x":7.625,"y":-10.75},{"x":0.0,"y":0.0}]
    },
    {
      "SourcePinAddress":{
        "PinID":0,
        "PinOwnerID":154584934
      },
      "TargetPinAddress":{
        "PinID":1720693614,
        "PinOwnerID":416148052
      },
      "ConnectionType":0,
      "ConnectedWireIndex":-1,
      "ConnectedWireSegmentIndex":-1,
      "Points":[{"x":0.0,"y":0.0},{"x":0.0,"y":0.0}]
    },
    {
      "SourcePinAddress":{
        "PinID":0,
        "PinOwnerID":151461997
      },
      "TargetPinAddress":{
        "PinID":0,
        "PinOwnerID":224943694
      },
      "ConnectionType":0,
      "ConnectedWireIndex":-1,
      "ConnectedWireSegmentIndex":-1,
      "Points":[{"x":0.0,"y":0.0},{"x":0.0,"y":0.0}]
    },
    {
      "SourcePinAddress":{
        "PinID":0,
        "PinOwnerID":154584934
      },
      "TargetPinAddress":{
        "PinID":1720693614,
        "PinOwnerID":106641691
      },
      "ConnectionType":1,
      "ConnectedWireIndex":2,
      "ConnectedWireSegmentIndex":0,
      "Points":[{"x":8.0,"y":-11.125},{"x":8.0,"y":-10.25},{"x":0.0,"y":0.0}]
    },
    {
      "SourcePinAddress":{
        "PinID":784645988,
        "PinOwnerID":416148052
      },
      "TargetPinAddress":{
        "PinID":0,
        "PinOwnerID":915431384
      },
      "ConnectionType":0,
      "ConnectedWireIndex":-1,
      "ConnectedWireSegmentIndex":-1,
      "Points":[{"x":0.0,"y":0.0},{"x":0.0,"y":0.0}]
    },
    {
      "SourcePinAddress":{
        "PinID":784645988,
        "PinOwnerID":106641691
      },
      "TargetPinAddress":{
        "PinID":0,
        "PinOwnerID":758751332
      },
      "ConnectionType":0,
      "ConnectedWireIndex":-1,
      "ConnectedWireSegmentIndex":-1,
      "Points":[{"x":0.0,"y":0.0},{"x":0.0,"y":0.0}]
    },
    {
      "SourcePinAddress":{
        "PinID":0,
        "PinOwnerID":151461997
      },
      "TargetPinAddress":{
        "PinID":1627932109,
        "PinOwnerID":1659300453
      },
      "ConnectionType":1,
      "ConnectedWireIndex":3,
      "ConnectedWireSegmentIndex":0,
      "Points":[{"x":5.125,"y":-10.125},{"x":5.125,"y":-12.75},{"x":0.0,"y":0.0}]
    },
    {
      "SourcePinAddress":{
        "PinID":784645988,
        "PinOwnerID":106641691
      },
      "TargetPinAddress":{
        "PinID":1627932109,
        "PinOwnerID":1011178412
      },
      "ConnectionType":1,
      "ConnectedWireIndex":6,
      "ConnectedWireSegmentIndex":0,
      "Points":[{"x":9.75,"y":-10.0},{"x":9.75,"y":-12.75},{"x":0.0,"y":0.0}]
    },
    {
      "SourcePinAddress":{
        "PinID":784645988,
        "PinOwnerID":416148052
      },
      "TargetPinAddress":{
        "PinID":1627932109,
        "PinOwnerID":1714569870
      },
      "ConnectionType":1,
      "ConnectedWireIndex":5,
      "ConnectedWireSegmentIndex":0,
      "Points":[{"x":13.875,"y":-10.875},{"x":13.875,"y":-12.75},{"x":0.0,"y":0.0}]
    },
    {
      "SourcePinAddress":{
        "PinID":0,
        "PinOwnerID":370026855
      },
      "TargetPinAddress":{
        "PinID":1123299361,
        "PinOwnerID":1714569870
      },
      "ConnectionType":0,
      "ConnectedWireIndex":-1,
      "ConnectedWireSegmentIndex":-1,
      "Points":[{"x":0.0,"y":0.0},{"x":14.25,"y":-11.625},{"x":14.25,"y":-13.6875},{"x":0.0,"y":0.0}]
    },
    {
      "SourcePinAddress":{
        "PinID":0,
        "PinOwnerID":370026855
      },
      "TargetPinAddress":{
        "PinID":1123299361,
        "PinOwnerID":1011178412
      },
      "ConnectionType":1,
      "ConnectedWireIndex":10,
      "ConnectedWireSegmentIndex":0,
      "Points":[{"x":10.125,"y":-11.625},{"x":10.125,"y":-13.6875},{"x":0.0,"y":0.0}]
    },
    {
      "SourcePinAddress":{
        "PinID":0,
        "PinOwnerID":370026855
      },
      "TargetPinAddress":{
        "PinID":1123299361,
        "PinOwnerID":1659300453
      },
      "ConnectionType":1,
      "ConnectedWireIndex":10,
      "ConnectedWireSegmentIndex":0,
      "Points":[{"x":6.0,"y":-11.625},{"x":6.0,"y":-13.6875},{"x":0.0,"y":0.0}]
    },
    {
      "SourcePinAddress":{
        "PinID":0,
        "PinOwnerID":1917446761
      },
      "TargetPinAddress":{
        "PinID":431845252,
        "PinOwnerID":1714569870
      },
      "ConnectionType":0,
      "ConnectedWireIndex":-1,
      "ConnectedWireSegmentIndex":-1,
      "Points":[{"x":0.0,"y":0.0},{"x":14.125,"y":-12.125},{"x":14.125,"y":-14.5},{"x":0.0,"y":0.0}]
    },
    {
      "SourcePinAddress":{
        "PinID":0,
        "PinOwnerID":1917446761
      },
      "TargetPinAddress":{
        "PinID":431845252,
        "PinOwnerID":1011178412
      },
      "ConnectionType":1,
      "ConnectedWireIndex":13,
      "ConnectedWireSegmentIndex":0,
      "Points":[{"x":10.0,"y":-12.125},{"x":10.0,"y":-14.5},{"x":0.0,"y":0.0}]
    },
    {
      "SourcePinAddress":{
        "PinID":0,
        "PinOwnerID":1917446761
      },
      "TargetPinAddress":{
        "PinID":431845252,
        "PinOwnerID":1659300453
      },
      "ConnectionType":1,
      "ConnectedWireIndex":13,
      "ConnectedWireSegmentIndex":0,
      "Points":[{"x":5.875,"y":-12.125},{"x":5.875,"y":-14.5},{"x":0.0,"y":0.0}]
    }
  ]
}