{
  "ChipType": 0,
  "Colour": {
    "r": 0.544948161,
    "g": 0.846009851,
    "b": 0.490600139,
    "a": 1
  },
  "Displays": null,
  "InputPins":[
    {
      "Name":"SET",
      "ID":1268972727,
      "Position":{
        "x":-9.75,
        "y":4.0
      },
      "BitCount":1,
      "Colour":0,
      "ValueDisplayMode":0
    },
    {
      "Name":"RESET",
      "ID":354627677,
      "Position":{
        "x":-9.875,
        "y":2.25
      },
      "BitCount":1,
      "Colour":0,
      "ValueDisplayMode":0
    }
  ],
  "Name": "SR LATCH",
  "NameLocation": 0,
  "OutputPins":[
    {
      "Name":"OUT",
      "ID":1303636576,
      "Position":{
        "x":-2.125,
        "y":3.125
      },
      "BitCount":1,
      "Colour":0,
      "ValueDisplayMode":0
    }
  ],
  "Size": {
    "x": 1.025,
    "y": 0.5
  },
  "SubChips":[
    {
      "Name":"OR",
      "ID":1078250315,
      "Label":"",
      "Position":{
        "x":-5.7775,
        "y":4.125
      },
      "OutputPinColourInfo":[{"PinColour":0,"PinID":716179921}],
      "InternalData":null
    },
    {
      "Name":"NOT",
      "ID":1143321639,
      "Label":"",
      "Position":{
        "x":-5.78501,
        "y":2.2497
      },
      "OutputPinColourInfo":[{"PinColour":0,"PinID":1732242051}],
      "InternalData":null
    },
    {
      "Name":"AND",
      "ID":1568984111,
      "Label":"",
      "Position":{
        "x":-4.0775,
        "y":3.125
      },
      "OutputPinColourInfo":[{"PinColour":0,"PinID":2083071430}],
      "InternalData":null
    }
  ],
  "Wires":[
    {
      "SourcePinAddress":{
        "PinID":0,
        "PinOwnerID":1268972727
      },
      "TargetPinAddress":{
        "PinID":916803389,
        "PinOwnerID":1078250315
      },
      "ConnectionType":0,
      "ConnectedWireIndex":-1,
      "ConnectedWireSegmentIndex":-1,
      "Points":[{"x":0.0,"y":0.0},{"x":0.0,"y":0.0}]
    },
    {
      "SourcePinAddress":{
        "PinID":0,
        "PinOwnerID":354627677
      },
      "TargetPinAddress":{
        "PinID":1772587332,
        "PinOwnerID":1143321639
      },
      "ConnectionType":0,
      "ConnectedWireIndex":-1,
      "ConnectedWireSegmentIndex":-1,
      "Points":[{"x":0.0,"y":0.0},{"x":0.0,"y":0.0}]
    },
    {
      "SourcePinAddress":{
        "PinID":2083071430,
        "PinOwnerID":1568984111
      },
      "TargetPinAddress":{
        "PinID":0,
        "PinOwnerID":1303636576
      },
      "ConnectionType":0,
      "ConnectedWireIndex":-1,
      "ConnectedWireSegmentIndex":-1,
      "Points":[{"x":0.0,"y":0.0},{"x":0.0,"y":0.0}]
    },
    {
      "SourcePinAddress":{
        "PinID":1732242051,
        "PinOwnerID":1143321639
      },
      "TargetPinAddress":{
        "PinID":543772438,
        "PinOwnerID":1568984111
      },
      "ConnectionType":0,
      "ConnectedWireIndex":-1,
      "ConnectedWireSegmentIndex":-1,
      "Points":[{"x":0.0,"y":0.0},{"x":-5.0,"y":2.2497},{"x":-5.0,"y":3.0},{"x":0.0,"y":0.0}]
    },
    {
      "SourcePinAddress":{
        "PinID":716179921,
        "PinOwnerID":1078250315
      },
      "TargetPinAddress":{
        "PinID":897348161,
        "PinOwnerID":1568984111
      },
      "ConnectionType":0,
      "ConnectedWireIndex":-1,
      "ConnectedWireSegmentIndex":-1,
      "Points":[{"x":0.0,"y":0.0},{"x":-5.0,"y":4.125},{"x":-5.0,"y":3.25},{"x":0.0,"y":0.0}]
    },
    {
      "SourcePinAddress":{
        "PinID":2083071430,
        "PinOwnerID":1568984111
      },
      "TargetPinAddress":{
        "PinID":1552709902,
        "PinOwnerID":1078250315
      },
      "ConnectionType":1,
      "ConnectedWireIndex":2,
      "ConnectedWireSegmentIndex":0,
      "Points":[{"x":-3.50023,"y":3.125},{"x":-3.50023,"y":4.5},{"x":-6.25,"y":4.5},{"x":-6.25,"y":4.25},{"x":0.0,"y":0.0}]
    }
  ]
}