{
  "ChipType": 0,
  "Colour": {
    "r": 0.408254325,
    "g": 0.304569751,
    "b": 0.9894705,
    "a": 1
  },
  "Displays": null,
  "InputPins":[
    {
      "Name":"IN",
      "ID":1289003025,
      "Position":{
        "x":-8.75,
        "y":-3.6875
      },
      "BitCount":1,
      "Colour":0,
      "ValueDisplayMode":0
    }
  ],
  "Name": "T FLIP FLOP",
  "NameLocation": 0,
  "OutputPins":[
    {
      "Name":"OUT",
      "ID":1514191633,
      "Position":{
        "x":1.125,
        "y":-4.0625
      },
      "BitCount":1,
      "Colour":0,
      "ValueDisplayMode":0
    }
  ],
  "Size": {
    "x": 1.1,
    "y": 0.5
  },
  "SubChips":[
    {
      "Name":"SR LATCH",
      "ID":620042303,
      "Label":"",
      "Position":{
        "x":-1.7275,
        "y":-4.0625
      },
      "OutputPinColourInfo":[{"PinColour":0,"PinID":1303636576}],
      "InternalData":null
    },
    {
      "Name":"PULSE",
      "ID":1570279129,
      "Label":"",
      "Position":{
        "x":-5.5525,
        "y":-3.6875
      },
      "OutputPinColourInfo":[{"PinColour":0,"PinID":1024385873}],
      "InternalData":null
    },
    {
      "Name":"AND",
      "ID":502945201,
      "Label":"",
      "Position":{
        "x":-2.9525,
        "y":-3.75
      },
      "OutputPinColourInfo":[{"PinColour":0,"PinID":2083071430}],
      "InternalData":null
    },
    {
      "Name":"AND",
      "ID":1609760899,
      "Label":"",
      "Position":{
        "x":-2.9525,
        "y":-4.375
      },
      "OutputPinColourInfo":[{"PinColour":0,"PinID":2083071430}],
      "InternalData":null
    },
    {
      "Name":"NOT",
      "ID":1502275788,
      "Label":"",
      "Position":{
        "x":-0.4525,
        "y":-3.75
      },
      "OutputPinColourInfo":[{"PinColour":0,"PinID":1732242051}],
      "InternalData":null
    },
    {
      "Name":"OR",
      "ID":1259128496,
      "Label":"",
      "Position":{
        "x":-3.9025,
        "y":-4.0625
      },
      "OutputPinColourInfo":[{"PinColour":0,"PinID":716179921}],
      "InternalData":null
    },
    {
      "Name":"BUFFER",
      "ID":75826129,
      "Label":"",
      "Position":{
        "x":-5.4775,
        "y":-4.5625
      },
      "OutputPinColourInfo":[{"PinColour":0,"PinID":830893206}],
      "InternalData":null
    }
  ],
  "Wires":[
    {
      "SourcePinAddress":{
        "PinID":2083071430,
        "PinOwnerID":1609760899
      },
      "TargetPinAddress":{
        "PinID":354627677,
        "PinOwnerID":620042303
      },
      "ConnectionType":0,
      "ConnectedWireIndex":-1,
      "ConnectedWireSegmentIndex":-1,
      "Points":[{"x":0.0,"y":0.0},{"x":-2.4375,"y":-4.375},{"x":-2.4375,"y":-4.1875},{"x":0.0,"y":0.0}]
    },
    {
      "SourcePinAddress":{
        "PinID":2083071430,
        "PinOwnerID":502945201
      },
      "TargetPinAddress":{
        "PinID":1268972727,
        "PinOwnerID":620042303
      },
      "ConnectionType":0,
      "ConnectedWireIndex":-1,
      "ConnectedWireSegmentIndex":-1,
      "Points":[{"x":0.0,"y":0.0},{"x":-2.4375,"y":-3.75},{"x":-2.4375,"y":-3.9375},{"x":0.0,"y":0.0}]
    },
    {
      "SourcePinAddress":{
        "PinID":1303636576,
        "PinOwnerID":620042303
      },
      "TargetPinAddress":{
        "PinID":543772438,
        "PinOwnerID":1609760899
      },
      "ConnectionType":0,
      "ConnectedWireIndex":-1,
      "ConnectedWireSegmentIndex":-1,
      "Points":[{"x":0.0,"y":0.0},{"x":-1.0,"y":-4.0625},{"x":-1.0,"y":-4.75},{"x":-3.5,"y":-4.75},{"x":-3.5,"y":-4.5},{"x":0.0,"y":0.0}]
    },
    {
      "SourcePinAddress":{
        "PinID":0,
        "PinOwnerID":1289003025
      },
      "TargetPinAddress":{
        "PinID":618307387,
        "PinOwnerID":1570279129
      },
      "ConnectionType":0,
      "ConnectedWireIndex":-1,
      "ConnectedWireSegmentIndex":-1,
      "Points":[{"x":0.0,"y":0.0},{"x":0.0,"y":0.0}]
    },
    {
      "SourcePinAddress":{
        "PinID":1303636576,
        "PinOwnerID":620042303
      },
      "TargetPinAddress":{
        "PinID":1772587332,
        "PinOwnerID":1502275788
      },
      "ConnectionType":1,
      "ConnectedWireIndex":2,
      "ConnectedWireSegmentIndex":0,
      "Points":[{"x":-1.0,"y":-4.0625},{"x":-1.0,"y":-3.75},{"x":0.0,"y":0.0}]
    },
    {
      "SourcePinAddress":{
        "PinID":1732242051,
        "PinOwnerID":1502275788
      },
      "TargetPinAddress":{
        "PinID":897348161,
        "PinOwnerID":502945201
      },
      "ConnectionType":0,
      "ConnectedWireIndex":-1,
      "ConnectedWireSegmentIndex":-1,
      "Points":[{"x":0.0,"y":0.0},{"x":0.125,"y":-3.75},{"x":0.125,"y":-3.375},{"x":-3.5,"y":-3.375},{"x":-3.5,"y":-3.625},{"x":0.0,"y":0.0}]
    },
    {
      "SourcePinAddress":{
        "PinID":1303636576,
        "PinOwnerID":620042303
      },
      "TargetPinAddress":{
        "PinID":0,
        "PinOwnerID":1514191633
      },
      "ConnectionType":1,
      "ConnectedWireIndex":2,
      "ConnectedWireSegmentIndex":0,
      "Points":[{"x":-1.0,"y":-4.0625},{"x":0.0,"y":0.0}]
    },
    {
      "SourcePinAddress":{
        "PinID":716179921,
        "PinOwnerID":1259128496
      },
      "TargetPinAddress":{
        "PinID":543772438,
        "PinOwnerID":502945201
      },
      "ConnectionType":0,
      "ConnectedWireIndex":-1,
      "ConnectedWireSegmentIndex":-1,
      "Points":[{"x":0.0,"y":0.0},{"x":-3.5,"y":-4.0625},{"x":-3.5,"y":-3.875},{"x":0.0,"y":0.0}]
    },
    {
      "SourcePinAddress":{
        "PinID":716179921,
        "PinOwnerID":1259128496
      },
      "TargetPinAddress":{
        "PinID":897348161,
        "PinOwnerID":1609760899
      },
      "ConnectionType":1,
      "ConnectedWireIndex":7,
      "ConnectedWireSegmentIndex":0,
      "Points":[{"x":-3.5,"y":-4.0625},{"x":-3.5,"y":-4.25},{"x":0.0,"y":0.0}]
    },
    {
      "SourcePinAddress":{
        "PinID":830893206,
        "PinOwnerID":75826129
      },
      "TargetPinAddress":{
        "PinID":916803389,
        "PinOwnerID":1259128496
      },
      "ConnectionType":0,
      "ConnectedWireIndex":-1,
      "ConnectedWireSegmentIndex":-1,
      "Points":[{"x":0.0,"y":0.0},{"x":-4.375,"y":-4.5625},{"x":-4.375,"y":-4.1875},{"x":0.0,"y":0.0}]
    },
    {
      "SourcePinAddress":{
        "PinID":1024385873,
        "PinOwnerID":1570279129
      },
      "TargetPinAddress":{
        "PinID":1552709902,
        "PinOwnerID":1259128496
      },
      "ConnectionType":0,
      "ConnectedWireIndex":-1,
      "ConnectedWireSegmentIndex":-1,
      "Points":[{"x":0.0,"y":0.0},{"x":-4.375,"y":-3.6875},{"x":-4.375,"y":-3.9375},{"x":0.0,"y":0.0}]
    },
    {
      "SourcePinAddress":{
        "PinID":1024385873,
        "PinOwnerID":1570279129
      },
      "TargetPinAddress":{
        "PinID":1313893102,
        "PinOwnerID":75826129
      },
      "ConnectionType":1,
      "ConnectedWireIndex":10,
      "ConnectedWireSegmentIndex":1,
      "Points":[{"x":-4.375,"y":-3.9375},{"x":-6.25,"y":-3.9375},{"x":-6.25,"y":-4.5625},{"x":0.0,"y":0.0}]
    }
  ]
}