{
  "Name": "TOGGLE FLIP FLOP",
  "NameLocation": 0,
  "ChipType": 0,
  "Size": {
    "x": 1.55,
    "y": 0.5
  },
  "Colour": {
    "r": 0.5742522,
    "g": 0.538440943,
    "b": 0.0169279855,
    "a": 1
  },
  "InputPins":[
    {
      "Name":"IN",
      "ID":1304208615,
      "Position":{
        "x":4.75,
        "y":-4.0625
      },
      "BitCount":1,
      "Colour":0,
      "ValueDisplayMode":0
    },
    {
      "Name":"ZERO",
      "ID":1475682328,
      "Position":{
        "x":4.75,
        "y":-4.8125
      },
      "BitCount":1,
      "Colour":0,
      "ValueDisplayMode":0
    }
  ],
  "OutputPins":[
    {
      "Name":"OUT",
      "ID":1884729883,
      "Position":{
        "x":13.25,
        "y":-4.1875
      },
      "BitCount":1,
      "Colour":0,
      "ValueDisplayMode":0
    }
  ],
  "SubChips":[
    {
      "Name":"NOR",
      "ID":1508651255,
      "Label":"",
      "Position":{
        "x":11.2975,
        "y":-4.1875
      },
      "OutputPinColourInfo":[{"PinColour":0,"PinID":1052563618}],
      "InternalData":null
    },
    {
      "Name":"NOR",
      "ID":509129344,
      "Label":"",
      "Position":{
        "x":11.2975,
        "y":-5.4375
      },
      "OutputPinColourInfo":[{"PinColour":0,"PinID":1052563618}],
      "InternalData":null
    },
    {
      "Name":"AND",
      "ID":503324839,
      "Label":"",
      "Position":{
        "x":10.1725,
        "y":-4.3125
      },
      "OutputPinColourInfo":[{"PinColour":0,"PinID":2083071430}],
      "InternalData":null
    },
    {
      "Name":"AND",
      "ID":866919069,
      "Label":"",
      "Position":{
        "x":10.1725,
        "y":-5.3125
      },
      "OutputPinColourInfo":[{"PinColour":0,"PinID":2083071430}],
      "InternalData":null
    },
    {
      "Name":"PULSE",
      "ID":71282491,
      "Label":"",
      "Position":{
        "x":8.8225,
        "y":-4.1875
      },
      "OutputPinColourInfo":[{"PinColour":0,"PinID":1024385873}],
      "InternalData":null
    },
    {
      "Name":"OR",
      "ID":1218117641,
      "Label":"",
      "Position":{
        "x":7.7225,
        "y":-4.1875
      },
      "OutputPinColourInfo":[{"PinColour":0,"PinID":716179921}],
      "InternalData":null
    },
    {
      "Name":"AND",
      "ID":13332406,
      "Label":"",
      "Position":{
        "x":6.7975,
        "y":-4.6875
      },
      "OutputPinColourInfo":[{"PinColour":0,"PinID":2083071430}],
      "InternalData":null
    }
  ],
  "Wires":[
    {
      "SourcePinAddress":{
        "PinID":1052563618,
        "PinOwnerID":509129344
      },
      "TargetPinAddress":{
        "PinID":897348161,
        "PinOwnerID":866919069
      },
      "ConnectionType":0,
      "ConnectedWireIndex":-1,
      "ConnectedWireSegmentIndex":-1,
      "Points":[{"x":0.0,"y":0.0},{"x":11.75,"y":-5.4375},{"x":11.75,"y":-4.9375},{"x":9.625,"y":-4.9375},{"x":9.625,"y":-5.1875},{"x":0.0,"y":0.0}]
    },
    {
      "SourcePinAddress":{
        "PinID":1052563618,
        "PinOwnerID":509129344
      },
      "TargetPinAddress":{
        "PinID":255988826,
        "PinOwnerID":1508651255
      },
      "ConnectionType":1,
      "ConnectedWireIndex":0,
      "ConnectedWireSegmentIndex":2,
      "Points":[{"x":10.625,"y":-4.9375},{"x":10.625,"y":-4.0625},{"x":0.0,"y":0.0}]
    },
    {
      "SourcePinAddress":{
        "PinID":1052563618,
        "PinOwnerID":1508651255
      },
      "TargetPinAddress":{
        "PinID":543772438,
        "PinOwnerID":503324839
      },
      "ConnectionType":0,
      "ConnectedWireIndex":-1,
      "ConnectedWireSegmentIndex":-1,
      "Points":[{"x":0.0,"y":0.0},{"x":11.75,"y":-4.1875},{"x":11.75,"y":-4.6875},{"x":9.625,"y":-4.6875},{"x":9.625,"y":-4.4375},{"x":0.0,"y":0.0}]
    },
    {
      "SourcePinAddress":{
        "PinID":1052563618,
        "PinOwnerID":1508651255
      },
      "TargetPinAddress":{
        "PinID":590874012,
        "PinOwnerID":509129344
      },
      "ConnectionType":1,
      "ConnectedWireIndex":2,
      "ConnectedWireSegmentIndex":2,
      "Points":[{"x":10.75,"y":-4.6875},{"x":10.75,"y":-5.5625},{"x":0.0,"y":0.0}]
    },
    {
      "SourcePinAddress":{
        "PinID":2083071430,
        "PinOwnerID":866919069
      },
      "TargetPinAddress":{
        "PinID":255988826,
        "PinOwnerID":509129344
      },
      "ConnectionType":0,
      "ConnectedWireIndex":-1,
      "ConnectedWireSegmentIndex":-1,
      "Points":[{"x":0.0,"y":0.0},{"x":0.0,"y":0.0}]
    },
    {
      "SourcePinAddress":{
        "PinID":2083071430,
        "PinOwnerID":503324839
      },
      "TargetPinAddress":{
        "PinID":590874012,
        "PinOwnerID":1508651255
      },
      "ConnectionType":0,
      "ConnectedWireIndex":-1,
      "ConnectedWireSegmentIndex":-1,
      "Points":[{"x":0.0,"y":0.0},{"x":0.0,"y":0.0}]
    },
    {
      "SourcePinAddress":{
        "PinID":1024385873,
        "PinOwnerID":71282491
      },
      "TargetPinAddress":{
        "PinID":897348161,
        "PinOwnerID":503324839
      },
      "ConnectionType":0,
      "ConnectedWireIndex":-1,
      "ConnectedWireSegmentIndex":-1,
      "Points":[{"x":0.0,"y":0.0},{"x":0.0,"y":0.0}]
    },
    {
      "SourcePinAddress":{
        "PinID":1024385873,
        "PinOwnerID":71282491
      },
      "TargetPinAddress":{
        "PinID":543772438,
        "PinOwnerID":866919069
      },
      "ConnectionType":1,
      "ConnectedWireIndex":6,
      "ConnectedWireSegmentIndex":0,
      "Points":[{"x":9.5,"y":-4.1875},{"x":9.5,"y":-5.4375},{"x":0.0,"y":0.0}]
    },
    {
      "SourcePinAddress":{
        "PinID":1052563618,
        "PinOwnerID":1508651255
      },
      "TargetPinAddress":{
        "PinID":0,
        "PinOwnerID":1884729883
      },
      "ConnectionType":1,
      "ConnectedWireIndex":2,
      "ConnectedWireSegmentIndex":0,
      "Points":[{"x":11.75,"y":-4.1875},{"x":0.0,"y":0.0}]
    },
    {
      "SourcePinAddress":{
        "PinID":716179921,
        "PinOwnerID":1218117641
      },
      "TargetPinAddress":{
        "PinID":618307387,
        "PinOwnerID":71282491
      },
      "ConnectionType":0,
      "ConnectedWireIndex":-1,
      "ConnectedWireSegmentIndex":-1,
      "Points":[{"x":0.0,"y":0.0},{"x":0.0,"y":0.0}]
    },
    {
      "SourcePinAddress":{
        "PinID":0,
        "PinOwnerID":1304208615
      },
      "TargetPinAddress":{
        "PinID":1552709902,
        "PinOwnerID":1218117641
      },
      "ConnectionType":0,
      "ConnectedWireIndex":-1,
      "ConnectedWireSegmentIndex":-1,
      "Points":[{"x":0.0,"y":0.0},{"x":0.0,"y":0.0}]
    },
    {
      "SourcePinAddress":{
        "PinID":2083071430,
        "PinOwnerID":13332406
      },
      "TargetPinAddress":{
        "PinID":916803389,
        "PinOwnerID":1218117641
      },
      "ConnectionType":0,
      "ConnectedWireIndex":-1,
      "ConnectedWireSegmentIndex":-1,
      "Points":[{"x":0.0,"y":0.0},{"x":7.3125,"y":-4.6875},{"x":7.3125,"y":-4.3125},{"x":0.0,"y":0.0}]
    },
    {
      "SourcePinAddress":{
        "PinID":0,
        "PinOwnerID":1475682328
      },
      "TargetPinAddress":{
        "PinID":543772438,
        "PinOwnerID":13332406
      },
      "ConnectionType":0,
      "ConnectedWireIndex":-1,
      "ConnectedWireSegmentIndex":-1,
      "Points":[{"x":0.0,"y":0.0},{"x":0.0,"y":0.0}]
    },
    {
      "SourcePinAddress":{
        "PinID":1052563618,
        "PinOwnerID":1508651255
      },
      "TargetPinAddress":{
        "PinID":897348161,
        "PinOwnerID":13332406
      },
      "ConnectionType":1,
      "ConnectedWireIndex":2,
      "ConnectedWireSegmentIndex":2,
      "Points":[{"x":9.625,"y":-4.6875},{"x":7.6875,"y":-4.6875},{"x":7.6875,"y":-5.0625},{"x":6.1875,"y":-5.0625},{"x":6.1875,"y":-4.5625},{"x":0.0,"y":0.0}]
    }
  ],
  "Displays": null
}