{
  "ChipType": 0,
  "Colour": {
    "r": 0.480825,
    "g": 0.3708482,
    "b": 0.3543567,
    "a": 1
  },
  "Displays": null,
  "InputPins":[
    {
      "Name":"IN",
      "ID":495429701,
      "Position":{
        "x":-5.89815,
        "y":0.18519
      },
      "BitCount":1,
      "Colour":0,
      "ValueDisplayMode":0
    },
    {
      "Name":"IN",
      "ID":724379196,
      "Position":{
        "x":-5.89815,
        "y":-0.32981
      },
      "BitCount":1,
      "Colour":0,
      "ValueDisplayMode":0
    }
  ],
  "Name": "XNOR",
  "NameLocation": 0,
  "OutputPins":[
    {
      "Name":"OUT",
      "ID":1787120482,
      "Position":{
        "x":2.63889,
        "y":0.25
      },
      "BitCount":1,
      "Colour":0,
      "ValueDisplayMode":0
    }
  ],
  "Size": {
    "x": 0.725,
    "y": 0.5
  },
  "SubChips":[
    {
      "Name":"NAND",
      "ID":1093117490,
      "Label":"",
      "Position":{
        "x":-3.26852,
        "y":0.67593
      },
      "OutputPinColourInfo":[{"PinColour":0,"PinID":2}],
      "InternalData":null
    },
    {
      "Name":"NAND",
      "ID":2048533423,
      "Label":"",
      "Position":{
        "x":-3.26852,
        "y":0.04593
      },
      "OutputPinColourInfo":[{"PinColour":0,"PinID":2}],
      "InternalData":null
    },
    {
      "Name":"NAND",
      "ID":1629275034,
      "Label":"",
      "Position":{
        "x":-3.26852,
        "y":-0.58407
      },
      "OutputPinColourInfo":[{"PinColour":0,"PinID":2}],
      "InternalData":null
    },
    {
      "Name":"NAND",
      "ID":1240502844,
      "Label":"",
      "Position":{
        "x":0.44445,
        "y":0.40741
      },
      "OutputPinColourInfo":[{"PinColour":0,"PinID":2}],
      "InternalData":null
    },
    {
      "Name":"NAND",
      "ID":384494419,
      "Label":"",
      "Position":{
        "x":-0.94444,
        "y":-0.56519
      },
      "OutputPinColourInfo":[{"PinColour":0,"PinID":2}],
      "InternalData":null
    }
  ],
  "Wires":[
    {
      "SourcePinAddress":{
        "PinID":2,
        "PinOwnerID":1629275034
      },
      "TargetPinAddress":{
        "PinID":1,
        "PinOwnerID":384494419
      },
      "ConnectionType":0,
      "ConnectedWireIndex":-1,
      "ConnectedWireSegmentIndex":-1,
      "Points":[{"x":0.0,"y":0.0},{"x":0.0,"y":0.0}]
    },
    {
      "SourcePinAddress":{
        "PinID":2,
        "PinOwnerID":2048533423
      },
      "TargetPinAddress":{
        "PinID":0,
        "PinOwnerID":384494419
      },
      "ConnectionType":0,
      "ConnectedWireIndex":-1,
      "ConnectedWireSegmentIndex":-1,
      "Points":[{"x":0.0,"y":0.0},{"x":0.0,"y":0.0}]
    },
    {
      "SourcePinAddress":{
        "PinID":2,
        "PinOwnerID":384494419
      },
      "TargetPinAddress":{
        "PinID":1,
        "PinOwnerID":1240502844
      },
      "ConnectionType":0,
      "ConnectedWireIndex":-1,
      "ConnectedWireSegmentIndex":-1,
      "Points":[{"x":0.0,"y":0.0},{"x":0.0,"y":0.0}]
    },
    {
      "SourcePinAddress":{
        "PinID":2,
        "PinOwnerID":1093117490
      },
      "TargetPinAddress":{
        "PinID":0,
        "PinOwnerID":1240502844
      },
      "ConnectionType":0,
      "ConnectedWireIndex":-1,
      "ConnectedWireSegmentIndex":-1,
      "Points":[{"x":0.0,"y":0.0},{"x":0.0,"y":0.0}]
    },
    {
      "SourcePinAddress":{
        "PinID":2,
        "PinOwnerID":1240502844
      },
      "TargetPinAddress":{
        "PinID":0,
        "PinOwnerID":1787120482
      },
      "ConnectionType":0,
      "ConnectedWireIndex":-1,
      "ConnectedWireSegmentIndex":-1,
      "Points":[{"x":0.0,"y":0.0},{"x":0.0,"y":0.0}]
    },
    {
      "SourcePinAddress":{
        "PinID":0,
        "PinOwnerID":724379196
      },
      "TargetPinAddress":{
        "PinID":1,
        "PinOwnerID":1629275034
      },
      "ConnectionType":0,
      "ConnectedWireIndex":-1,
      "ConnectedWireSegmentIndex":-1,
      "Points":[{"x":0.0,"y":0.0},{"x":0.0,"y":0.0}]
    },
    {
      "SourcePinAddress":{
        "PinID":0,
        "PinOwnerID":724379196
      },
      "TargetPinAddress":{
        "PinID":0,
        "PinOwnerID":1629275034
      },
      "ConnectionType":0,
      "ConnectedWireIndex":-1,
      "ConnectedWireSegmentIndex":-1,
      "Points":[{"x":0.0,"y":0.0},{"x":0.0,"y":0.0}]
    },
    {
      "SourcePinAddress":{
        "PinID":0,
        "PinOwnerID":495429701
      },
      "TargetPinAddress":{
        "PinID":1,
        "PinOwnerID":2048533423
      },
      "ConnectionType":0,
      "ConnectedWireIndex":-1,
      "ConnectedWireSegmentIndex":-1,
      "Points":[{"x":0.0,"y":0.0},{"x":0.0,"y":0.0}]
    },
    {
      "SourcePinAddress":{
        "PinID":0,
        "PinOwnerID":495429701
      },
      "TargetPinAddress":{
        "PinID":0,
        "PinOwnerID":2048533423
      },
      "ConnectionType":0,
      "ConnectedWireIndex":-1,
      "ConnectedWireSegmentIndex":-1,
      "Points":[{"x":0.0,"y":0.0},{"x":0.0,"y":0.0}]
    },
    {
      "SourcePinAddress":{
        "PinID":0,
        "PinOwnerID":495429701
      },
      "TargetPinAddress":{
        "PinID":0,
        "PinOwnerID":1093117490
      },
      "ConnectionType":0,
      "ConnectedWireIndex":-1,
      "ConnectedWireSegmentIndex":-1,
      "Points":[{"x":0.0,"y":0.0},{"x":0.0,"y":0.0}]
    },
    {
      "SourcePinAddress":{
        "PinID":0,
        "PinOwnerID":724379196
      },
      "TargetPinAddress":{
        "PinID":1,
        "PinOwnerID":1093117490
      },
      "ConnectionType":0,
      "ConnectedWireIndex":-1,
      "ConnectedWireSegmentIndex":-1,
      "Points":[{"x":0.0,"y":0.0},{"x":0.0,"y":0.0}]
    }
  ]
}