{
  "ChipType": 0,
  "Colour": {
    "r": 0.433333576,
    "g": 0.759144664,
    "b": 0.288014472,
    "a": 1
  },
  "Displays": null,
  "InputPins":[
    {
      "Name":"IN",
      "ID":46046312,
      "Position":{
        "x":-5.49074,
        "y":0.37963
      },
      "BitCount":1,
      "Colour":0,
      "ValueDisplayMode":0
    },
    {
      "Name":"IN",
      "ID":401736906,
      "Position":{
        "x":-5.52778,
        "y":-0.85759
      },
      "BitCount":1,
      "Colour":0,
      "ValueDisplayMode":0
    }
  ],
  "Name": "XOR",
  "NameLocation": 0,
  "OutputPins":[
    {
      "Name":"OUT",
      "ID":979300091,
      "Position":{
        "x":2.84259,
        "y":-0.2963
      },
      "BitCount":1,
      "Colour":0,
      "ValueDisplayMode":0
    }
  ],
  "Size": {
    "x": 0.575,
    "y": 0.5
  },
  "SubChips":[
    {
      "Name":"NAND",
      "ID":828330706,
      "Label":"",
      "Position":{
        "x":-2.69444,
        "y":-0.22222
      },
      "OutputPinColourInfo":[{"PinColour":0,"PinID":2}],
      "InternalData":null
    },
    {
      "Name":"NAND",
      "ID":1277166554,
      "Label":"",
      "Position":{
        "x":-0.81481,
        "y":0.25
      },
      "OutputPinColourInfo":[{"PinColour":0,"PinID":2}],
      "InternalData":null
    },
    {
      "Name":"NAND",
      "ID":1236052257,
      "Label":"",
      "Position":{
        "x":-0.81481,
        "y":-0.75963
      },
      "OutputPinColourInfo":[{"PinColour":0,"PinID":2}],
      "InternalData":null
    },
    {
      "Name":"NAND",
      "ID":1447745167,
      "Label":"",
      "Position":{
        "x":0.82407,
        "y":-0.25
      },
      "OutputPinColourInfo":[{"PinColour":0,"PinID":2}],
      "InternalData":null
    }
  ],
  "Wires":[
    {
      "SourcePinAddress":{
        "PinID":2,
        "PinOwnerID":1236052257
      },
      "TargetPinAddress":{
        "PinID":1,
        "PinOwnerID":1447745167
      },
      "ConnectionType":0,
      "ConnectedWireIndex":-1,
      "ConnectedWireSegmentIndex":-1,
      "Points":[{"x":0.0,"y":0.0},{"x":0.0,"y":0.0}]
    },
    {
      "SourcePinAddress":{
        "PinID":2,
        "PinOwnerID":1277166554
      },
      "TargetPinAddress":{
        "PinID":0,
        "PinOwnerID":1447745167
      },
      "ConnectionType":0,
      "ConnectedWireIndex":-1,
      "ConnectedWireSegmentIndex":-1,
      "Points":[{"x":0.0,"y":0.0},{"x":0.0,"y":0.0}]
    },
    {
      "SourcePinAddress":{
        "PinID":2,
        "PinOwnerID":828330706
      },
      "TargetPinAddress":{
        "PinID":0,
        "PinOwnerID":1236052257
      },
      "ConnectionType":0,
      "ConnectedWireIndex":-1,
      "ConnectedWireSegmentIndex":-1,
      "Points":[{"x":0.0,"y":0.0},{"x":0.0,"y":0.0}]
    },
    {
      "SourcePinAddress":{
        "PinID":2,
        "PinOwnerID":828330706
      },
      "TargetPinAddress":{
        "PinID":1,
        "PinOwnerID":1277166554
      },
      "ConnectionType":0,
      "ConnectedWireIndex":-1,
      "ConnectedWireSegmentIndex":-1,
      "Points":[{"x":0.0,"y":0.0},{"x":0.0,"y":0.0}]
    },
    {
      "SourcePinAddress":{
        "PinID":0,
        "PinOwnerID":46046312
      },
      "TargetPinAddress":{
        "PinID":0,
        "PinOwnerID":1277166554
      },
      "ConnectionType":0,
      "ConnectedWireIndex":-1,
      "ConnectedWireSegmentIndex":-1,
      "Points":[{"x":0.0,"y":0.0},{"x":0.0,"y":0.0}]
    },
    {
      "SourcePinAddress":{
        "PinID":0,
        "PinOwnerID":46046312
      },
      "TargetPinAddress":{
        "PinID":0,
        "PinOwnerID":828330706
      },
      "ConnectionType":0,
      "ConnectedWireIndex":-1,
      "ConnectedWireSegmentIndex":-1,
      "Points":[{"x":0.0,"y":0.0},{"x":0.0,"y":0.0}]
    },
    {
      "SourcePinAddress":{
        "PinID":0,
        "PinOwnerID":401736906
      },
      "TargetPinAddress":{
        "PinID":1,
        "PinOwnerID":828330706
      },
      "ConnectionType":0,
      "ConnectedWireIndex":-1,
      "ConnectedWireSegmentIndex":-1,
      "Points":[{"x":0.0,"y":0.0},{"x":0.0,"y":0.0}]
    },
    {
      "SourcePinAddress":{
        "PinID":0,
        "PinOwnerID":401736906
      },
      "TargetPinAddress":{
        "PinID":1,
        "PinOwnerID":1236052257
      },
      "ConnectionType":0,
      "ConnectedWireIndex":-1,
      "ConnectedWireSegmentIndex":-1,
      "Points":[{"x":0.0,"y":0.0},{"x":0.0,"y":0.0}]
    },
    {
      "SourcePinAddress":{
        "PinID":2,
        "PinOwnerID":1447745167
      },
      "TargetPinAddress":{
        "PinID":0,
        "PinOwnerID":979300091
      },
      "ConnectionType":0,
      "ConnectedWireIndex":-1,
      "ConnectedWireSegmentIndex":-1,
      "Points":[{"x":0.0,"y":0.0},{"x":0.0,"y":0.0}]
    }
  ]
}